{
    "source": "fox",
    "main-entities": [
        "Romney campaign",
        "Obama campaign",
        "Paul Ryan"
    ],
    "main-event": "Obama and Romney campaigns argue on Medicare",
    "title": "Ryan goes on offense over Medicare, accuses Obama of treating program like 'piggy bank'",
    "url": "http://www.foxnews.com/politics/2012/08/14/ryan-defends-gop-record-on-medicare-says-party-has-plan-to-save-program/?utm_source=feedburner&utm_medium=feed&utm_campaign=Feed%3A+foxnews%2Fpolitics+%28Internal+-+Politics+-+Text%29",
    "word-count": 1024,
    "date": "2012-08-15",
    "article-level-annotations": {
        "author-sentiment": {
            "main-event": "Neutral",
            "Romney campaign": "Neutral",
            "Obama campaign": "Neutral",
            "Paul Ryan": "Neutral"
        },
        "stance": "Center"
    },
    "annotators": [
        "A",
        "C"
    ],
    "body": [
        {
            "sentence": "Paul Ryan went on offense Tuesday in response to criticism over his Medicare plan, using an interview with Fox News coupled with a new TV ad to claim President Obama\u2019s health care plan treats the treasured entitlement like a \u201cpiggy bank,\u201d while the \u201cRomney-Ryan\u201d plan preserves it.",
            "sentence-index": 0,
            "annotations": [
                {
                    "start": 150,
                    "end": 280,
                    "target": "Obama campaign",
                    "polarity": "Negative",
                    "aim": "Direct",
                    "indirect-target-name": "",
                    "indirect-ally-opponent-sentiment": "",
                    "bias": "Informational",
                    "quote": "No",
                    "speaker": "",
                    "text": "President Obama\u2019s health care plan treats the treasured entitlement like a \u201cpiggy bank,\u201d while the \u201cRomney-Ryan\u201d plan preserves it"
                }
            ]
        },
        {
            "sentence": "Ryan, in his first one-on-one interview since being named Saturday as Mitt Romney\u2019s running mate, told Fox News on Tuesday he thinks Medicare can be a winning issue for their campaign.",
            "sentence-index": 1,
            "annotations": []
        },
        {
            "sentence": "\"We're the ones who are offering a plan to save Medicare, to protect Medicare, to strengthen Medicare,\" Ryan said.",
            "sentence-index": 2,
            "annotations": []
        },
        {
            "sentence": "\"We're the ones who are not raiding Medicare to pay for ObamaCare.",
            "sentence-index": 3,
            "annotations": [
                {
                    "start": 28,
                    "end": 35,
                    "target": "Obama campaign",
                    "polarity": "Negative",
                    "aim": "Direct",
                    "indirect-target-name": "",
                    "indirect-ally-opponent-sentiment": "",
                    "bias": "Lexical",
                    "quote": "Yes",
                    "speaker": "Paul Ryan",
                    "text": "raiding"
                }
            ]
        },
        {
            "sentence": "\u2026 We're the ones continuing the guarantee of Medicare for people in or near retirement.\"",
            "sentence-index": 4,
            "annotations": []
        },
        {
            "sentence": "He added: \u201cPresident Obama is actually damaging Medicare for current seniors.",
            "sentence-index": 5,
            "annotations": [
                {
                    "start": 11,
                    "end": 76,
                    "target": "Obama campaign",
                    "polarity": "Negative",
                    "aim": "Direct",
                    "indirect-target-name": "",
                    "indirect-ally-opponent-sentiment": "",
                    "bias": "Informational",
                    "quote": "Yes",
                    "speaker": "Paul Ryan",
                    "text": "President Obama is actually damaging Medicare for current seniors"
                }
            ]
        },
        {
            "sentence": "It's irrefutable and that's why I think this is a debate we want to have, and that's the debate we're going to win.\u201d",
            "sentence-index": 6,
            "annotations": []
        },
        {
            "sentence": "The comments signal Ryan and Romney are prepared to dig in and fight back, as Democrats lob charges that Ryan stands for \u201cending Medicare as we know it.\u201d",
            "sentence-index": 7,
            "annotations": []
        },
        {
            "sentence": "The Obama campaign used that line Monday in a Web video timed for Romney\u2019s arrival in Florida, with its large senior population.",
            "sentence-index": 8,
            "annotations": []
        },
        {
            "sentence": "The video pointed to Ryan\u2019s budget proposals, which include significant changes to Medicare.",
            "sentence-index": 9,
            "annotations": []
        },
        {
            "sentence": "The Romney campaign retorted with an ad of its own Tuesday.",
            "sentence-index": 10,
            "annotations": []
        },
        {
            "sentence": "The ad says: \u201cYou paid in to Medicare for years \u2026 now when you need it, Obama has cut $716 billion from Medicare.",
            "sentence-index": 11,
            "annotations": []
        },
        {
            "sentence": "Why? To pay for ObamaCare.\u201d",
            "sentence-index": 12,
            "annotations": [
                {
                    "start": 0,
                    "end": 27,
                    "target": "Obama campaign",
                    "polarity": "Negative",
                    "aim": "Direct",
                    "indirect-target-name": "",
                    "indirect-ally-opponent-sentiment": "",
                    "bias": "Informational",
                    "quote": "Yes",
                    "speaker": "Romney campaign",
                    "text": "Why? To pay for ObamaCare.\u201d"
                }
            ]
        },
        {
            "sentence": "Ryan told Fox News the campaign is trying to show the \u201cclear contrast\u201d between what Republicans propose and what Obama\u2019s health care law does.",
            "sentence-index": 13,
            "annotations": []
        },
        {
            "sentence": "Ryan wants to make changes to Medicare for those retiring a decade from now but leave benefits for current retirees and those retiring soon in place.",
            "sentence-index": 14,
            "annotations": []
        },
        {
            "sentence": "\u201cThey turned Medicare into a piggy bank to finance ObamaCare,\u201d Ryan said.",
            "sentence-index": 15,
            "annotations": [
                {
                    "start": 1,
                    "end": 60,
                    "target": "Obama campaign",
                    "polarity": "Negative",
                    "aim": "Direct",
                    "indirect-target-name": "",
                    "indirect-ally-opponent-sentiment": "",
                    "bias": "Informational",
                    "quote": "Yes",
                    "speaker": "Paul Ryan",
                    "text": "They turned Medicare into a piggy bank to finance ObamaCare"
                }
            ]
        },
        {
            "sentence": "\u201cAnd we want to point that out.",
            "sentence-index": 16,
            "annotations": []
        },
        {
            "sentence": "And we want to \u2026 restore those cuts to prevent that raid.",
            "sentence-index": 17,
            "annotations": []
        },
        {
            "sentence": "\u2026 And so we propose no changes to anybody in or near retirement so that the guarantee of Medicare is for them.",
            "sentence-index": 18,
            "annotations": []
        },
        {
            "sentence": "That's a clear contrast with President Obama's plan.\u201d",
            "sentence-index": 19,
            "annotations": []
        },
        {
            "sentence": "The Obama campaign is disputing that argument.",
            "sentence-index": 20,
            "annotations": []
        },
        {
            "sentence": "Obama campaign spokeswoman Lis Smith described the new Romney-Ryan ad on the subject as \u201cdishonest and hypocritical,\u201d considering Ryan\u2019s own proposals for Medicare.",
            "sentence-index": 21,
            "annotations": [
                {
                    "start": 89,
                    "end": 115,
                    "target": "Romney campaign",
                    "polarity": "Negative",
                    "aim": "Direct",
                    "indirect-target-name": "",
                    "indirect-ally-opponent-sentiment": "",
                    "bias": "Lexical",
                    "quote": "Yes",
                    "speaker": "Obama campaign",
                    "text": "dishonest and hypocritical"
                }
            ]
        },
        {
            "sentence": "\u201cThe savings his ad attacks do not cut a single guaranteed Medicare benefit, and Mitt Romney embraced the very same savings when he promised he\u2019d sign Paul Ryan\u2019s budget,\u201d Smith said.",
            "sentence-index": 22,
            "annotations": []
        },
        {
            "sentence": "\u201cBecause the president is eliminating subsidies to insurance companies and cutting waste and fraud, we\u2019ve extended the life of Medicare by eight years.",
            "sentence-index": 23,
            "annotations": []
        },
        {
            "sentence": "The truth is that the Romney-Ryan budget would end Medicare as we know it: people with Medicare would be left with nothing but a voucher in place of the guaranteed benefits they rely on today.\u201d",
            "sentence-index": 24,
            "annotations": [
                {
                    "start": 0,
                    "end": 193,
                    "target": "Romney campaign",
                    "polarity": "Negative",
                    "aim": "Direct",
                    "indirect-target-name": "",
                    "indirect-ally-opponent-sentiment": "",
                    "bias": "Informational",
                    "quote": "Yes",
                    "speaker": "Obama campaign",
                    "text": "The truth is that the Romney-Ryan budget would end Medicare as we know it: people with Medicare would be left with nothing but a voucher in place of the guaranteed benefits they rely on today.\u201d"
                }
            ]
        },
        {
            "sentence": "Both sides are being selective in how they describe each other\u2019s plans.",
            "sentence-index": 25,
            "annotations": []
        },
        {
            "sentence": "The Ryan proposal, submitted again in the House earlier this year, would a decade from now give seniors government payments to purchase private plans or stay within the current system.",
            "sentence-index": 26,
            "annotations": []
        },
        {
            "sentence": "Ryan says this is to preserve Medicare, not \u201cend\u201d it, as Obama\u2019s campaign claims.",
            "sentence-index": 27,
            "annotations": []
        },
        {
            "sentence": "But while Ryan slams the health care overhaul for cutting Medicare, even he acknowledged that his own plan achieves \u201csavings\u201d for Medicare in the long run.",
            "sentence-index": 28,
            "annotations": []
        },
        {
            "sentence": "Though he doesn\u2019t use the word \u201ccuts,\u201d the plan would slow the rate of benefit growth for seniors according to the Congressional Budget Office.",
            "sentence-index": 29,
            "annotations": []
        },
        {
            "sentence": "And the ObamaCare cuts he referenced would likely come in the form of lower payments to providers.",
            "sentence-index": 30,
            "annotations": []
        },
        {
            "sentence": "A Romney campaign aide, though, said \u201cthat\u2019s a distinction without a difference\u201d since the \u201cprovider passes that reduction along to\u201d patients.",
            "sentence-index": 31,
            "annotations": []
        },
        {
            "sentence": "In his interview with Fox News, Ryan also hammered Obama for what he called his \u201cutter failure when it comes to creating jobs.\u201d",
            "sentence-index": 32,
            "annotations": [
                {
                    "start": 81,
                    "end": 125,
                    "target": "Obama campaign",
                    "polarity": "Negative",
                    "aim": "Direct",
                    "indirect-target-name": "",
                    "indirect-ally-opponent-sentiment": "",
                    "bias": "Informational",
                    "quote": "Yes",
                    "speaker": "Paul Ryan",
                    "text": "utter failure when it comes to creating jobs"
                }
            ]
        },
        {
            "sentence": "Amplifying the Romney campaign message, he said Obama\u2019s heavy borrowing is dragging down economic growth \u2013 he also claimed the \u201chope and change campaign of '08 has become the blame and attack campaign of 2012.\u201d",
            "sentence-index": 33,
            "annotations": []
        },
        {
            "sentence": "Ryan offered new insight as well on how Romney and Ryan came to bond in the months before he was announced as running mate.",
            "sentence-index": 34,
            "annotations": []
        },
        {
            "sentence": "He recalled when he was campaigning with Romney earlier this year ahead of the Wisconsin primary.",
            "sentence-index": 35,
            "annotations": []
        },
        {
            "sentence": "\u201cWe spent about five days on the road, five working hour or so days,\u201d he said.",
            "sentence-index": 36,
            "annotations": []
        },
        {
            "sentence": "\u201cAnd in between all of those stops, driving from, you know, Appleton to Green Bay to Janesville to Milwaukee, we got to know each other.",
            "sentence-index": 37,
            "annotations": []
        },
        {
            "sentence": "We conversed on policy issues, on where to take the country.",
            "sentence-index": 38,
            "annotations": []
        },
        {
            "sentence": "And sooner or later, we basically started sharing the microphones at these town hall meetings and we just kind of developed a chemistry with one another and a mutual understanding with each other.\u201d",
            "sentence-index": 39,
            "annotations": []
        },
        {
            "sentence": "Ryan said he doesn\u2019t know whether he had a \u201cspecial place\u201d but it was \u201cvery clear we thought the same on these issues.\u201d",
            "sentence-index": 40,
            "annotations": []
        },
        {
            "sentence": "\u201cWhen he asked me to join the ticket, he basically said to me, 'You share my values and you have the kind of experience that could be a complement to my experience to getting this country back on track, to creating jobs, to getting people back to work, to saving this country from a debt crisis,'\" Ryan said.",
            "sentence-index": 41,
            "annotations": []
        },
        {
            "sentence": "Ryan also discussed his affection for novelist Ayn Rand, saying \u201cAtlas Shrugged\u201d triggered his interest in economics.",
            "sentence-index": 42,
            "annotations": []
        },
        {
            "sentence": "He said he doesn\u2019t share her overall philosophy but said her books \u201cshowed how the pitfalls of socialism can hurt the economy.\u201d",
            "sentence-index": 43,
            "annotations": []
        },
        {
            "sentence": "Obama, meanwhile, took on Ryan for the second straight day Tuesday, using a stop in Oskaloosa, Iowa, to criticize Ryan\u2019s and Romney\u2019s tax plan.",
            "sentence-index": 44,
            "annotations": []
        },
        {
            "sentence": "\u201cYou may have heard that Governor Romney just chose his running mate, Congressman Ryan.",
            "sentence-index": 45,
            "annotations": []
        },
        {
            "sentence": "He's a good man. He's a family man.",
            "sentence-index": 46,
            "annotations": [
                {
                    "start": 0,
                    "end": 35,
                    "target": "Paul Ryan",
                    "polarity": "Positive",
                    "aim": "Direct",
                    "indirect-target-name": "",
                    "indirect-ally-opponent-sentiment": "",
                    "bias": "Informational",
                    "quote": "Yes",
                    "speaker": "Obama campaign",
                    "text": "He's a good man. He's a family man."
                }
            ]
        },
        {
            "sentence": "He's the ideological leader of the Republicans in Congress,\u201d Obama said.",
            "sentence-index": 47,
            "annotations": []
        },
        {
            "sentence": "\u201cAnd he's an articulate spokesperson for Governor Romney's views.",
            "sentence-index": 48,
            "annotations": []
        },
        {
            "sentence": "The problem is, those views are wrong.\u201d",
            "sentence-index": 49,
            "annotations": [
                {
                    "start": 0,
                    "end": 39,
                    "target": "Paul Ryan",
                    "polarity": "Negative",
                    "aim": "Direct",
                    "indirect-target-name": "",
                    "indirect-ally-opponent-sentiment": "",
                    "bias": "Informational",
                    "quote": "Yes",
                    "speaker": "Obama campaign",
                    "text": "The problem is, those views are wrong.\u201d"
                }
            ]
        }
    ]
}