{
    "source": "hpo",
    "main-entities": [
        "Romney campaign",
        "Obama campaign"
    ],
    "main-event": "Obama and Romney campaigns argue on Medicare",
    "title": "Obama Medicare Attack In 2008 Targeted McCain For Cutting $800 Billion From Program",
    "url": "https://www.huffingtonpost.com/2012/08/14/obama-medicare-attack-in-_n_1775537.html",
    "word-count": 780,
    "date": "2012-08-14",
    "article-level-annotations": {
        "author-sentiment": {
            "main-event": "Neutral",
            "Romney campaign": "Neutral",
            "Obama campaign": "Negative"
        },
        "stance": "Right"
    },
    "annotators": [
        "A",
        "C"
    ],
    "body": [
        {
            "sentence": "WASHINGTON -- In the wake of Mitt Romney's choice of Paul Ryan as his vice presidential nominee, the politics of Medicare have become almost as complicated as the policy itself.",
            "sentence-index": 0,
            "annotations": []
        },
        {
            "sentence": "The most recent back-and-forth between the Romney and Obama campaigns concerns which candidate would do more harm to people's benefits.",
            "sentence-index": 1,
            "annotations": []
        },
        {
            "sentence": "While the president's team has pointed to the Republican plan to turn Medicare into a quasi-voucher program -- in which recipients would receive a check to buy either insurance through the private market or traditional Medicare -- the Romney team has responded by noting that Obama took more than $700 billion out of Medicare as part of his health care overhaul.",
            "sentence-index": 2,
            "annotations": []
        },
        {
            "sentence": "\"He stole $700 billion from Medicare to fund Obamacare,\" said RNC Chair Reince Priebus.",
            "sentence-index": 3,
            "annotations": [
                {
                    "start": 4,
                    "end": 9,
                    "target": "Obama campaign",
                    "polarity": "Negative",
                    "aim": "Direct",
                    "indirect-target-name": "",
                    "indirect-ally-opponent-sentiment": "",
                    "bias": "Lexical",
                    "quote": "Yes",
                    "speaker": "Other (Anti-target)",
                    "text": "stole"
                }
            ]
        },
        {
            "sentence": "\"If any person in this entire debate has blood on their hands in regard to Medicare, it's Barack Obama.\"",
            "sentence-index": 4,
            "annotations": [
                {
                    "start": 0,
                    "end": 104,
                    "target": "Obama campaign",
                    "polarity": "Negative",
                    "aim": "Direct",
                    "indirect-target-name": "",
                    "indirect-ally-opponent-sentiment": "",
                    "bias": "Informational",
                    "quote": "Yes",
                    "speaker": "Other (Anti-target)",
                    "text": "\"If any person in this entire debate has blood on their hands in regard to Medicare, it's Barack Obama.\""
                }
            ]
        },
        {
            "sentence": "That rejoinder is now a subject of intense debate.",
            "sentence-index": 5,
            "annotations": []
        },
        {
            "sentence": "The money being taken out of the system by the Affordable Care Act is mostly derived from limiting the expected rate of growth in the program.",
            "sentence-index": 6,
            "annotations": []
        },
        {
            "sentence": "The savings come predominantly from limiting waste, fraud and abuse, mostly in Medicare Advantage, and are budgeted to help subsidize insurance for people under the ACA.",
            "sentence-index": 7,
            "annotations": []
        },
        {
            "sentence": "As such, independent fact-checkers and news analysts alike have disputed the Romney campaign's characterization.",
            "sentence-index": 8,
            "annotations": [
                {
                    "start": 0,
                    "end": 112,
                    "target": "Romney campaign",
                    "polarity": "Negative",
                    "aim": "Direct",
                    "indirect-target-name": "",
                    "indirect-ally-opponent-sentiment": "",
                    "bias": "Informational",
                    "quote": "No",
                    "speaker": "",
                    "text": "As such, independent fact-checkers and news analysts alike have disputed the Romney campaign's characterization."
                }
            ]
        },
        {
            "sentence": "Part of the reason that the Obama campaign is crying foul over this line of criticism, however, may be because it knows how effective it can be.",
            "sentence-index": 9,
            "annotations": []
        },
        {
            "sentence": "Republicans also used the charge that Obamacare raided Medicare as a primary attack line in the 2010 congressional elections.",
            "sentence-index": 10,
            "annotations": [
                {
                    "start": 48,
                    "end": 54,
                    "target": "Obama campaign",
                    "polarity": "Negative",
                    "aim": "Direct",
                    "indirect-target-name": "",
                    "indirect-ally-opponent-sentiment": "",
                    "bias": "Lexical",
                    "quote": "No",
                    "speaker": "",
                    "text": "raided"
                }
            ]
        },
        {
            "sentence": "Two years prior, then-Senator Obama used virtually identical language to beat up on his general election opponent, Sen. John McCain (R-Ariz.):",
            "sentence-index": 11,
            "annotations": [
                {
                    "start": 73,
                    "end": 80,
                    "target": "Obama campaign",
                    "polarity": "Negative",
                    "aim": "Direct",
                    "indirect-target-name": "",
                    "indirect-ally-opponent-sentiment": "",
                    "bias": "Lexical",
                    "quote": "No",
                    "speaker": "",
                    "text": "beat up"
                }
            ]
        },
        {
            "sentence": "\"How would your golden years turn out under John McCain?",
            "sentence-index": 12,
            "annotations": []
        },
        {
            "sentence": "His health care plan would cut Medicare by $800 billion -- that means a 22 percent cut in benefits.",
            "sentence-index": 13,
            "annotations": []
        },
        {
            "sentence": "Higher premiums and co-pays ... after a lifetime of work, senior's health care shouldn't be a gamble.",
            "sentence-index": 14,
            "annotations": []
        },
        {
            "sentence": "John McCain's plan, it's not the change we need.\"",
            "sentence-index": 15,
            "annotations": []
        },
        {
            "sentence": "Obama made the same argument on the stump.",
            "sentence-index": 16,
            "annotations": []
        },
        {
            "sentence": "\"It turns out, Senator McCain would pay for part of his plan by making drastic cuts in Medicare: $882 billion worth -- $882 billion in Medicare cuts to pay for a ill-conceived, badly thought-through health care plan that won't provide more health care to people, even though Medicare is already facing a looming shortfall,\" Obama declared at a campaign stop in Roanoke, Va.",
            "sentence-index": 17,
            "annotations": []
        },
        {
            "sentence": "Douglas Holtz-Eakin, McCain's policy director at the time, recalled that the attack originated with a Wall Street Journal article that referenced his saying that McCain would assume savings in Medicare and Medicaid spending to make his health care plan budget neutral.",
            "sentence-index": 18,
            "annotations": []
        },
        {
            "sentence": "Those savings were expected to come from eliminating fraud and reforming payment policies.",
            "sentence-index": 19,
            "annotations": []
        },
        {
            "sentence": "The possibility of increasing Medicare premiums for higher-income earners was also floated.",
            "sentence-index": 20,
            "annotations": []
        },
        {
            "sentence": "FactCheck.org rated the Obama ad as \"false,\" noting that the McCain campaign wasn't talking about slashing benefits but limiting waste and slowing the rate of growth.",
            "sentence-index": 21,
            "annotations": [
                {
                    "start": 0,
                    "end": 166,
                    "target": "Obama campaign",
                    "polarity": "Negative",
                    "aim": "Direct",
                    "indirect-target-name": "",
                    "indirect-ally-opponent-sentiment": "",
                    "bias": "Informational",
                    "quote": "No",
                    "speaker": "",
                    "text": "FactCheck.org rated the Obama ad as \"false,\" noting that the McCain campaign wasn't talking about slashing benefits but limiting waste and slowing the rate of growth."
                }
            ]
        },
        {
            "sentence": "Holtz-Eakin said, \"We were looking for efficiencies in delivery a la Managed Medicaid.\"",
            "sentence-index": 22,
            "annotations": []
        },
        {
            "sentence": "This was a relatively minor aspect of the Obama campaign's assault on McCain's Medicare record.",
            "sentence-index": 23,
            "annotations": [
                {
                    "start": 59,
                    "end": 66,
                    "target": "Obama campaign",
                    "polarity": "Negative",
                    "aim": "Direct",
                    "indirect-target-name": "",
                    "indirect-ally-opponent-sentiment": "",
                    "bias": "Lexical",
                    "quote": "No",
                    "speaker": "",
                    "text": "assault"
                }
            ]
        },
        {
            "sentence": "The more substantive criticism concerned McCain's proposal to tax worker health care plans as a way of generating money to give people a new tax credit so that they could buy private insurance.",
            "sentence-index": 24,
            "annotations": []
        },
        {
            "sentence": "\"Like Governor Romney has refused to specify how he will pay for his $5 trillion tax cuts weighted toward millionaires, Senator McCain would have cut $1.3 trillion from health care programs to pay for tax cuts while refusing to rule out cutting benefits or to say what he was cutting,\" Obama's current campaign press secretary, Ben LaBolt, said in an email to The Huffington Post.",
            "sentence-index": 25,
            "annotations": []
        },
        {
            "sentence": "\"President Obama achieved a third as much savings by eliminating unnecessary subsidies to insurances companies and getting waste and fraud out of the system in order to improve seniors' benefits -- saving them $600 a year on prescription drugs and providing them with access to preventive care.",
            "sentence-index": 26,
            "annotations": []
        },
        {
            "sentence": "Senator McCain and Governor Romney have subsequently opposed the savings that the president identified and demagogued the issue, ironically, since Governor Romney's running mate kept them in his budget.\"",
            "sentence-index": 27,
            "annotations": [
                {
                    "start": 107,
                    "end": 117,
                    "target": "Romney campaign",
                    "polarity": "Negative",
                    "aim": "Direct",
                    "indirect-target-name": "",
                    "indirect-ally-opponent-sentiment": "",
                    "bias": "Lexical",
                    "quote": "Yes",
                    "speaker": "Other (Anti-target)",
                    "text": "demagogued"
                }
            ]
        },
        {
            "sentence": "But the attack on McCain's accounting was part of the assault nonetheless.",
            "sentence-index": 28,
            "annotations": [
                {
                    "start": 54,
                    "end": 61,
                    "target": "Obama campaign",
                    "polarity": "Negative",
                    "aim": "Direct",
                    "indirect-target-name": "",
                    "indirect-ally-opponent-sentiment": "",
                    "bias": "Lexical",
                    "quote": "No",
                    "speaker": "",
                    "text": "assault"
                }
            ]
        },
        {
            "sentence": "And in light of the current debate over Medicare proposals, it could complicate the political dialogue even further.",
            "sentence-index": 29,
            "annotations": []
        },
        {
            "sentence": "Certainly, as the Washington Examiner's Phillip Klein notes, it will contribute to the general reluctance to talk substantively about Medicare reform out of a concern that it merely invites future attacks.",
            "sentence-index": 30,
            "annotations": []
        }
    ]
}