{
    "source": "fox",
    "main-entities": [
        "U.S. Congress",
        "Democratic Lawmakers",
        "Republican Lawmakers"
    ],
    "main-event": "House Reading of Constitution Is Not Without Issues",
    "title": "Purpose Behind Congressional Reading of Constitution Questioned After Amendments Are Omitted",
    "url": "http://www.foxnews.com/politics/purpose-behind-congressional-reading-of-constitution-questioned-after-amendments-are-omitted",
    "word-count": 1042,
    "date": "2011-01-06",
    "article-level-annotations": {
        "author-sentiment": {
            "main-event": "Neutral",
            "U.S. Congress": "Neutral",
            "Democratic Lawmakers": "Neutral",
            "Republican Lawmakers": "Neutral"
        },
        "stance": "Center"
    },
    "annotators": [
        "A",
        "B"
    ],
    "body": [
        {
            "sentence": "Even for a Congress known to battle over every little detail, reading the U.S. Constitution aloud sounded like a simple exercise.",
            "sentence-index": 0,
            "annotations": [
                {
                    "start": 0,
                    "end": 60,
                    "target": "U.S. Congress",
                    "polarity": "Negative",
                    "aim": "Direct",
                    "indirect-target-name": "",
                    "indirect-ally-opponent-sentiment": "",
                    "bias": "Informational",
                    "quote": "No",
                    "speaker": "",
                    "text": "Even for a Congress known to battle over every little detail"
                }
            ]
        },
        {
            "sentence": "Turned out it wasn't.",
            "sentence-index": 1,
            "annotations": []
        },
        {
            "sentence": "Newly sworn members of the House reading aloud the country's founding document on Thursday didn't recite every verse and article of the document because Republicans decided that the obsolete parts can be skipped since they've been superseded by amendment.",
            "sentence-index": 2,
            "annotations": []
        },
        {
            "sentence": "For instance, lawmakers did not read the 18th Amendment, which imposed prohibition on liquor in 1919.",
            "sentence-index": 3,
            "annotations": []
        },
        {
            "sentence": "However, they did read the 21st Amendment, which repealed prohibition in 1933 and is still in force.",
            "sentence-index": 4,
            "annotations": []
        },
        {
            "sentence": "Republicans also left out the part about counting slaves and Native Americans as three-fifths of a person.",
            "sentence-index": 5,
            "annotations": []
        },
        {
            "sentence": "Portions of the U.S. Constitution are never deleted, just amended, as has been done 27 times in history.",
            "sentence-index": 6,
            "annotations": []
        },
        {
            "sentence": "But all the original decisions remain in the Constitution, including in the copies authorized by Congress' Joint Committee on Printing and used in Thursday's reading.",
            "sentence-index": 7,
            "annotations": []
        },
        {
            "sentence": "And that was the point of contention for Democratic lawmakers who complained that exempting parts of the document from the reading undermines the objective of the exercise.",
            "sentence-index": 8,
            "annotations": [
                {
                    "start": 66,
                    "end": 76,
                    "target": "Democratic Lawmakers",
                    "polarity": "Negative",
                    "aim": "Direct",
                    "indirect-target-name": "",
                    "indirect-ally-opponent-sentiment": "",
                    "bias": "Lexical",
                    "quote": "No",
                    "speaker": "",
                    "text": "complained"
                }
            ]
        },
        {
            "sentence": "\"This is very emotional for me,\" Rep. Jesse Jackson Jr., D-Ill., said on the floor before the reading began.",
            "sentence-index": 9,
            "annotations": []
        },
        {
            "sentence": "\"Given the struggle of African Americans, given the struggle of women, given the struggle of others to create a more perfect document, to hear that those elements of the Constitution that have been dedacted (sic) by amendment are no less serious, no less part of our ongoing struggle to improve the country and our desire to continue to improve the Constitution, many of us don't want that to be lost upon the reading of our sacred document,\" he said.",
            "sentence-index": 10,
            "annotations": []
        },
        {
            "sentence": "Rep. Jay Inslee, D-Wash., commented that the original document has been changed through amendment, leaving the the reader to interpret the operative language.",
            "sentence-index": 11,
            "annotations": []
        },
        {
            "sentence": "\"I think it would be helpful to the members if you would explain to us how the determinations of what to read has been made or not made so that we all be on the same page as to congressional intent,\" he said to Rep. Bob Goodlatte, R-Va., who presided over the reading.",
            "sentence-index": 12,
            "annotations": []
        },
        {
            "sentence": "Rep. Elijah Cummings, D-Md., questioned the reading of the \"amended\" Constitution.",
            "sentence-index": 13,
            "annotations": []
        },
        {
            "sentence": "\"To not read the full document, including all the text that was later amended, is to fail to acknowledge the struggle our nation has constantly fought, within and without, to 'keep' our Republic,\" he said in a written statement.",
            "sentence-index": 14,
            "annotations": [
                {
                    "start": 85,
                    "end": 89,
                    "target": "Republican Lawmakers",
                    "polarity": "Negative",
                    "aim": "Direct",
                    "indirect-target-name": "",
                    "indirect-ally-opponent-sentiment": "",
                    "bias": "Lexical",
                    "quote": "Yes",
                    "speaker": "Democratic Lawmakers",
                    "text": "fail"
                }
            ]
        },
        {
            "sentence": "\"It is a failure to show Americans that while we seek a more perfect union, we do so from imperfect beginnings, through an imperfect history, with an imperfect government created by an imperfect document,\" he added.",
            "sentence-index": 15,
            "annotations": [
                {
                    "start": 1,
                    "end": 203,
                    "target": "U.S. Congress",
                    "polarity": "Negative",
                    "aim": "Indirect (Ally)",
                    "indirect-target-name": "House reading",
                    "indirect-ally-opponent-sentiment": "Negative",
                    "bias": "Informational",
                    "quote": "Yes",
                    "speaker": "Democratic Lawmakers",
                    "text": "It is a failure to show Americans that while we seek a more perfect union, we do so from imperfect beginnings, through an imperfect history, with an imperfect government created by an imperfect document"
                }
            ]
        },
        {
            "sentence": "\"We fail to show the American people that imperfection is not to be feared and that our ability to constantly improve on what the Founders gave us is a blessing, not a reason for divisiveness.\"",
            "sentence-index": 16,
            "annotations": [
                {
                    "start": 4,
                    "end": 8,
                    "target": "Republican Lawmakers",
                    "polarity": "Negative",
                    "aim": "Direct",
                    "indirect-target-name": "",
                    "indirect-ally-opponent-sentiment": "",
                    "bias": "Lexical",
                    "quote": "Yes",
                    "speaker": "Democratic Lawmakers",
                    "text": "fail"
                }
            ]
        },
        {
            "sentence": "Other lawmakers decried the exercise altogether, saying the Constitution is a living document that shouldn't be followed to the letter.",
            "sentence-index": 17,
            "annotations": []
        },
        {
            "sentence": "\"They are reading it like a sacred text,\" Rep. Jerrold Nadler, D-N.Y., the former chairman of the House Judiciary subcommittee on the Constitution, Civil Rights and Civil Liberties, told The Washington Post.",
            "sentence-index": 18,
            "annotations": [
                {
                    "start": 1,
                    "end": 39,
                    "target": "Republican Lawmakers",
                    "polarity": "Negative",
                    "aim": "Direct",
                    "indirect-target-name": "",
                    "indirect-ally-opponent-sentiment": "",
                    "bias": "Informational",
                    "quote": "Yes",
                    "speaker": "Democratic Lawmakers",
                    "text": "They are reading it like a sacred text"
                }
            ]
        },
        {
            "sentence": "Nadler derided what he called the \"ritualistic reading\" as \"total nonsense\" and \"propaganda\" intended to give Republicans claim to the document.",
            "sentence-index": 19,
            "annotations": [
                {
                    "start": 0,
                    "end": 144,
                    "target": "Republican Lawmakers",
                    "polarity": "Negative",
                    "aim": "Direct",
                    "indirect-target-name": "",
                    "indirect-ally-opponent-sentiment": "",
                    "bias": "Informational",
                    "quote": "No",
                    "speaker": "",
                    "text": "Nadler derided what he called the \"ritualistic reading\" as \"total nonsense\" and \"propaganda\" intended to give Republicans claim to the document."
                }
            ]
        },
        {
            "sentence": "He argued that the Founders were not \"demigods\" and that the document's needs for amendments to abolish slavery and other injustices showed it was \"highly imperfect.\"",
            "sentence-index": 20,
            "annotations": []
        },
        {
            "sentence": "\"You are not supposed to worship your Constitution,\" he told the newspaper.",
            "sentence-index": 21,
            "annotations": [
                {
                    "start": 1,
                    "end": 50,
                    "target": "Republican Lawmakers",
                    "polarity": "Negative",
                    "aim": "Direct",
                    "indirect-target-name": "",
                    "indirect-ally-opponent-sentiment": "",
                    "bias": "Informational",
                    "quote": "Yes",
                    "speaker": "Other (Neutral)",
                    "text": "You are not supposed to worship your Constitution"
                }
            ]
        },
        {
            "sentence": "\"You are supposed to govern your government by it.\"",
            "sentence-index": 22,
            "annotations": []
        },
        {
            "sentence": "But for all those who described the exercise as political waste -- including Vanity Fair magazine, which estimated it as costing more than $1 million -- supporters noted that it was an historic moment -- the first time the U.S. Constitution had been read on the U.S. House floor.",
            "sentence-index": 23,
            "annotations": [
                {
                    "start": 99,
                    "end": 149,
                    "target": "Republican Lawmakers",
                    "polarity": "Negative",
                    "aim": "Direct",
                    "indirect-target-name": "",
                    "indirect-ally-opponent-sentiment": "",
                    "bias": "Informational",
                    "quote": "No",
                    "speaker": "",
                    "text": "which estimated it as costing more than $1 million"
                }
            ]
        },
        {
            "sentence": "\"I think that this is a very symbolic showing to the American people and reminder to the members of congress that we are a government of laws not of men and that this Constitution is the foundation for all of our laws,\" Goodlatte said.",
            "sentence-index": 24,
            "annotations": []
        },
        {
            "sentence": "And backers said that it wouldn't hurt to try to live by the aspirations of the Founding Fathers.",
            "sentence-index": 25,
            "annotations": []
        },
        {
            "sentence": "\"I don't think the Constitution is propaganda.",
            "sentence-index": 26,
            "annotations": []
        },
        {
            "sentence": "I think it's a valuable exercise and an important moment in this Congress for us to read the Constitution,\" said Rep. Steve Israel, D-N.Y.",
            "sentence-index": 27,
            "annotations": []
        },
        {
            "sentence": "\"But I do think that you can't just read it like a speech and then leave skid marks on it in your legislative record.\"",
            "sentence-index": 28,
            "annotations": []
        },
        {
            "sentence": "Historian Alan Brinkley of Columbia University told Fox News the reading may be \"a bit of theater,\" but it is \"not insignificant given that many Republicans have decided -- implausibly, in my opinion -- that the Constitution is the vehicle that can reduce the size of government.\"",
            "sentence-index": 29,
            "annotations": [
                {
                    "start": 111,
                    "end": 278,
                    "target": "Republican Lawmakers",
                    "polarity": "Negative",
                    "aim": "Direct",
                    "indirect-target-name": "",
                    "indirect-ally-opponent-sentiment": "",
                    "bias": "Informational",
                    "quote": "Yes",
                    "speaker": "Other (Neutral)",
                    "text": "not insignificant given that many Republicans have decided -- implausibly, in my opinion -- that the Constitution is the vehicle that can reduce the size of government"
                },
                {
                    "start": 81,
                    "end": 97,
                    "target": "Republican Lawmakers",
                    "polarity": "Negative",
                    "aim": "Direct",
                    "indirect-target-name": "",
                    "indirect-ally-opponent-sentiment": "",
                    "bias": "Informational",
                    "quote": "Yes",
                    "speaker": "Other (Neutral)",
                    "text": "a bit of theater"
                }
            ]
        },
        {
            "sentence": "But Roger Pilon of the Cato Institute said Congress needs to re-read the Constitution to be reminded how out of control government has become.",
            "sentence-index": 30,
            "annotations": []
        },
        {
            "sentence": "\"Today the Congress regulates our lives and redistributes our wealth in ways that would shock the Founders,\" he said.",
            "sentence-index": 31,
            "annotations": []
        },
        {
            "sentence": "\"The Constitution, they wrote that to ensure limited government and they meant for most of us to live our lives free from government, in the private sector, planning and living our own lives, not as dependents on government goods and services.\"",
            "sentence-index": 32,
            "annotations": []
        },
        {
            "sentence": "Pilon added that the Founders never intended for the Constitution to be viewed as fluid advice.",
            "sentence-index": 33,
            "annotations": []
        },
        {
            "sentence": "\"When liberals tell today that the Constitution is essentially a blank slate to be filled by transient majorities, nothing could be further from the truth.",
            "sentence-index": 34,
            "annotations": []
        },
        {
            "sentence": "If that were so, it would never have been ratified in the first place,\" he said.",
            "sentence-index": 35,
            "annotations": []
        },
        {
            "sentence": "As the Constitution was being read inside the lower chamber, Nadler and others gathered outside the Capitol to push for passage of the Equal Rights Amendment, a perennial effort to update the document with a statement on women.",
            "sentence-index": 36,
            "annotations": []
        },
        {
            "sentence": "\"John Boehner and his cronies are holding up the U.S. Constitution as a sacred, perfect document.",
            "sentence-index": 37,
            "annotations": [
                {
                    "start": 22,
                    "end": 29,
                    "target": "Republican Lawmakers",
                    "polarity": "Negative",
                    "aim": "Indirect (Ally)",
                    "indirect-target-name": "John Boehner",
                    "indirect-ally-opponent-sentiment": "Negative",
                    "bias": "Lexical",
                    "quote": "Yes",
                    "speaker": "Other (Anti-target)",
                    "text": "cronies"
                }
            ]
        },
        {
            "sentence": "But we know the Constitution is far from perfect because it does not guarantee women's equality,\" NOW President Terry O'Neill said in a statement.",
            "sentence-index": 38,
            "annotations": []
        }
    ]
}