{
    "main-event": "Donald Trump announces end to government shutdown",
    "main-entities": [
        "Donald Trump"
    ],
    "title": "Trump announces deal to end partial government shutdown",
    "source": "fox",
    "url": "https://www.foxnews.com/politics/trump-to-make-announcement-on-partial-government-shutdown-from-rose-garden",
    "date": "2019-01-25",
    "article-level-annotations": {
        "author-sentiment": {
            "main-event": "Negative",
            "Donald Trump": "Neutral"
        },
        "stance": "Center"
    },
    "annotators": [
        "A",
        "B"
    ],
    "body": [
        {
            "sentence": "President Trump said Friday that he will support a short-term spending bill to re-open the government, temporarily ending the partial government shutdown that has dragged on for more than a month -- despite a day earlier saying Republicans would not \u201ccave\u201d on his demands for funding for a wall on the southern border.",
            "sentence-index": 0,
            "annotations": [
                {
                    "start": 199,
                    "end": 256,
                    "target": "Donald Trump",
                    "polarity": "Negative",
                    "aim": "Direct",
                    "bias": "Informational",
                    "quote": "No",
                    "speaker": "",
                    "indirect-ally-opponent-sentiment": "",
                    "text": "despite a day earlier saying Republicans would not \u201ccave\u201d"
                }
            ]
        },
        {
            "sentence": "\u201cI am very proud to announce we have reached a deal to end the shutdown and reopen the federal government,\u201d he said to applause from gathered Cabinet members.",
            "sentence-index": 1,
            "annotations": []
        },
        {
            "sentence": "He said the deal would keep the government open for three weeks until Feb. 15 and that a bill would go before the Senate immediately. ",
            "sentence-index": 2,
            "annotations": []
        },
        {
            "sentence": "He made reference to his previous threats to declare a national emergency, calling it a \u201cvery powerful weapon,\u201d but saying he didn\u2019t want to use it. ",
            "sentence-index": 3,
            "annotations": [
                {
                    "start": 0,
                    "end": 148,
                    "target": "Donald Trump",
                    "polarity": "Negative",
                    "aim": "Direct",
                    "bias": "Informational",
                    "quote": "No",
                    "speaker": "",
                    "indirect-ally-opponent-sentiment": "",
                    "text": "He made reference to his previous threats to declare a national emergency, calling it a \u201cvery powerful weapon,\u201d but saying he didn\u2019t want to use it."
                }
            ]
        },
        {
            "sentence": "The deal appeared to include no money for a wall or steel barrier, but he said he hoped negotiations would continue to come to an agreement on wall funding.",
            "sentence-index": 4,
            "annotations": []
        },
        {
            "sentence": "\"Walls should not be controversial,\" he said.",
            "sentence-index": 5,
            "annotations": []
        },
        {
            "sentence": "The shutdown was sparked by disagreement over President Trump\u2019s demand for $5.7 billion in funding for a wall or steel barrier on the southern border. ",
            "sentence-index": 6,
            "annotations": []
        },
        {
            "sentence": "Democrats countered initially with $1.3 billion for general border security, while Trump said initially he would not sign anything without wall funding.",
            "sentence-index": 7,
            "annotations": []
        },
        {
            "sentence": "In the last few weeks, the fight turned particularly nasty -- with Trump canceling a Democratic congressional trip to Afghanistan after House Speaker Nancy Pelosi called on Trump to delay his State of the Union address or submit it in writing. ",
            "sentence-index": 8,
            "annotations": [
                {
                    "start": 0,
                    "end": 243,
                    "target": "Donald Trump",
                    "polarity": "Negative",
                    "aim": "Direct",
                    "bias": "Informational",
                    "quote": "No",
                    "speaker": "",
                    "indirect-ally-opponent-sentiment": "",
                    "text": "In the last few weeks, the fight turned particularly nasty -- with Trump canceling a Democratic congressional trip to Afghanistan after House Speaker Nancy Pelosi called on Trump to delay his State of the Union address or submit it in writing."
                }
            ]
        },
        {
            "sentence": "Trump announced Thursday that he would delay the address, but if the government re-opens then it could take place on Tuesday as had been previously scheduled.",
            "sentence-index": 9,
            "annotations": []
        },
        {
            "sentence": "After bills to re-open the government failed in the Senate Thursday, Trump signaled that a \"large down payment\" on funding, potentially less than the $5.7 billion, could be sufficient to end the stalemate. ",
            "sentence-index": 10,
            "annotations": []
        },
        {
            "sentence": "He suggested that a \"prorated down payment\" on the wall, without providing a concrete dollar figure, could be viable.",
            "sentence-index": 11,
            "annotations": [
                {
                    "start": 57,
                    "end": 99,
                    "target": "Donald Trump",
                    "polarity": "Negative",
                    "aim": "Direct",
                    "bias": "Informational",
                    "quote": "No",
                    "speaker": "",
                    "indirect-ally-opponent-sentiment": "",
                    "text": "without providing a concrete dollar figure"
                }
            ]
        },
        {
            "sentence": "Sen. Lindsey Graham, R-S.C., had also suggested that a three-week continuing resolution could be the way forward.",
            "sentence-index": 12,
            "annotations": []
        },
        {
            "sentence": "\"If they come to a reasonable agreement, I would support that,\" Trump told reporters.",
            "sentence-index": 13,
            "annotations": []
        },
        {
            "sentence": "The partial closure of the government has led to hundreds of thousands of workers furloughed or working without pay, with groups representing the workers increasing their calls for D.C. to end the deadlock and get workers paid again. ",
            "sentence-index": 14,
            "annotations": []
        },
        {
            "sentence": "Many workers missed their second paycheck on Friday.",
            "sentence-index": 15,
            "annotations": [
                {
                    "start": 0,
                    "end": 52,
                    "target": "Donald Trump",
                    "polarity": "Negative",
                    "aim": "Indirect (General)",
                    "indirect-target-name": "federal workers",
                    "bias": "Informational",
                    "quote": "No",
                    "speaker": "",
                    "indirect-ally-opponent-sentiment": "Neutral",
                    "text": "Many workers missed their second paycheck on Friday."
                }
            ]
        },
        {
            "sentence": "Every former secretary of the Department of Homeland Security, including former White House chief of staff John Kelly, sent a letter to the president and Congress on Thursday asking them restore the department\u2019s funding.",
            "sentence-index": 16,
            "annotations": [
                {
                    "start": 0,
                    "end": 220,
                    "target": "Donald Trump",
                    "polarity": "Negative",
                    "aim": "Direct",
                    "bias": "Informational",
                    "quote": "No",
                    "speaker": "",
                    "indirect-ally-opponent-sentiment": "",
                    "text": "Every former secretary of the Department of Homeland Security, including former White House chief of staff John Kelly, sent a letter to the president and Congress on Thursday asking them restore the department\u2019s funding."
                }
            ]
        },
        {
            "sentence": "\u201cDHS employees who protect the traveling public, investigate and counter terrorism, and protect critical infrastructure should not have to rely on the charitable generosity of others for assistance in feeding their families and paying their bills while they steadfastly focus on the mission at hand,\u201d the letter said. ",
            "sentence-index": 17,
            "annotations": []
        },
        {
            "sentence": "\u201cThis is unconscionable.\u201d",
            "sentence-index": 18,
            "annotations": [
                {
                    "start": 0,
                    "end": 25,
                    "target": "Donald Trump",
                    "polarity": "Negative",
                    "aim": "Direct",
                    "bias": "Informational",
                    "quote": "Yes",
                    "speaker": "Other (Neutral)",
                    "indirect-ally-opponent-sentiment": "",
                    "text": "\u201cThis is unconscionable.\u201d"
                }
            ]
        },
        {
            "sentence": "President Trump on Saturday announced a compromise plan that funded the wall while extending protections for 700,000 illegal immigrants brought to the country as children and 300,000 immigrants from countries designated unsafe to return. ",
            "sentence-index": 19,
            "annotations": [
                {
                    "start": 0,
                    "end": 237,
                    "target": "Donald Trump",
                    "polarity": "Negative",
                    "aim": "Direct",
                    "bias": "Informational",
                    "quote": "No",
                    "speaker": "",
                    "indirect-ally-opponent-sentiment": "",
                    "text": "President Trump on Saturday announced a compromise plan that funded the wall while extending protections for 700,000 illegal immigrants brought to the country as children and 300,000 immigrants from countries designated unsafe to return."
                }
            ]
        },
        {
            "sentence": "However, Democrats rejected the plan even before Trump announced it, and a Senate version of the plan failed to get the 60 votes needed on Thursday. ",
            "sentence-index": 20,
            "annotations": [
                {
                    "start": 0,
                    "end": 67,
                    "target": "Donald Trump",
                    "polarity": "Positive",
                    "aim": "Indirect (Opponent)",
                    "indirect-target-name": "Democrats",
                    "bias": "Informational",
                    "quote": "No",
                    "speaker": "",
                    "indirect-ally-opponent-sentiment": "Negative",
                    "text": "However, Democrats rejected the plan even before Trump announced it"
                }
            ]
        },
        {
            "sentence": "A second bill, already passed by the Democrat-controlled House to re-open the government, also fell short.",
            "sentence-index": 21,
            "annotations": []
        },
        {
            "sentence": "On Thursday, Trump had promised that Republicans \u201cwill not cave\" on border wall demands.",
            "sentence-index": 22,
            "annotations": [
                {
                    "start": 0,
                    "end": 88,
                    "target": "Donald Trump",
                    "polarity": "Negative",
                    "aim": "Direct",
                    "bias": "Informational",
                    "quote": "No",
                    "speaker": "",
                    "indirect-ally-opponent-sentiment": "",
                    "text": "On Thursday, Trump had promised that Republicans \u201cwill not cave\" on border wall demands."
                }
            ]
        },
        {
            "sentence": "",
            "sentence-index": 23,
            "annotations": []
        }
    ]
}