{
    "main-event": "Donald Trump announces end to government shutdown",
    "main-entities": [
        "Donald Trump"
    ],
    "title": "Trump Signs Bill Reopening Government for 3 Weeks in Surprise Retreat From Wall",
    "source": "nyt",
    "url": "https://www.nytimes.com/2019/01/25/us/politics/trump-shutdown-deal.html",
    "date": "2019-01-25",
    "article-level-annotations": {
        "author-sentiment": {
            "main-event": "Neutral",
            "Donald Trump": "Negative"
        },
        "stance": "Center"
    },
    "annotators": [
        "A",
        "B"
    ],
    "body": [
        {
            "sentence": "WASHINGTON \u2014 President Trump agreed on Friday to reopen the federal government for three weeks while negotiations continued over how to secure the nation\u2019s southwestern border, backing down after a monthlong standoff failed to force Democrats to give him billions of dollars for his long-promised wall.",
            "sentence-index": 0,
            "annotations": []
        },
        {
            "sentence": "The president\u2019s concession paved the way for the House and the Senate to both pass a stopgap spending bill by voice vote.",
            "sentence-index": 1,
            "annotations": []
        },
        {
            "sentence": "Mr. Trump signed it on Friday night, restoring normal operations at a series of federal agencies until Feb. 15 and opening the way to paying the 800,000 federal workers who have been furloughed or forced to work without pay for 35 days.",
            "sentence-index": 2,
            "annotations": [
                {
                    "start": 197,
                    "end": 211,
                    "target": "Donald Trump",
                    "polarity": "Negative",
                    "aim": "Direct",
                    "indirect-target-name": "",
                    "indirect-ally-opponent-sentiment": "",
                    "bias": "Lexical",
                    "quote": "No",
                    "speaker": "",
                    "text": "forced to work"
                }
            ]
        },
        {
            "sentence": "The plan includes none of the money for the wall that Mr. Trump had demanded and was essentially the same approach that he rejected at the end of December and that Democrats have advocated since, meaning he won nothing concrete during the impasse.",
            "sentence-index": 3,
            "annotations": [
                {
                    "start": 204,
                    "end": 246,
                    "target": "Donald Trump",
                    "polarity": "Negative",
                    "aim": "Direct",
                    "indirect-target-name": "",
                    "indirect-ally-opponent-sentiment": "",
                    "bias": "Informational",
                    "quote": "No",
                    "speaker": "",
                    "text": "he won nothing concrete during the impasse"
                }
            ]
        },
        {
            "sentence": "Mr. Trump presented the agreement with congressional leaders as a victory anyway, and indicated in a speech in the Rose Garden that his cease-fire may only be temporary: If Republicans and Democrats cannot reach agreement on wall money by the February deadline, he said that he was ready to renew the confrontation or declare a national emergency to bypass Congress altogether.",
            "sentence-index": 4,
            "annotations": [
                {
                    "start": 74,
                    "end": 80,
                    "target": "Donald Trump",
                    "polarity": "Negative",
                    "aim": "Direct",
                    "indirect-target-name": "",
                    "indirect-ally-opponent-sentiment": "",
                    "bias": "Lexical",
                    "quote": "No",
                    "speaker": "",
                    "text": "anyway"
                }
            ]
        },
        {
            "sentence": "\u201cWe really have no choice but to build a powerful wall or steel barrier,\u201d Mr. Trump said.",
            "sentence-index": 5,
            "annotations": []
        },
        {
            "sentence": "\u201cIf we don\u2019t get a fair deal from Congress, the government will either shut down on Feb. 15, or I will use the powers afforded to me under the laws and Constitution of the United States to address this emergency.\u201d",
            "sentence-index": 6,
            "annotations": []
        },
        {
            "sentence": "But Mr. Trump has already adopted some of the language that his Democratic adversaries have used during the longest shutdown in history.",
            "sentence-index": 7,
            "annotations": []
        },
        {
            "sentence": "He conceded that \u201cwe do not need 2,000 miles of concrete wall from sea to shining sea \u2014 we never did\u201d and invoked the utility of \u201csmart walls\u201d that substitute some physical barriers for drones and other sensors.",
            "sentence-index": 8,
            "annotations": []
        },
        {
            "sentence": "The semantic evolution provides both the president and Democrats with a face-saving way forward if they want it.",
            "sentence-index": 9,
            "annotations": []
        },
        {
            "sentence": "The surprise announcement was a remarkable surrender for a president who made the wall his nonnegotiable condition for reopening the government and a centerpiece of his political platform.",
            "sentence-index": 10,
            "annotations": [
                {
                    "start": 32,
                    "end": 52,
                    "target": "Donald Trump",
                    "polarity": "Negative",
                    "aim": "Direct",
                    "indirect-target-name": "",
                    "indirect-ally-opponent-sentiment": "",
                    "bias": "Lexical",
                    "quote": "No",
                    "speaker": "",
                    "text": "remarkable surrender"
                }
            ]
        },
        {
            "sentence": "Some immigration hard-liners that make up a key part of his political base were incensed by the capitulation.",
            "sentence-index": 11,
            "annotations": []
        },
        {
            "sentence": "\u201cGood news for George Herbert Walker Bush: As of today, he is no longer the biggest wimp ever to serve as President of the United States,\u201d the commentator Ann Coulter, who has aggressively pushed Mr. Trump to keep his campaign promise on the wall, wrote on Twitter.",
            "sentence-index": 12,
            "annotations": [
                {
                    "start": 56,
                    "end": 136,
                    "target": "Donald Trump",
                    "polarity": "Negative",
                    "aim": "Direct",
                    "indirect-target-name": "",
                    "indirect-ally-opponent-sentiment": "",
                    "bias": "Informational",
                    "quote": "Yes",
                    "speaker": "Other (Anti-target)",
                    "text": "he is no longer the biggest wimp ever to serve as President of the United States"
                },
                {
                    "start": 76,
                    "end": 88,
                    "target": "Donald Trump",
                    "polarity": "Negative",
                    "aim": "Indirect (General)",
                    "indirect-target-name": "George HW Bush",
                    "indirect-ally-opponent-sentiment": "Negative",
                    "bias": "Lexical",
                    "quote": "Yes",
                    "speaker": "Other (Anti-target)",
                    "text": "biggest wimp"
                }
            ]
        },
        {
            "sentence": "On Capitol Hill, though, jittery lawmakers from both parties greeted the news with relief.",
            "sentence-index": 13,
            "annotations": []
        },
        {
            "sentence": "Mr. Trump relented as the effects of the shutdown were rippling with ever greater force across the economy, with fallout far beyond paychecks.",
            "sentence-index": 14,
            "annotations": []
        },
        {
            "sentence": "On Friday, air traffic controllers calling in sick slowed air traffic across the Northeast; hundreds of workers at the Internal Revenue Service also did not show up; and the F.B.I. director said he was as angry as he had ever been over his agents not being paid.",
            "sentence-index": 15,
            "annotations": []
        },
        {
            "sentence": "\u201cNone of us are willing to go through this again,\u201d said Senator Lisa Murkowski of Alaska, referring to a half-dozen Republicans who voted on Thursday for a Democratic measure to reopen the government for two weeks.",
            "sentence-index": 16,
            "annotations": []
        },
        {
            "sentence": "\u201cAnd it\u2019s not just a few of us. There are a great many in our conference that feel pretty strongly.\u201d",
            "sentence-index": 17,
            "annotations": []
        },
        {
            "sentence": "Democrats, who declined to revel in their clear victory, said they would work in good faith to strike a deal on border security.",
            "sentence-index": 18,
            "annotations": []
        },
        {
            "sentence": "They have raised their offer on border security funding considerably and toughened their rhetoric on stopping illegal immigration.",
            "sentence-index": 19,
            "annotations": []
        },
        {
            "sentence": "But Speaker Nancy Pelosi stated plainly that any compromise would not include money for a new border wall, which Democrats view as ineffective and overly costly even though many have supported border fencing in the past.",
            "sentence-index": 20,
            "annotations": []
        },
        {
            "sentence": "\u201cHave I not been clear on a wall?\u201d Ms. Pelosi said at a news conference with Senator Chuck Schumer of New York, the Democratic leader.",
            "sentence-index": 21,
            "annotations": []
        },
        {
            "sentence": "The two have repeatedly said they would support allocating additional money for technology and increased patrols along the border, like the ones Mr. Trump referenced on Friday.",
            "sentence-index": 22,
            "annotations": []
        },
        {
            "sentence": "The cease-fire should pave the way for Mr. Trump to deliver his State of the Union address to Congress after all, but Ms. Pelosi said it would not be held this Tuesday, as originally scheduled.",
            "sentence-index": 23,
            "annotations": []
        },
        {
            "sentence": "She had rescinded her invitation this week to come to the House chamber until the government was reopened, and on Friday, she said she would work with Mr. Trump to find a new date.",
            "sentence-index": 24,
            "annotations": []
        },
        {
            "sentence": "\u201cThe State of the Union is not planned now,\u201d Ms. Pelosi said.",
            "sentence-index": 25,
            "annotations": []
        },
        {
            "sentence": "\u201cWhen government is open we will discuss a mutually agreeable date.\u201d",
            "sentence-index": 26,
            "annotations": []
        },
        {
            "sentence": "As he announced the deal, Mr. Trump paid tribute to the federal workers who have endured five weeks without pay, expressing sympathy for them in a way he had not until now.",
            "sentence-index": 27,
            "annotations": [
                {
                    "start": 113,
                    "end": 171,
                    "target": "Donald Trump",
                    "polarity": "Negative",
                    "aim": "Direct",
                    "indirect-target-name": "",
                    "indirect-ally-opponent-sentiment": "",
                    "bias": "Informational",
                    "quote": "No",
                    "speaker": "",
                    "text": "expressing sympathy for them in a way he had not until now"
                }
            ]
        },
        {
            "sentence": "\u201cYou are fantastic people,\u201d he said.",
            "sentence-index": 28,
            "annotations": []
        },
        {
            "sentence": "He promised to ensure that workers would be compensated for the paychecks they have missed since the shutdown began in late December \u201cvery quickly or as soon as possible.\u201d",
            "sentence-index": 29,
            "annotations": []
        },
        {
            "sentence": "To that effect, the Office of Management and Budget circulated a letter to affected agencies and departments on Friday afternoon instructing management to prepare for an \u201corderly reopening\u201d and to prioritize pay and benefits for workers.",
            "sentence-index": 30,
            "annotations": []
        },
        {
            "sentence": "But other costs will be more permanent.",
            "sentence-index": 31,
            "annotations": []
        },
        {
            "sentence": "Many federal contractors do not expect to be repaid for their work during the shutdown.",
            "sentence-index": 32,
            "annotations": []
        },
        {
            "sentence": "Its compounding effects will ultimately cost the federal government more money than if it was open.",
            "sentence-index": 33,
            "annotations": []
        },
        {
            "sentence": "And though the long-term economic damage caused by the shutdown remains to be seen, it appears that at the very least the short-term pain was more costly than a down payment on the border wall.",
            "sentence-index": 34,
            "annotations": [
                {
                    "start": 11,
                    "end": 82,
                    "target": "Donald Trump",
                    "polarity": "Negative",
                    "aim": "Direct",
                    "indirect-target-name": "",
                    "indirect-ally-opponent-sentiment": "",
                    "bias": "Informational",
                    "quote": "No",
                    "speaker": "",
                    "text": "the long-term economic damage caused by the shutdown remains to be seen"
                }
            ]
        },
        {
            "sentence": "According to an analysis from Standard & Poor\u2019s, the ratings agency, the United States economy lost at least $6 billion in the five weeks the government was partly shuttered \u2014 more than the $5.7 billion that Mr. Trump had requested to build a steel or concrete barrier at the border.",
            "sentence-index": 35,
            "annotations": []
        },
        {
            "sentence": "Mr. Trump offered no explanation for his surrender, nor did he acknowledge that it was one.",
            "sentence-index": 36,
            "annotations": [
                {
                    "start": 0,
                    "end": 91,
                    "target": "Donald Trump",
                    "polarity": "Negative",
                    "aim": "Direct",
                    "indirect-target-name": "",
                    "indirect-ally-opponent-sentiment": "",
                    "bias": "Informational",
                    "quote": "No",
                    "speaker": "",
                    "text": "Mr. Trump offered no explanation for his surrender, nor did he acknowledge that it was one."
                }
            ]
        },
        {
            "sentence": "On Twitter on Friday night, he said: \u201cThis was in no way a concession.",
            "sentence-index": 37,
            "annotations": []
        },
        {
            "sentence": "It was taking care of millions of people who were getting badly hurt by the Shutdown with the understanding that in 21 days, if no deal is done, it\u2019s off to the races!\u201d",
            "sentence-index": 38,
            "annotations": []
        },
        {
            "sentence": "During the president\u2019s speech earlier in the day, cabinet officials and White House aides lined the sides of the Rose Garden and applauded him.",
            "sentence-index": 39,
            "annotations": []
        },
        {
            "sentence": "Mr. Trump began his remarks as if he had actually emerged victorious, saying that he was \u201cvery proud to announce\u201d what he called \u201ca deal to end the shutdown and reopen the federal government.\u201d",
            "sentence-index": 40,
            "annotations": []
        },
        {
            "sentence": "Few lawmakers even in the president\u2019s own party saw it that way.",
            "sentence-index": 41,
            "annotations": []
        },
        {
            "sentence": "\u201cI hail from a state that is very supportive of the president and border security with barriers, so that is a consideration for me, but there are a lot of other strategies we could employ that would work better\u201d than a shutdown, said Senator Shelley Moore Capito, Republican of West Virginia.",
            "sentence-index": 42,
            "annotations": []
        },
        {
            "sentence": "With polls showing the president enduring most of the blame by the public, Republicans led by Senator Mitch McConnell of Kentucky, the majority leader, pressured Mr. Trump to agree to the temporary truce.",
            "sentence-index": 43,
            "annotations": []
        },
        {
            "sentence": "Over the next three weeks, a House-Senate conference committee representing both parties will negotiate a border security plan, but if it fails to reach a consensus, government agencies could close again.",
            "sentence-index": 44,
            "annotations": []
        },
        {
            "sentence": "The president\u2019s concession came a day after two competing measures to reopen the government failed on the Senate floor.",
            "sentence-index": 45,
            "annotations": []
        },
        {
            "sentence": "A Democratic bill, which would have reopened the government with no strings attached, received more votes than the bill backed by Mr. Trump, which included temporary protections for some undocumented immigrants in exchange for $5.7 billion for his proposed border wall.",
            "sentence-index": 46,
            "annotations": []
        },
        {
            "sentence": "Mr. McConnell and Mr. Schumer huddled on Thursday night after the failed votes to discuss a path forward.",
            "sentence-index": 47,
            "annotations": []
        },
        {
            "sentence": "Mr. Schumer rejected the idea of offering a down payment for the wall to reopen the government and pitched Mr. McConnell on what ultimately became the agreement with Mr. Trump, according to a senior Democratic aide.",
            "sentence-index": 48,
            "annotations": []
        },
        {
            "sentence": "Mr. McConnell, who viewed the shutdown as unnecessary from the start, found Mr. Trump eager to end the impasse, and in a series of calls, they ironed out the details.",
            "sentence-index": 49,
            "annotations": [
                {
                    "start": 15,
                    "end": 68,
                    "target": "Donald Trump",
                    "polarity": "Negative",
                    "aim": "Indirect (Ally)",
                    "indirect-target-name": "Mitch McConnell",
                    "indirect-ally-opponent-sentiment": "Neutral",
                    "bias": "Informational",
                    "quote": "No",
                    "speaker": "",
                    "text": "who viewed the shutdown as unnecessary from the start"
                }
            ]
        },
        {
            "sentence": "To the Republican leader, it was a way to ease much of the pressure on federal workers and get the Senate back to work.",
            "sentence-index": 50,
            "annotations": []
        },
        {
            "sentence": "As late as early Friday morning, Mr. Trump appeared intent on declaring a national emergency at the border alongside the agreement to reopen the government, but Mr. McConnell and White House officials encouraged him to drop the idea, according to people familiar with the discussions who were not authorized to discuss them.",
            "sentence-index": 51,
            "annotations": []
        },
        {
            "sentence": "Republican leaders tried to rally their members during a closed policy luncheon before Thursday\u2019s votes.",
            "sentence-index": 52,
            "annotations": []
        },
        {
            "sentence": "But even as Republicans prepared to support Mr. Trump\u2019s plan, the signs of mounting frustration after weeks of inaction were evident.",
            "sentence-index": 53,
            "annotations": []
        },
        {
            "sentence": "Republican senators rose one by one to voice concerns about the effect on federal workers and the lack of forward momentum in an impasse that felt unbearable.",
            "sentence-index": 54,
            "annotations": []
        },
        {
            "sentence": "They swore they would never stand by another government shutdown.",
            "sentence-index": 55,
            "annotations": []
        },
        {
            "sentence": "\u201cWe\u2019ve already lost,\u201d lamented Senator Johnny Isakson, Republican of Georgia, according to people familiar with the remarks.",
            "sentence-index": 56,
            "annotations": []
        },
        {
            "sentence": "\u201cIt\u2019s a matter of the extent we want to keep losing.\u201d",
            "sentence-index": 57,
            "annotations": []
        },
        {
            "sentence": "At another point, during an exchange first reported by The Washington Post, Senator Ron Johnson, Republican of Wisconsin, vented at Mr. McConnell for putting Republicans in the position of having to vote on two competing approaches to reopen the government \u2014 one Republican and one Democratic \u2014 without consulting them first.",
            "sentence-index": 58,
            "annotations": []
        },
        {
            "sentence": "\u201cYou put us in this position,\u201d Mr. Johnson said, according to one of his aides.",
            "sentence-index": 59,
            "annotations": []
        },
        {
            "sentence": "Mr. McConnell, who had largely been absent from negotiations to reopen the government until late last week, responded, \u201cAre you suggesting I\u2019m enjoying this?\u201d",
            "sentence-index": 60,
            "annotations": []
        }
    ]
}