{
    "source": "fox",
    "main-entities": [
        "Asa Hutchinson",
        "National Rifle Association"
    ],
    "main-event": "NRA urges states to allow more armed officers in schools",
    "title": "NRA urges states to allow more armed officers in schools",
    "url": "http://www.foxnews.com/politics/2013/04/02/nra-urges-states-to-allow-more-armed-officers-in-schools/?intcmp=related",
    "word-count": 439,
    "date": "2013-04-02",
    "article-level-annotations": {
        "author-sentiment": {
            "main-event": "Neutral",
            "Asa Hutchinson": "Neutral",
            "National Rifle Association": "Neutral"
        },
        "stance": "Right"
    },
    "annotators": [
        "A",
        "B"
    ],
    "body": [
        {
            "sentence": "NRA urges states to allow more armed officers in schools",
            "sentence-index": 0,
            "annotations": []
        },
        {
            "sentence": "The National Rifle Association called Tuesday for state legislatures to allow more school personnel to carry weapons on school grounds once they've gone through extensive training, as part of a set of recommendations that capped a weeks-long review in the wake of the Newtown mass shooting.",
            "sentence-index": 1,
            "annotations": []
        },
        {
            "sentence": "The NRA initially took criticism from Democrats for focusing so closely on school security, and rejecting gun control measures, following the Connecticut shooting in which 26 people were killed.",
            "sentence-index": 2,
            "annotations": []
        },
        {
            "sentence": "NRA CEO Wayne LaPierre in December called for armed officers to be installed in every school in the country.",
            "sentence-index": 3,
            "annotations": []
        },
        {
            "sentence": "Former Arkansas Rep. Asa Hutchinson, who led the NRA's review, appeared to ease off slightly on the call for armed officers in every school -- he said it's \"important\" for every school to have at least one, but acknowledged these decisions are \"locally made\" based on unique budget circumstances.",
            "sentence-index": 4,
            "annotations": []
        },
        {
            "sentence": "Hutchinson, though, did call for the creation of a 40-60 hour training program for armed officers.",
            "sentence-index": 5,
            "annotations": []
        },
        {
            "sentence": "To accompany that, his group proposed a \"model\" state law that would allow certain personnel who have undergone this training to carry weapons on school grounds.",
            "sentence-index": 6,
            "annotations": []
        },
        {
            "sentence": "\"This is not talking about all teachers,\" he said.",
            "sentence-index": 7,
            "annotations": []
        },
        {
            "sentence": "\"Teachers should teach.\"",
            "sentence-index": 8,
            "annotations": []
        },
        {
            "sentence": "The 225-page report also called for states to require schools to conduct a safety assessment and for a pilot program to be created assessing mental health as a pre-indicator for violence.",
            "sentence-index": 9,
            "annotations": []
        },
        {
            "sentence": "Mark Mattioli, the father of one Newtown shooting victim, also spoke after Hutchinson's announcement to applaud the review effort.",
            "sentence-index": 10,
            "annotations": [
                {
                    "start": 0,
                    "end": 130,
                    "target": "Asa Hutchinson",
                    "polarity": "Positive",
                    "aim": "Direct",
                    "indirect-target-name": "",
                    "indirect-ally-opponent-sentiment": "",
                    "bias": "Informational",
                    "quote": "No",
                    "speaker": "",
                    "text": "Mark Mattioli, the father of one Newtown shooting victim, also spoke after Hutchinson's announcement to applaud the review effort."
                }
            ]
        },
        {
            "sentence": "The review comes as Congress and a number of state legislatures pursue gun control legislation.",
            "sentence-index": 11,
            "annotations": []
        },
        {
            "sentence": "While a few have focused on school security -- South Dakota has already approved legislation allowing for teachers to be armed -- many have concentrated on enacting or expanding assault weapons bans, strengthening background checks and passing other measures to restrict access to firearms.",
            "sentence-index": 12,
            "annotations": []
        },
        {
            "sentence": "Connecticut, the home of the Sandy Hook school shooting, is the latest to advance a sweeping gun control proposal -- lawmakers announced a deal Monday on a package that is likely to win approval.",
            "sentence-index": 13,
            "annotations": []
        },
        {
            "sentence": "But LaPierre in December argued that improving school security is paramount.",
            "sentence-index": 14,
            "annotations": []
        },
        {
            "sentence": "He argued that if banks and members of Congress can have protection, schools across America should be afforded the same security.",
            "sentence-index": 15,
            "annotations": []
        },
        {
            "sentence": "\"It's now time for us to assume responsibly for our schools,\" he said.",
            "sentence-index": 16,
            "annotations": []
        },
        {
            "sentence": "\"The only way to stop a monster from killing our kids is to be permanently involved and invested in a plan of absolute protection.\"",
            "sentence-index": 17,
            "annotations": []
        },
        {
            "sentence": "He added: \"The only thing that stops a bad guy with a gun is a good guy with a gun.\"",
            "sentence-index": 18,
            "annotations": []
        }
    ]
}