{
    "url": "http://www.foxnews.com/us/2015/06/30/nj-gov-chris-christie-to-throw-his-hat-in-ring-for-white-house-run.html",
    "word-count": 646,
    "source": "fox",
    "title": "NJ Gov Chris Christie to Throw His Hat in the Ring for White House Run",
    "date": "2015-06-30",
    "main-event": "Chris Christie announces bid for presidency",
    "main-entities": [
        "Chris Christie"
    ],
    "article-level-annotations": {
        "author-sentiment": {
            "main-event": "Neutral",
            "Chris Christie": "Neutral"
        },
        "stance": "Center"
    },
    "annotators": [
        "A",
        "B"
    ],
    "body": [
        {
            "sentence": "NJ Gov Chris Christie to Throw His Hat in the Ring for White House Run",
            "sentence-index": 0,
            "annotations": []
        },
        {
            "sentence": "New Jersey Governor Chris Christie expected to become the latest Republican to throw his hat in the ring for 2016.",
            "sentence-index": 1,
            "annotations": []
        },
        {
            "sentence": "He\u2019ll make the announcement today at 11am from his hometown of Livingston, New Jersey.",
            "sentence-index": 2,
            "annotations": []
        },
        {
            "sentence": "The Governor faces an uphill climb for the nomination with low poll numbers, and a fundraising deficit.",
            "sentence-index": 3,
            "annotations": []
        },
        {
            "sentence": "The Washington Post reporter Robert Costa writes of Christie today, \u201chis status as the establishment favorite for the GOP nomination has vanished.",
            "sentence-index": 4,
            "annotations": []
        },
        {
            "sentence": "Dogged by scandals and plummeting popularity in his home state, Christie has seen many of the mega-donors who once toasted him drift toward his rivals, including former Florida governor Jeb Bush.\u201d",
            "sentence-index": 5,
            "annotations": [
                {
                    "start": 0,
                    "end": 62,
                    "target": "Chris Christie",
                    "polarity": "Negative",
                    "aim": "Direct",
                    "indirect-target-name": "",
                    "indirect-ally-opponent-sentiment": "",
                    "bias": "Informational",
                    "quote": "Yes",
                    "speaker": "Other (Neutral)",
                    "text": "Dogged by scandals and plummeting popularity in his home state"
                }
            ]
        },
        {
            "sentence": "But don\u2019t write him off.",
            "sentence-index": 6,
            "annotations": []
        },
        {
            "sentence": "Maggie Haberman in the New York Times today explains why, \u201cMore than any other candidate, Mr. Christie is poised to run a race that sells his personality -- brash, challenging and often combative -- as his main asset.",
            "sentence-index": 7,
            "annotations": []
        },
        {
            "sentence": "He has become a maestro of the town hall meeting, standing in a suit taking questions from New Jersey residents around the state until none remain, leaving some people enraged but many more laughing, weeping or hoping he would come over and clasp their hand.\u201d",
            "sentence-index": 8,
            "annotations": []
        }
    ]
}