{
    "source": "hpo",
    "main-entities": [
        "Chris Christie"
    ],
    "main-event": "Chris Christie announces bid for presidency",
    "title": "Chris Christie Announces He's Running For President In 2016",
    "url": "https://www.huffingtonpost.com/2015/06/30/chris-christie-president_n_6480964.html",
    "word-count": 614,
    "date": "2015-06-30",
    "article-level-annotations": {
        "author-sentiment": {
            "main-event": "Neutral",
            "Chris Christie": "Neutral"
        },
        "stance": "Right"
    },
    "annotators": [
        "A",
        "B"
    ],
    "body": [
        {
            "sentence": "Chris Christie Announces He's Running For President In 2016",
            "sentence-index": 0,
            "annotations": []
        },
        {
            "sentence": "New Jersey Gov. Chris Christie (R) announced he's running for president in 2016.",
            "sentence-index": 1,
            "annotations": []
        },
        {
            "sentence": "Christie told supporters of his plans in a phone call Tuesday morning, according to NBC and the AP.",
            "sentence-index": 2,
            "annotations": []
        },
        {
            "sentence": "Christie made a public announcement Tuesday afternoon at Livingston High School, his alma mater, in Livingston, New Jersey.",
            "sentence-index": 3,
            "annotations": []
        },
        {
            "sentence": "\"I am now ready to fight for the people of the United States of America,\" Christie said at the public announcement.",
            "sentence-index": 4,
            "annotations": []
        },
        {
            "sentence": "He praised his home state during his speech, sharing how working as governor inspired him to run for president.",
            "sentence-index": 5,
            "annotations": []
        },
        {
            "sentence": "Christie also took hits at lawmakers in Washington, including President Barack Obama, claiming a lack of productivity from Congress is giving Americans anxiety.",
            "sentence-index": 6,
            "annotations": []
        },
        {
            "sentence": "\"Both parties have failed our country... both parties have led us to believe that America, a country that was built on compromise -- that compromise is somehow a dirty word,\" Christie said.",
            "sentence-index": 7,
            "annotations": []
        },
        {
            "sentence": "\"We need to have the courage to choose, we need to have the courage to stand up and say 'enough,'\" Christie added.",
            "sentence-index": 8,
            "annotations": []
        },
        {
            "sentence": "Christie, a tough-talking former federal prosecutor whose reputation for political bullying was reinforced by a George Washington Bridge lane-closing scandal last year, has served as New Jersey governor since January 2010, winning election twice in a state where Democrats greatly outnumber Republicans.",
            "sentence-index": 9,
            "annotations": [
                {
                    "start": 52,
                    "end": 167,
                    "target": "Chris Christie",
                    "polarity": "Negative",
                    "aim": "Direct",
                    "indirect-target-name": "",
                    "indirect-ally-opponent-sentiment": "",
                    "bias": "Informational",
                    "quote": "No",
                    "speaker": "",
                    "text": "whose reputation for political bullying was reinforced by a George Washington Bridge lane-closing scandal last year"
                }
            ]
        },
        {
            "sentence": "He notably led the state during catastrophic damage from Hurricane Sandy in 2012.",
            "sentence-index": 10,
            "annotations": []
        },
        {
            "sentence": "Christie's favorability rating among voters skyrocketed after he made himself visible through interviews, press conferences and tours of storm damage during the disaster.",
            "sentence-index": 11,
            "annotations": [
                {
                    "start": 0,
                    "end": 170,
                    "target": "Chris Christie",
                    "polarity": "Positive",
                    "aim": "Direct",
                    "indirect-target-name": "",
                    "indirect-ally-opponent-sentiment": "",
                    "bias": "Informational",
                    "quote": "No",
                    "speaker": "",
                    "text": "Christie's favorability rating among voters skyrocketed after he made himself visible through interviews, press conferences and tours of storm damage during the disaster."
                }
            ]
        },
        {
            "sentence": "Christie focused on his state rather than the presidential election that took place days after New Jersey's shore was ravaged by the storm.",
            "sentence-index": 12,
            "annotations": [
                {
                    "start": 0,
                    "end": 139,
                    "target": "Chris Christie",
                    "polarity": "Positive",
                    "aim": "Direct",
                    "indirect-target-name": "",
                    "indirect-ally-opponent-sentiment": "",
                    "bias": "Informational",
                    "quote": "No",
                    "speaker": "",
                    "text": "Christie focused on his state rather than the presidential election that took place days after New Jersey's shore was ravaged by the storm."
                }
            ]
        },
        {
            "sentence": "HuffPost reported in November 2012 Christie turned down an invitation to appear at an event with Republican presidential candidate Mitt Romney days ahead of the election.",
            "sentence-index": 13,
            "annotations": []
        },
        {
            "sentence": "Instead, Christie was seen that October praising President Barack Obama for responsiveness and \"leadership\" in the storm's aftermath.",
            "sentence-index": 14,
            "annotations": []
        },
        {
            "sentence": "In an October 2012 interview with Fox News, Christie said he didn't \"give a damn about presidential politics\" in the wake of the storm.",
            "sentence-index": 15,
            "annotations": []
        },
        {
            "sentence": "\"I have got a job to do here in New Jersey that is much bigger than presidential politics.",
            "sentence-index": 16,
            "annotations": [
                {
                    "start": 0,
                    "end": 90,
                    "target": "Chris Christie",
                    "polarity": "Positive",
                    "aim": "Direct",
                    "indirect-target-name": "",
                    "indirect-ally-opponent-sentiment": "",
                    "bias": "Informational",
                    "quote": "Yes",
                    "speaker": "Chris Christie",
                    "text": "\"I have got a job to do here in New Jersey that is much bigger than presidential politics."
                }
            ]
        },
        {
            "sentence": "And I could care less about any of that stuff,\" Christie said.",
            "sentence-index": 17,
            "annotations": []
        },
        {
            "sentence": "Christie was elected chairman of the Republican Governors Association in November 2013.",
            "sentence-index": 18,
            "annotations": []
        },
        {
            "sentence": "He worked within that role to raise money and contribute to the campaigns of Republican governors across the U.S., many of whom won in the 2014 midterm elections.",
            "sentence-index": 19,
            "annotations": []
        },
        {
            "sentence": "While serving as chair of the governors association, Christie held prep sessions on foreign policy with officials, business leaders and academics in an attempt to ready himself for a White House run, according The Associated Press.",
            "sentence-index": 20,
            "annotations": []
        },
        {
            "sentence": "Known for his blunt speaking style, Christie has acknowledged that he can come off brash and confrontational.",
            "sentence-index": 21,
            "annotations": []
        },
        {
            "sentence": "\"I'm not everybody's cup of tea, but I'm not in this business to get elected to prom king.",
            "sentence-index": 22,
            "annotations": []
        },
        {
            "sentence": "My job is to lead, and that's what I try to do,\" Christie said in 2014, according to the AP.",
            "sentence-index": 23,
            "annotations": []
        },
        {
            "sentence": "His image suffered a major blow in 2014, when it was revealed members of his administration, including his deputy chief of staff, were involved in a plot to cause traffic jams near the George Washington Bridge to retaliate against a mayor who hadn't supported Christie's 2013 re-election.",
            "sentence-index": 24,
            "annotations": []
        },
        {
            "sentence": "Dubbed \"Bridgegate,\" the controversy caused Christie, who had enjoyed high favorability ratings, to see his negatives rise sharply.",
            "sentence-index": 25,
            "annotations": []
        },
        {
            "sentence": "Christie has also faced criticism for reversinghis position recently on Common Core education standards.",
            "sentence-index": 26,
            "annotations": [
                {
                    "start": 0,
                    "end": 104,
                    "target": "Chris Christie",
                    "polarity": "Negative",
                    "aim": "Direct",
                    "indirect-target-name": "",
                    "indirect-ally-opponent-sentiment": "",
                    "bias": "Informational",
                    "quote": "No",
                    "speaker": "",
                    "text": "Christie has also faced criticism for reversinghis position recently on Common Core education standards."
                }
            ]
        },
        {
            "sentence": "Christie initially supported the standards but said recently that he no longer supports them because of how they've played out in his state.",
            "sentence-index": 27,
            "annotations": []
        },
        {
            "sentence": "According to HuffPost Pollster, Christie is in the middle of the pack of GOP presidential candidates.",
            "sentence-index": 28,
            "annotations": []
        }
    ]
}