{
    "date": "2010-12-12",
    "title": "Steele to Announce Decision on R.N.C. Run",
    "word-count": 555,
    "main-event": "Michael Steele about to announce whether he'll run again for RNC chairman",
    "source": "nyt",
    "url": "http://thecaucus.blogs.nytimes.com/2010/12/12/steele-to-announce-decision-on-r-n-c-run/",
    "main-entities": [
        "Michael Steele"
    ],
    "article-level-annotations": {
        "author-sentiment": {
            "main-event": "Neutral",
            "Michael Steele": "Neutral"
        },
        "stance": "Center"
    },
    "annotators": [
        "A",
        "C"
    ],
    "body": [
        {
            "sentence": "The battle for control of the Republican National Committee will take a new turn on Monday when Michael Steele announces whether he plans to step down as party chairman or will disregard the onslaught of criticism about his oversight of the committee and seek a second term.",
            "sentence-index": 0,
            "annotations": [
                {
                    "start": 191,
                    "end": 200,
                    "target": "Michael Steele",
                    "polarity": "Negative",
                    "aim": "Direct",
                    "indirect-target-name": "",
                    "indirect-ally-opponent-sentiment": "",
                    "bias": "Lexical",
                    "quote": "No",
                    "speaker": "",
                    "text": "onslaught"
                }
            ]
        },
        {
            "sentence": "Mr. Steele is expected to disclose his intentions during a conference call with committee members on Monday evening.",
            "sentence-index": 1,
            "annotations": []
        },
        {
            "sentence": "Mr. Steele has lost the backing of many top supporters, but he has not yet said whether he will try to rebuild his frayed coalition and fight for the chance to lead the party into the 2012 election cycle.",
            "sentence-index": 2,
            "annotations": []
        },
        {
            "sentence": "Mr. Steele\u2019s tenure has been one of the few blemishes this year for the Republican Party, which scored historic victories in the midterm elections.",
            "sentence-index": 3,
            "annotations": [
                {
                    "start": 0,
                    "end": 88,
                    "target": "Michael Steele",
                    "polarity": "Negative",
                    "aim": "Direct",
                    "indirect-target-name": "",
                    "indirect-ally-opponent-sentiment": "",
                    "bias": "Informational",
                    "quote": "No",
                    "speaker": "",
                    "text": "Mr. Steele\u2019s tenure has been one of the few blemishes this year for the Republican Party"
                }
            ]
        },
        {
            "sentence": "At least six top Republicans have already taken steps to run for party chairman and several members have withdrawn their support for Mr. Steele, leading many party leaders to conclude that Mr. Steele will not seek reelection.",
            "sentence-index": 4,
            "annotations": []
        },
        {
            "sentence": "But Mr. Steele has kept close counsel about his future, Republican officials said Sunday, and his plans were unknown even to several of his own advisers.",
            "sentence-index": 5,
            "annotations": []
        },
        {
            "sentence": "A spokesman for the R.N.C. did not respond to inquiries about the conference call, which Mr. Steele announced personally in a weekend e-mail message to fellow Republicans.",
            "sentence-index": 6,
            "annotations": []
        },
        {
            "sentence": "\u201cDear Members, Please join me for a private conference call,\u201d Mr. Steele wrote in a message to Republicans, which was provided to the New York Times by a committee member.",
            "sentence-index": 7,
            "annotations": []
        },
        {
            "sentence": "\u201cThank you and I look forward to talking to you Monday evening.\u201d",
            "sentence-index": 8,
            "annotations": []
        },
        {
            "sentence": "A coordinated effort to replace Mr. Steele has been underway for weeks, with several leading Republicans arguing that the committee needed to urgently improve its fund-raising practices and tighten its organizational structure to prepare for the presidential election.",
            "sentence-index": 9,
            "annotations": []
        },
        {
            "sentence": "The political director of the committee resigned in protest last month and is among those vying for the job.",
            "sentence-index": 10,
            "annotations": []
        },
        {
            "sentence": "Mr. Steele, a former lieutenant governor of Maryland, was elected in January 2009 to lead Republicans at a bleak moment.",
            "sentence-index": 11,
            "annotations": []
        },
        {
            "sentence": "He has argued that he deserves credit for building the party in all corners of the country and winning control of the House of Representatives last month.",
            "sentence-index": 12,
            "annotations": []
        },
        {
            "sentence": "The contenders for the position include: Reince Preibus, chairman of the Wisconsin Republican Party; Ann Wagner of Missouri, an ambassador to Luxembourg in the Bush administration; Maria Cino, a veteran Republican operative who has the support of former Vice President Dick Cheney; Saul Anuzis, former Republican chairman in Michigan; and Gentry Collins, who resigned last month as political director.",
            "sentence-index": 13,
            "annotations": []
        },
        {
            "sentence": "A former party chairman, Mike Duncan, also is considering a run.",
            "sentence-index": 14,
            "annotations": []
        },
        {
            "sentence": "The 168-member committee will elect a chairman during its meeting in January.",
            "sentence-index": 15,
            "annotations": []
        }
    ]
}