{
    "source": "hpo",
    "main-entities": [
        "Benjamin Netanyahu",
        "Barack Obama",
        "Secure America Now",
        "Romney campaign"
    ],
    "main-event": "Benjamin Netanyahu Used In Conservative Attack Ad Against Obama",
    "title": "Israel Prime Minister Bibi Netanyahu Used In Conservative Attack Ad Against Obama",
    "url": "https://www.huffingtonpost.com/2012/09/20/netanyahu-obama-attack-ad_n_1901109.html",
    "word-count": 422,
    "date": "2012-09-20",
    "article-level-annotations": {
        "author-sentiment": {
            "main-event": "Neutral",
            "Benjamin Netanyahu": "Neutral",
            "Barack Obama": "Neutral",
            "Secure America Now": "Neutral",
            "Romney campaign": "Neutral"
        },
        "stance": "Left"
    },
    "annotators": [
        "A",
        "C"
    ],
    "body": [
        {
            "sentence": "Even though Bibi Netanyahu recently decried the use of his name in election-year politicking, the Israeli prime minister is the subject of a new ad by Secure America Now, a neoconservative nonprofit organization dedicated to influencing the debate around American security and foreign policy.",
            "sentence-index": 0,
            "annotations": [
                {
                    "start": 0,
                    "end": 92,
                    "target": "Secure America Now",
                    "polarity": "Negative",
                    "aim": "Direct",
                    "indirect-target-name": "",
                    "indirect-ally-opponent-sentiment": "",
                    "bias": "Informational",
                    "quote": "No",
                    "speaker": "",
                    "text": "Even though Bibi Netanyahu recently decried the use of his name in election-year politicking"
                }
            ]
        },
        {
            "sentence": "Politico reports:",
            "sentence-index": 1,
            "annotations": []
        },
        {
            "sentence": "\u201cA Republican involved with the project said it\u2019s airing in Miami, West Palm Beach and Ft. Myers.",
            "sentence-index": 2,
            "annotations": []
        },
        {
            "sentence": "The flight is ultimately going to be $1 million, the official said - a media-tracking source said about $400,000 has been placed so far.",
            "sentence-index": 3,
            "annotations": []
        },
        {
            "sentence": "Those markets house some of the state\u2019s largest Jewish communities.",
            "sentence-index": 4,
            "annotations": []
        },
        {
            "sentence": "The pollster for Secure America Now is John McLaughlin, who has worked with Netanyahu\u2019s Likud Party.\u201d",
            "sentence-index": 5,
            "annotations": []
        },
        {
            "sentence": "The ad features Netanyahu laying out Israel\u2019s security concerns about Iran\u2019s nuclear program, which Republicans have used to knock President Barack Obama\u2019s sometimes frosty relationship with the Israeli prime minister. ",
            "sentence-index": 6,
            "annotations": [
                {
                    "start": 166,
                    "end": 172,
                    "target": "Barack Obama",
                    "polarity": "Negative",
                    "aim": "Direct",
                    "indirect-target-name": "",
                    "indirect-ally-opponent-sentiment": "",
                    "bias": "Lexical",
                    "quote": "No",
                    "speaker": "",
                    "text": "frosty"
                }
            ]
        },
        {
            "sentence": "Republican presidential nominee Mitt Romney has repeatedly targeted the Obama administration for not taking a firm enough stance against Iran, claiming on many occasions that the president has \u201cthrown Israel under a bus.\u201d",
            "sentence-index": 7,
            "annotations": [
                {
                    "start": 194,
                    "end": 219,
                    "target": "Barack Obama",
                    "polarity": "Negative",
                    "aim": "Direct",
                    "indirect-target-name": "",
                    "indirect-ally-opponent-sentiment": "",
                    "bias": "Lexical",
                    "quote": "Yes",
                    "speaker": "Romney campaign",
                    "text": "thrown Israel under a bus"
                }
            ]
        },
        {
            "sentence": "The GOP also has attacked the president for declining an opportunity to meet with Netanyahu at the United Nations General Assembly later this month in an effort to paint the current White House as dismissive of Israel and its concerns.",
            "sentence-index": 8,
            "annotations": [
                {
                    "start": 197,
                    "end": 207,
                    "target": "Barack Obama",
                    "polarity": "Negative",
                    "aim": "Direct",
                    "indirect-target-name": "",
                    "indirect-ally-opponent-sentiment": "",
                    "bias": "Lexical",
                    "quote": "No",
                    "speaker": "",
                    "text": "dismissive"
                }
            ]
        },
        {
            "sentence": "But Netanyahu pushed back against these criticisms in two separate interviews on Sunday, first telling CNN, \u201cI know that people are trying to draw me into the American election.",
            "sentence-index": 9,
            "annotations": []
        },
        {
            "sentence": "I\u2019m not going to do that.\u201d",
            "sentence-index": 10,
            "annotations": []
        },
        {
            "sentence": "He also rejected reports that Obama refused his request for a meeting, pinning the circumstances on a scheduling conflict, as has the White House when pressed on the subject.",
            "sentence-index": 11,
            "annotations": []
        },
        {
            "sentence": "\u201cPresident Obama has said that he\u2019s determined to prevent Iran from getting nuclear weapons and I appreciate that and I respect that,\u201d Netanyahu said on NBC\u2019s \u201cMeet the Press.\u201d",
            "sentence-index": 12,
            "annotations": [
                {
                    "start": 1,
                    "end": 132,
                    "target": "Barack Obama",
                    "polarity": "Positive",
                    "aim": "Direct",
                    "indirect-target-name": "",
                    "indirect-ally-opponent-sentiment": "",
                    "bias": "Informational",
                    "quote": "Yes",
                    "speaker": "Bibi Netanyahu",
                    "text": "President Obama has said that he\u2019s determined to prevent Iran from getting nuclear weapons and I appreciate that and I respect that"
                }
            ]
        },
        {
            "sentence": "When asked if Obama had thrown Israel under a bus, Netanyahu responded, \u201cThere is no bus.\u201d",
            "sentence-index": 13,
            "annotations": []
        },
        {
            "sentence": "This isn\u2019t the first ad Secure America Now has run against Obama, even though on its website the organization describes itself as representing all political ideologies.",
            "sentence-index": 14,
            "annotations": [
                {
                    "start": 0,
                    "end": 168,
                    "target": "Secure America Now",
                    "polarity": "Negative",
                    "aim": "Direct",
                    "indirect-target-name": "",
                    "indirect-ally-opponent-sentiment": "",
                    "bias": "Informational",
                    "quote": "No",
                    "speaker": "",
                    "text": "This isn\u2019t the first ad Secure America Now has run against Obama, even though on its website the organization describes itself as representing all political ideologies."
                }
            ]
        },
        {
            "sentence": "In July, the group released an ad pushing the same attack line employed by Romney, accusing the president of embarking on a so-called \u201capology tour\u201d at the expense of American security. ",
            "sentence-index": 15,
            "annotations": [
                {
                    "start": 124,
                    "end": 133,
                    "target": "Secure America Now",
                    "polarity": "Negative",
                    "aim": "Direct",
                    "indirect-target-name": "",
                    "indirect-ally-opponent-sentiment": "",
                    "bias": "Lexical",
                    "quote": "No",
                    "speaker": "",
                    "text": "so-called"
                }
            ]
        },
        {
            "sentence": "The Obama administration is not mentioned by name in the latest spot, but it implicitly underscores the GOP\u2019s narrative on the president\u2019s relationship with the country\u2019s closest ally.",
            "sentence-index": 16,
            "annotations": []
        }
    ]
}