{
    "source": "nyt",
    "main-entities": [
        "Benjamin Netanyahu",
        "Barack Obama",
        "Secure America Now"
    ],
    "main-event": "Benjamin Netanyahu Used In Conservative Attack Ad Against Obama",
    "title": "Netanyahu Appears in Conservative Group's Ad ",
    "url": "http://thecaucus.blogs.nytimes.com/2012/09/20/netanyahu-appears-in-conservative-groups-ad/?ref=politics",
    "word-count": 231,
    "date": "2012-09-20",
    "article-level-annotations": {
        "author-sentiment": {
            "main-event": "Neutral",
            "Benjamin Netanyahu": "Neutral",
            "Barack Obama": "Neutral",
            "Secure America Now": "Neutral"
        },
        "stance": "Center"
    },
    "annotators": [
        "A",
        "C"
    ],
    "body": [
        {
            "sentence": "Israel and Middle East policy have a tendency of surfacing in presidential politics in rather combustible ways.",
            "sentence-index": 0,
            "annotations": []
        },
        {
            "sentence": "And a new advertisement that will run in areas of Florida with large Jewish populations attempts to stoke anxiety over American policies in the region, using a news clip of Prime Minister Benjamin Netanyahu of Israel warning of the risks of a nuclear Iran.",
            "sentence-index": 1,
            "annotations": [
                {
                    "start": 88,
                    "end": 113,
                    "target": "Secure America Now",
                    "polarity": "Negative",
                    "aim": "Direct",
                    "indirect-target-name": "",
                    "indirect-ally-opponent-sentiment": "",
                    "bias": "Lexical",
                    "quote": "No",
                    "speaker": "",
                    "text": "attempts to stoke anxiety"
                }
            ]
        },
        {
            "sentence": "\u201cThe fact is that every day that passes, Iran gets closer and closer to nuclear arms,\u201d Mr. Netanyahu is shown saying.",
            "sentence-index": 2,
            "annotations": []
        },
        {
            "sentence": "For dramatic effect, a soundtrack fit for an episodic drama like \u201cHomeland\u201d plays as the prime minister continues.",
            "sentence-index": 3,
            "annotations": [
                {
                    "start": 0,
                    "end": 114,
                    "target": "Secure America Now",
                    "polarity": "Negative",
                    "aim": "Direct",
                    "indirect-target-name": "",
                    "indirect-ally-opponent-sentiment": "",
                    "bias": "Informational",
                    "quote": "No",
                    "speaker": "",
                    "text": "For dramatic effect, a soundtrack fit for an episodic drama like \u201cHomeland\u201d plays as the prime minister continues."
                }
            ]
        },
        {
            "sentence": "\u201cThe world tells Israel, \u2018Wait. There\u2019s still time.\u2019",
            "sentence-index": 4,
            "annotations": []
        },
        {
            "sentence": "And I say wait for what?",
            "sentence-index": 5,
            "annotations": []
        },
        {
            "sentence": "Wait until when?\u201d",
            "sentence-index": 6,
            "annotations": []
        },
        {
            "sentence": "Then an unseen announcer concludes: \u201cThe world needs American strength, not apologies.\u201d",
            "sentence-index": 7,
            "annotations": []
        },
        {
            "sentence": "That line is a not-so-veiled swipe at President Obama.",
            "sentence-index": 8,
            "annotations": []
        },
        {
            "sentence": "Mitt Romney and other Republicans have criticized his foreign policy as apologetic, toward volatile countries like Iran.",
            "sentence-index": 9,
            "annotations": []
        },
        {
            "sentence": "The group that produced the ad, Secure America Now, is run by two longtime Republican strategists, Nelson Warfield ? and John ?McLaughlin, and ?Pat Caddell, a former aide to Jimmy Carter who is now a Fox News contributor.",
            "sentence-index": 10,
            "annotations": []
        },
        {
            "sentence": "They have reserved $500,000 of airtime in Fort Myers, West Palm Beach and Miami.",
            "sentence-index": 11,
            "annotations": []
        },
        {
            "sentence": "A senior Israeli official said the government was not consulted on the ad and did not approve it.",
            "sentence-index": 12,
            "annotations": [
                {
                    "start": 0,
                    "end": 97,
                    "target": "Secure America Now",
                    "polarity": "Negative",
                    "aim": "Direct",
                    "indirect-target-name": "",
                    "indirect-ally-opponent-sentiment": "",
                    "bias": "Informational",
                    "quote": "No",
                    "speaker": "",
                    "text": "A senior Israeli official said the government was not consulted on the ad and did not approve it."
                }
            ]
        }
    ]
}