{
    "title": "White House Asked Bill Clinton to Urge Sestak to Drop Out of Senate Race",
    "date": "2010-05-28",
    "url": "http://www.foxnews.com/politics/2010/05/28/white-house-asked-clinton-urge-sestak-drop-senate-race.html",
    "main-entities": [
        "Joe Sestak",
        "Obama administration",
        "Bill Clinton"
    ],
    "word-count": 684,
    "source": "fox",
    "main-event": "White House Asked Bill Clinton to Urge Sestak to Drop Out of Senate Race",
    "article-level-annotations": {
        "author-sentiment": {
            "main-event": "Neutral",
            "Joe Sestak": "Neutral",
            "Obama administration": "Neutral",
            "Bill Clinton": "Neutral"
        },
        "stance": "Right"
    },
    "annotators": [
        "A",
        "C"
    ],
    "body": [
        {
            "sentence": "The White House asked former President Bill Clinton to talk to Rep. Joe Sestak about the possibility of obtaining a senior position in the Obama administration if he would drop out of the Democratic primary race against establishment-backed Sen. Arlen Specter, the Obama administration said in a report released Friday morning.",
            "sentence-index": 0,
            "annotations": []
        },
        {
            "sentence": "But the report, by White House Counsel Robert Bauer, concluded that \"allegations of improper conduct rest on factual errors and lack a basis in the law.\"",
            "sentence-index": 1,
            "annotations": []
        },
        {
            "sentence": "Batting down allegations that the White House dangled the secretary of Navy position in front of Sestak, the report said that Sestak was offered executive branch positions on advisory boards that were uncompensated.",
            "sentence-index": 2,
            "annotations": [
                {
                    "start": 46,
                    "end": 53,
                    "target": "Obama administration",
                    "polarity": "Negative",
                    "aim": "Direct",
                    "indirect-target-name": "",
                    "indirect-ally-opponent-sentiment": "",
                    "bias": "Lexical",
                    "quote": "No",
                    "speaker": "",
                    "text": "dangled"
                },
                {
                    "start": 0,
                    "end": 12,
                    "target": "Obama administration",
                    "polarity": "Negative",
                    "aim": "Direct",
                    "indirect-target-name": "",
                    "indirect-ally-opponent-sentiment": "",
                    "bias": "Lexical",
                    "quote": "No",
                    "speaker": "",
                    "text": "Batting down"
                }
            ]
        },
        {
            "sentence": "One of the jobs Clinton specifically discussed with Sestak was the president's intelligence advisory board.",
            "sentence-index": 3,
            "annotations": []
        },
        {
            "sentence": "But a White House official said the plan always was for Sestak to remain in the House, and he couldn't have served in the House and on the president's intelligence advisory board.",
            "sentence-index": 4,
            "annotations": []
        },
        {
            "sentence": "The report also described the Clinton conversations as informal and not tied to any precise job offer since, as a former president, Clinton could not guarantee Sestak anything.",
            "sentence-index": 5,
            "annotations": []
        },
        {
            "sentence": "Clinton initiated conversations with Sestak at the behest of White House Chief of Staff Rahm Emanuel, who was Clinton's political director when he was president.",
            "sentence-index": 6,
            "annotations": []
        },
        {
            "sentence": "As president, Clinton promoted Sestak to vice admiral and made him his director of defense policy.",
            "sentence-index": 7,
            "annotations": []
        },
        {
            "sentence": "Sestak was also a loyal and tireless supporter of Hillary Clinton's run for the presidency in 2008.",
            "sentence-index": 8,
            "annotations": []
        },
        {
            "sentence": "At hastily arranged news conference Friday afternoon, Sestak said Clinton called him last summer to express concerns over his jumping into the Senate primary, and how his military background could help him leave a mark on the House.",
            "sentence-index": 9,
            "annotations": [
                {
                    "start": 3,
                    "end": 19,
                    "target": "Obama administration",
                    "polarity": "Negative",
                    "aim": "Direct",
                    "indirect-target-name": "",
                    "indirect-ally-opponent-sentiment": "",
                    "bias": "Informational",
                    "quote": "No",
                    "speaker": "",
                    "text": "hastily arranged"
                }
            ]
        },
        {
            "sentence": "Sestak said he almost interrupted Clinton to tell him Clinton that \"I am going to decide to get into this or not only depending upon what's good for Pennsylvania's working families and not an offer.",
            "sentence-index": 10,
            "annotations": []
        },
        {
            "sentence": "And he said 'I knew you'd say that,'\" before the conversation moved on to other subjects.",
            "sentence-index": 11,
            "annotations": []
        },
        {
            "sentence": "The White House report disputed any suggestion that there was \"impropriety\" in Clinton's discussion with Sestak over possible alternatives to his Senate candidacy.",
            "sentence-index": 12,
            "annotations": []
        },
        {
            "sentence": "\"There have been numerous, reported instances in the past when prior administrations -- both Democratic and Republican, and motivated by the same goals -- discussed alternative paths to service for qualified individuals also considering campaigns for public office,\" the report read.",
            "sentence-index": 13,
            "annotations": []
        },
        {
            "sentence": "\"Such discussions are fully consistent with the relevant law and ethical requirements.\"",
            "sentence-index": 14,
            "annotations": []
        },
        {
            "sentence": "The report comes one day after President Obama insisted \"nothing improper\" happened with Sestak.",
            "sentence-index": 15,
            "annotations": []
        },
        {
            "sentence": "On that same day, Obama had lunch with Clinton.",
            "sentence-index": 16,
            "annotations": [
                {
                    "start": 0,
                    "end": 47,
                    "target": "Obama administration",
                    "polarity": "Negative",
                    "aim": "Direct",
                    "indirect-target-name": "",
                    "indirect-ally-opponent-sentiment": "",
                    "bias": "Informational",
                    "quote": "No",
                    "speaker": "",
                    "text": "On that same day, Obama had lunch with Clinton."
                }
            ]
        },
        {
            "sentence": "\"This is punishable by prison.",
            "sentence-index": 17,
            "annotations": [
                {
                    "start": 0,
                    "end": 30,
                    "target": "Obama administration",
                    "polarity": "Negative",
                    "aim": "Direct",
                    "indirect-target-name": "",
                    "indirect-ally-opponent-sentiment": "",
                    "bias": "Informational",
                    "quote": "Yes",
                    "speaker": "Other (Anti-target)",
                    "text": "\"This is punishable by prison."
                }
            ]
        },
        {
            "sentence": "This is a felony,\" said Rep. Darrell Issa, R-Calif., who has been leading the charge for more details on the allegation.",
            "sentence-index": 18,
            "annotations": [
                {
                    "start": 0,
                    "end": 16,
                    "target": "Obama administration",
                    "polarity": "Negative",
                    "aim": "Direct",
                    "indirect-target-name": "",
                    "indirect-ally-opponent-sentiment": "",
                    "bias": "Informational",
                    "quote": "Yes",
                    "speaker": "Other (Anti-target)",
                    "text": "This is a felony"
                }
            ]
        },
        {
            "sentence": "\"This is about the White House.",
            "sentence-index": 19,
            "annotations": []
        },
        {
            "sentence": "This is not about Congressman Sestak,\" Issa said, adding that he wants to know what Clinton was empowered to say.",
            "sentence-index": 20,
            "annotations": []
        },
        {
            "sentence": "\"They've answered a question and it begs many more answers,\" he said.",
            "sentence-index": 21,
            "annotations": []
        },
        {
            "sentence": "\"We want elections not to be appointments.\"",
            "sentence-index": 22,
            "annotations": []
        },
        {
            "sentence": "Sestak's opponent in the general election for the Senate seat, Republican Pat Toomey, questioned why it took so long for this explanation.",
            "sentence-index": 23,
            "annotations": []
        },
        {
            "sentence": "\"If this explanation is as innocent as it looks, I sure don't know why it took three months to say so,\" Toomey said in a statement.",
            "sentence-index": 24,
            "annotations": []
        },
        {
            "sentence": "\"As I've said many times, this job offer issue is not my focus, and it's not where Pennsylvanians want the focus of the campaign to be.\"",
            "sentence-index": 25,
            "annotations": []
        },
        {
            "sentence": "Critics say the Sestak job offer may have violated the part of the U.S. code that says: \"Whoever, directly or indirectly, promises any employment, position, compensation...appointment...provided for or made possible in whole or in part by any Act of Congress...to any person as consideration, favor, or reward for any political activity...or in connection with any primary election ...shall be fined under this title or imprisoned not more than one year, or both.\"",
            "sentence-index": 26,
            "annotations": []
        }
    ]
}