{
    "date": "2011-12-13",
    "main-entities": [
        "Donald Trump"
    ],
    "main-event": "Donald Trump drops plans to moderate presidential debate",
    "source": "HPO",
    "url": "http://www.huffingtonpost.com/2011/12/13/donald-trump-pulling-out-debate_n_1146267.html?ref=politics&ir=Politics",
    "title": "Trump Pulling Out Of Debate",
    "word-count": 411,
    "article-level-annotations": {
        "author-sentiment": {
            "main-event": "Negative",
            "Donald Trump": "Negative"
        },
        "stance": "Left"
    },
    "annotators": [
        "A",
        "B"
    ],
    "body": [
        {
            "sentence": "Donald Trump has announced Tuesday that he is pulling out of his own Dec. 27th debate.",
            "sentence-index": 0,
            "annotations": [
                {
                    "start": 61,
                    "end": 68,
                    "target": "Donald Trump",
                    "polarity": "Negative",
                    "aim": "Direct",
                    "indirect-target-name": "",
                    "indirect-ally-opponent-sentiment": "",
                    "bias": "Lexical",
                    "quote": "No",
                    "speaker": "",
                    "text": "his own"
                }
            ]
        },
        {
            "sentence": "\"I have decided not to be the moderator of the Newsmax debate,\" Trump said in a statement.",
            "sentence-index": 1,
            "annotations": []
        },
        {
            "sentence": "\"I believe this would not only have been the most watched debate, but also the most substantive and interesting debate.\"",
            "sentence-index": 2,
            "annotations": []
        },
        {
            "sentence": "Trump said that he was ending the debate because he did not want to \"give up my right to run as an independent candidate,\" which he claimed the Republican Party was asking him to do if he wanted to moderate the debate.",
            "sentence-index": 3,
            "annotations": []
        },
        {
            "sentence": "(Trump made waves by very loudly claiming he was considering running as a Republican earlier in the year.)",
            "sentence-index": 4,
            "annotations": [
                {
                    "start": 21,
                    "end": 32,
                    "target": "Donald Trump",
                    "polarity": "Negative",
                    "aim": "Direct",
                    "indirect-target-name": "",
                    "indirect-ally-opponent-sentiment": "",
                    "bias": "Lexical",
                    "quote": "No",
                    "speaker": "",
                    "text": "very loudly"
                }
            ]
        },
        {
            "sentence": "The announcement came just eleven days after Trump initially said he was partnering with the conservative magazine to host a forum with the remaining Republican presidential candidates.",
            "sentence-index": 5,
            "annotations": []
        },
        {
            "sentence": "Since then, a majority of those candidates made clear that they would not be turning up, with only Newt Gingrich and Rick Santorum pledging to appear.",
            "sentence-index": 6,
            "annotations": []
        },
        {
            "sentence": "Trump also attracted the usual share of public ridicule for his decision to moderate, as well as his pledge to endorse whichever candidate he liked best at the debate.",
            "sentence-index": 7,
            "annotations": [
                {
                    "start": 21,
                    "end": 55,
                    "target": "Donald Trump",
                    "polarity": "Negative",
                    "aim": "Direct",
                    "indirect-target-name": "",
                    "indirect-ally-opponent-sentiment": "",
                    "bias": "Informational",
                    "quote": "No",
                    "speaker": "",
                    "text": "the usual share of public ridicule"
                }
            ]
        },
        {
            "sentence": "As the days went on, Trump began making noises about possibly canceling the debate; however, as late as Monday night, he was still saying that the forum was taking place.",
            "sentence-index": 8,
            "annotations": [
                {
                    "start": 33,
                    "end": 46,
                    "target": "Donald Trump",
                    "polarity": "Negative",
                    "aim": "Direct",
                    "indirect-target-name": "",
                    "indirect-ally-opponent-sentiment": "",
                    "bias": "Lexical",
                    "quote": "No",
                    "speaker": "",
                    "text": "making noises"
                }
            ]
        }
    ]
}