{
    "source": "hpo",
    "main-entities": [
        "Colorado officials",
        "Nebraska officials",
        "Oklahoma officials"
    ],
    "main-event": "Nebraska and Oklahoma fight Colorado's recreational marijuana policy",
    "title": "Nebraska, Oklahoma File Federal Suit Against Colorado Over Marijuana Legalization",
    "url": "https://www.huffingtonpost.com/2014/12/18/lawsuit-colorado-marijuana_n_6350162.html",
    "word-count": 805,
    "date": "2014-12-18",
    "article-level-annotations": {
        "author-sentiment": {
            "main-event": "Neutral",
            "Colorado officials": "Neutral",
            "Nebraska officials": "Neutral",
            "Oklahoma officials": "Neutral"
        },
        "stance": "Left"
    },
    "annotators": [
        "A",
        "B"
    ],
    "body": [
        {
            "sentence": "Nebraska, Oklahoma File Federal Suit Against Colorado Over Marijuana Legalization",
            "sentence-index": 0,
            "annotations": []
        },
        {
            "sentence": "The states of Nebraska and Oklahoma filed a federal lawsuit in the U.S. Supreme Court Thursday, claiming that Colorado's legalization of recreational marijuana is unconstitutional under federal law.",
            "sentence-index": 1,
            "annotations": []
        },
        {
            "sentence": "\"Federal law undisputedly prohibits the production and sale of marijuana,\" Nebraska Attorney General Jon Bruning said Thursday in a statement.",
            "sentence-index": 2,
            "annotations": []
        },
        {
            "sentence": "\"Colorado has undermined the United States Constitution, and I hope the U.S. Supreme Court will uphold our constitutional principles.\"",
            "sentence-index": 3,
            "annotations": [
                {
                    "start": 1,
                    "end": 55,
                    "target": "Colorado officials",
                    "polarity": "Negative",
                    "aim": "Direct",
                    "indirect-target-name": "",
                    "indirect-ally-opponent-sentiment": "",
                    "bias": "Informational",
                    "quote": "Yes",
                    "speaker": "Nebraska officials",
                    "text": "Colorado has undermined the United States Constitution"
                }
            ]
        },
        {
            "sentence": "But Colorado Attorney General John Suthers isn't backing down.",
            "sentence-index": 4,
            "annotations": []
        },
        {
            "sentence": "In a statement, he said he intends to defend the state's marijuana laws.",
            "sentence-index": 5,
            "annotations": []
        },
        {
            "sentence": "\u201cBecause neighboring states have expressed concern about Colorado-grown marijuana coming into their states, we are not entirely surprised by this action,\" Suthers said.",
            "sentence-index": 6,
            "annotations": []
        },
        {
            "sentence": "\"However, it appears the plaintiffs\u2019 primary grievance stems from non-enforcement of federal laws regarding marijuana, as opposed to choices made by the voters of Colorado.",
            "sentence-index": 7,
            "annotations": []
        },
        {
            "sentence": "We believe this suit is without merit and we will vigorously defend against it in the U.S. Supreme Court.\u201d",
            "sentence-index": 8,
            "annotations": []
        },
        {
            "sentence": "Bruning, along with Oklahoma Attorney General Scott Pruitt, argue that under the U.S. Constitution's Supremacy Clause, Colorado's legalization of recreational marijuana is unconstitutional because marijuana remains illegal under federal law.",
            "sentence-index": 9,
            "annotations": []
        },
        {
            "sentence": "The clause states that in general, federal law takes precedence over state law.",
            "sentence-index": 10,
            "annotations": []
        },
        {
            "sentence": "\"The illegal products being distributed in Colorado are being trafficked across state lines thereby injuring neighboring states like Oklahoma and Nebraska,\" Pruitt said in a statement.",
            "sentence-index": 11,
            "annotations": []
        },
        {
            "sentence": "The regulation of recreational marijuana -- as seen in programs currently in place in Colorado and Washington state, as well as those that will soon go into effect in Oregon and Alaska -- remains illegal under the 1970 Controlled Substances Act.",
            "sentence-index": 12,
            "annotations": []
        },
        {
            "sentence": "The states that have legalized marijuana or softened penalties for possession have only been able to do so because of federal guidance urging federal prosecutors to refrain from targeting state-legal marijuana operations.",
            "sentence-index": 13,
            "annotations": []
        },
        {
            "sentence": "Colorado voters approved Amendment 64, legalizing recreational marijuana in the state, in 2012.",
            "sentence-index": 14,
            "annotations": []
        },
        {
            "sentence": "The first retail marijuana shops opened their doors on New Years Day 2014.",
            "sentence-index": 15,
            "annotations": []
        },
        {
            "sentence": "To date, 23 states and the District of Columbia have legalized marijuana for medical purposes.",
            "sentence-index": 16,
            "annotations": []
        },
        {
            "sentence": "Four states have legalized recreational marijuana, along with voters in D.C. -- though the D.C. measure is the subject of a congressional Republican effort to block its implementation.",
            "sentence-index": 17,
            "annotations": []
        },
        {
            "sentence": "With a majority of Americans now supporting marijuana legalization, and with states continuing to pass legalization laws, it seems unlikely that the federal government would push back against the legalizations.",
            "sentence-index": 18,
            "annotations": []
        },
        {
            "sentence": "But it's not impossible.",
            "sentence-index": 19,
            "annotations": []
        },
        {
            "sentence": "If the Supreme Court were to rule in favor of Nebraska and Oklahoma, all state marijuana laws, in any form, could be in jeopardy of being unraveled.",
            "sentence-index": 20,
            "annotations": []
        },
        {
            "sentence": "Harvard economist Jeff Miron, a vocal supporter of marijuana policy reform, highlighted the precarious nature of state marijuana laws in a November op-ed for CNN, saying that Congress needs to act now on federal marijuana policy.",
            "sentence-index": 21,
            "annotations": []
        },
        {
            "sentence": "\"Despite the compelling case for legalization, and progress toward legalization at the state level, ultimate success is not assured,\" Miron wrote.",
            "sentence-index": 22,
            "annotations": []
        },
        {
            "sentence": "\"Federal law still prohibits marijuana, and existing jurisprudence (Gonzales v. Raich 2005) holds that federal law trumps state law when it comes to marijuana prohibition.",
            "sentence-index": 23,
            "annotations": []
        },
        {
            "sentence": "So far, the federal government has mostly taken a hands-off approach to state medicalizations and legalizations, but in January 2017, the country will have a new president.",
            "sentence-index": 24,
            "annotations": []
        },
        {
            "sentence": "That person could order the attorney general to enforce federal prohibition regardless of state law.\"",
            "sentence-index": 25,
            "annotations": []
        },
        {
            "sentence": "Kevin Sabet, president of anti-legalization group Smart Approaches to Marijuana, applauded the action by Nebraska and Oklahoma.",
            "sentence-index": 26,
            "annotations": [
                {
                    "start": 81,
                    "end": 90,
                    "target": "Nebraska officials",
                    "polarity": "Positive",
                    "aim": "Direct",
                    "indirect-target-name": "",
                    "indirect-ally-opponent-sentiment": "",
                    "bias": "Lexical",
                    "quote": "No",
                    "speaker": "",
                    "text": "applauded"
                }
            ]
        },
        {
            "sentence": "\"We support this action by the attorneys general of Oklahoma and Nebraska because Colorado's decisions regarding marijuana are not without consequences to neighboring states, and indeed all Americans,\" Sabet said.",
            "sentence-index": 27,
            "annotations": [
                {
                    "start": 175,
                    "end": 199,
                    "target": "Colorado officials",
                    "polarity": "Negative",
                    "aim": "Direct",
                    "indirect-target-name": "",
                    "indirect-ally-opponent-sentiment": "",
                    "bias": "Informational",
                    "quote": "Yes",
                    "speaker": "Other (Anti-target)",
                    "text": "and indeed all Americans"
                }
            ]
        },
        {
            "sentence": "\"The legalization of marijuana is clearly in violation of the federal Controlled Substances Act and is not implemented in a vacuum.\"",
            "sentence-index": 28,
            "annotations": [
                {
                    "start": 34,
                    "end": 41,
                    "target": "Colorado officials",
                    "polarity": "Negative",
                    "aim": "Direct",
                    "indirect-target-name": "",
                    "indirect-ally-opponent-sentiment": "",
                    "bias": "Lexical",
                    "quote": "Yes",
                    "speaker": "Other (Anti-target)",
                    "text": "clearly"
                },
                {
                    "start": 100,
                    "end": 130,
                    "target": "Colorado officials",
                    "polarity": "Negative",
                    "aim": "Direct",
                    "indirect-target-name": "",
                    "indirect-ally-opponent-sentiment": "",
                    "bias": "Informational",
                    "quote": "Yes",
                    "speaker": "Other (Anti-target)",
                    "text": "is not implemented in a vacuum"
                }
            ]
        },
        {
            "sentence": "Mason Tvert, communications director for Marijuana Policy Project, told The Huffington Post that MPP agrees with Suthers' opinion that the suit is \"without merit.\"",
            "sentence-index": 29,
            "annotations": []
        },
        {
            "sentence": "\"Nebraska officials are acting like bullies, and they have no business trying to dictate Colorado's marijuana laws,\" Tvert said to HuffPost.",
            "sentence-index": 30,
            "annotations": [
                {
                    "start": 1,
                    "end": 114,
                    "target": "Nebraska officials",
                    "polarity": "Negative",
                    "aim": "Direct",
                    "indirect-target-name": "",
                    "indirect-ally-opponent-sentiment": "",
                    "bias": "Informational",
                    "quote": "Yes",
                    "speaker": "Other (Anti-target)",
                    "text": "Nebraska officials are acting like bullies, and they have no business trying to dictate Colorado's marijuana laws"
                }
            ]
        },
        {
            "sentence": "\"They are wasting their taxpayers\u2019 dollars by filing this suit and forcing Coloradans to pick up the bill for defending our state against it.",
            "sentence-index": 31,
            "annotations": [
                {
                    "start": 0,
                    "end": 141,
                    "target": "Nebraska officials",
                    "polarity": "Negative",
                    "aim": "Direct",
                    "indirect-target-name": "",
                    "indirect-ally-opponent-sentiment": "",
                    "bias": "Informational",
                    "quote": "Yes",
                    "speaker": "Other (Anti-target)",
                    "text": "\"They are wasting their taxpayers\u2019 dollars by filing this suit and forcing Coloradans to pick up the bill for defending our state against it."
                }
            ]
        },
        {
            "sentence": "Colorado's top law enforcement officials have better things to do and you\u2019d think Nebraska\u2019s would, as well.",
            "sentence-index": 32,
            "annotations": [
                {
                    "start": 0,
                    "end": 108,
                    "target": "Nebraska officials",
                    "polarity": "Negative",
                    "aim": "Direct",
                    "indirect-target-name": "",
                    "indirect-ally-opponent-sentiment": "",
                    "bias": "Informational",
                    "quote": "Yes",
                    "speaker": "Nebraska officials",
                    "text": "Colorado's top law enforcement officials have better things to do and you\u2019d think Nebraska\u2019s would, as well."
                }
            ]
        },
        {
            "sentence": "These guys are on the wrong side of history.\"",
            "sentence-index": 33,
            "annotations": [
                {
                    "start": 0,
                    "end": 45,
                    "target": "Nebraska officials",
                    "polarity": "Negative",
                    "aim": "Direct",
                    "indirect-target-name": "",
                    "indirect-ally-opponent-sentiment": "",
                    "bias": "Informational",
                    "quote": "Yes",
                    "speaker": "Other (Anti-target)",
                    "text": "These guys are on the wrong side of history.\""
                }
            ]
        },
        {
            "sentence": "Marijuana Industry Group's Mike Elliott echoed Tvert's sentiments, adding that despite the multi-decade federal war on drugs, marijuana remains \"universally available\" -- including in Nebraska and Oklahoma.",
            "sentence-index": 34,
            "annotations": []
        },
        {
            "sentence": "\"If Nebraska and Oklahoma succeed, they will put the violent criminal organizations back in charge,\" Elliott said.",
            "sentence-index": 35,
            "annotations": []
        },
        {
            "sentence": "Rep. Jared Polis (D-Colo.), a vocal supporter of drug policy reform who has sponsored multiple bills seeking protection for state-legal marijuana businesses and advocated full-scale federal legalization of the drug, told HuffPost that Nebraska and Oklahoma attempting to overturn the will of Colorado's voters is \"outrageous.\"",
            "sentence-index": 36,
            "annotations": []
        },
        {
            "sentence": "\"Our federalist system is based on individual states of being able to enact policies that benefit their citizens, without the interference of other states,\" Polis said.",
            "sentence-index": 37,
            "annotations": []
        }
    ]
}