{
    "source": "fox",
    "main-entities": [
        "Hillary Clinton",
        "Barack Obama"
    ],
    "main-event": "Questions raised about Clinton's stance on the trade deal",
    "title": "Clinton, advisers have lots to say on key trade legislation, except where candidate stands",
    "url": "http://www.foxnews.com/politics/2015/06/14/clinton-stays-mum-on-critical-trade-agreement-adviser-says-waiting-for-final.html",
    "word-count": 805,
    "date": "2015-06-15",
    "article-level-annotations": {
        "author-sentiment": {
            "main-event": "Neutral",
            "Hillary Clinton": "Negative",
            "Barack Obama": "Neutral"
        },
        "stance": "Right"
    },
    "annotators": [
        "B",
        "C"
    ],
    "body": [
        {
            "sentence": "Hillary Clinton said Sunday the problems that Congress has with President Obama\u2019s trade agenda should be an opportunity for the president to ask fellow Democrats about their concerns with the proposal but still declined to say whether she supports or opposes the legislation.",
            "sentence-index": 0,
            "annotations": []
        },
        {
            "sentence": "\"Let's take the lemons and turn it into lemonade,\" Clinton told about 600 supporters at the Iowa State Fairgrounds, addressing the controversial Trans Pacific Partnership trade proposal that has splintered Obama from House Minority Leader Nancy Pelosi, D-Calif., and rank-and-file Democrats.",
            "sentence-index": 1,
            "annotations": [
                {
                    "start": 127,
                    "end": 290,
                    "target": "Barack Obama",
                    "polarity": "Negative",
                    "aim": "Direct",
                    "indirect-target-name": "",
                    "indirect-ally-opponent-sentiment": "",
                    "bias": "Informational",
                    "quote": "No",
                    "speaker": "",
                    "text": "the controversial Trans Pacific Partnership trade proposal that has splintered Obama from House Minority Leader Nancy Pelosi, D-Calif., and rank-and-file Democrats"
                }
            ]
        },
        {
            "sentence": "The legislation would give the president \u201cfast-track\u201d authority to approve pending trade deals with 11 Pacific Rim nations.",
            "sentence-index": 2,
            "annotations": []
        },
        {
            "sentence": "The measure also allows Congress to approve or reject such deals, but not amend them.",
            "sentence-index": 3,
            "annotations": []
        },
        {
            "sentence": "Courting Iowa voters, Clinton sought to address Democratic opponents of the trade legislation, including liberals and labor unions, who have said the Obama-backed plan will cost U.S. jobs.",
            "sentence-index": 4,
            "annotations": []
        },
        {
            "sentence": "The agreement has not been finalized or submitted to Congress.",
            "sentence-index": 5,
            "annotations": []
        },
        {
            "sentence": "\"The president should listen to and work with his allies in Congress, starting with Nancy Pelosi, who had expressed their concerns about the impact that a weak agreement would have on our workers to make sure we get the best strongest deal possible,\" Clinton said.",
            "sentence-index": 6,
            "annotations": []
        },
        {
            "sentence": "\"And if we don't get it, there should be no deal.\"",
            "sentence-index": 7,
            "annotations": []
        },
        {
            "sentence": "The White House and Republican leaders in Congress now face long odds in trying to revive the trade legislation after congressional Democrats helped defeat a job retraining program to jeopardize Obama's attempt to secure the fast-track authority.",
            "sentence-index": 8,
            "annotations": []
        },
        {
            "sentence": "Clinton appeared to be seeking a middle ground, saying while some support the deal and others vehemently oppose it, \"I kind of fall in the group that says \u2018what's in it?\u2019 And \u2018let's make it as good as it can be, and then let's make a decision.\u2019 \u201d",
            "sentence-index": 9,
            "annotations": []
        },
        {
            "sentence": "She said Obama had an \"amazing opportunity\" to negotiate better terms and reiterated the criteria of worker protections, wages and national security provisions she would seek in a final deal.",
            "sentence-index": 10,
            "annotations": []
        },
        {
            "sentence": "Clinton said any deal should include the scuttled Trade Adjustment Assistance program to help retrain workers.",
            "sentence-index": 11,
            "annotations": []
        },
        {
            "sentence": "Trade has emerged as an early divider within the Democratic primary.",
            "sentence-index": 12,
            "annotations": []
        },
        {
            "sentence": "Vermont Independent Sen. Bernie Sanders, who was campaigning in Iowa on Sunday, has opposed the trade deal and questioned Clinton's refusal to say where she stood.",
            "sentence-index": 13,
            "annotations": [
                {
                    "start": 111,
                    "end": 162,
                    "target": "Hillary Clinton",
                    "polarity": "Negative",
                    "aim": "Direct",
                    "indirect-target-name": "",
                    "indirect-ally-opponent-sentiment": "",
                    "bias": "Informational",
                    "quote": "No",
                    "speaker": "",
                    "text": "questioned Clinton's refusal to say where she stood"
                }
            ]
        },
        {
            "sentence": "\"It is a failed trade policy, and I would hope that the Secretary joins Elizabeth Warren, and vast majority of Democrats in the Congress in saying, \u2018No, we've got to defeat this piece of legislation,\u2019 \u201d Sanders said on CBS' \"Face the Nation.\"",
            "sentence-index": 14,
            "annotations": []
        },
        {
            "sentence": "Former Maryland Gov. Martin O'Malley has also opposed the deal.",
            "sentence-index": 15,
            "annotations": []
        },
        {
            "sentence": "In a sign of its resonance within the party, his campaign noted in an email to supporters Saturday that Clinton's speech in New York didn't \"weigh in on the secretive TPP deal that could depress American wages and cost American jobs.\"",
            "sentence-index": 16,
            "annotations": [
                {
                    "start": 133,
                    "end": 232,
                    "target": "Hillary Clinton",
                    "polarity": "Negative",
                    "aim": "Direct",
                    "indirect-target-name": "",
                    "indirect-ally-opponent-sentiment": "",
                    "bias": "Informational",
                    "quote": "Yes",
                    "speaker": "Other (Neutral)",
                    "text": "didn't \"weigh in on the secretive TPP deal that could depress American wages and cost American jobs"
                }
            ]
        },
        {
            "sentence": "The Obama administration has said it remains confident there are ways to get the trade provisions through Congress.",
            "sentence-index": 17,
            "annotations": []
        },
        {
            "sentence": "Republican leaders generally support Obama's trade proposal and have suggested they may try to revive the bill as early as this week.",
            "sentence-index": 18,
            "annotations": [
                {
                    "start": 0,
                    "end": 133,
                    "target": "Barack Obama",
                    "polarity": "Positive",
                    "aim": "Direct",
                    "indirect-target-name": "",
                    "indirect-ally-opponent-sentiment": "",
                    "bias": "Informational",
                    "quote": "No",
                    "speaker": "",
                    "text": "Republican leaders generally support Obama's trade proposal and have suggested they may try to revive the bill as early as this week."
                }
            ]
        },
        {
            "sentence": "\"Republicans delivered,\" Wisconsin GOP Rep. Paul Ryan, chairman of the House Ways and Means Committee, said on \"Fox News Sunday.\"",
            "sentence-index": 19,
            "annotations": []
        },
        {
            "sentence": "\"The question is: Are the Democrats going to do this to their president?\"",
            "sentence-index": 20,
            "annotations": []
        },
        {
            "sentence": "While Clinton called the pact the \"gold standard\" of trade agreements while serving as secretary of state, she has refused to take a position on the deal since announcing her candidacy.",
            "sentence-index": 21,
            "annotations": [
                {
                    "start": 0,
                    "end": 185,
                    "target": "Hillary Clinton",
                    "polarity": "Negative",
                    "aim": "Direct",
                    "indirect-target-name": "",
                    "indirect-ally-opponent-sentiment": "",
                    "bias": "Informational",
                    "quote": "No",
                    "speaker": "",
                    "text": "While Clinton called the pact the \"gold standard\" of trade agreements while serving as secretary of state, she has refused to take a position on the deal since announcing her candidacy."
                }
            ]
        },
        {
            "sentence": "That brought criticism from Republican National Committee spokesman Michael Short on Sunday.",
            "sentence-index": 22,
            "annotations": []
        },
        {
            "sentence": "\"By waffling on a trade deal she helped negotiate and once called a \"gold standard,\" Hillary Clinton continues to show why voters overwhelmingly see her as dishonest and untrustworthy,\" Short said in a statement.",
            "sentence-index": 23,
            "annotations": [
                {
                    "start": 1,
                    "end": 183,
                    "target": "Hillary Clinton",
                    "polarity": "Negative",
                    "aim": "Direct",
                    "indirect-target-name": "",
                    "indirect-ally-opponent-sentiment": "",
                    "bias": "Informational",
                    "quote": "Yes",
                    "speaker": "Other (Anti-target)",
                    "text": "By waffling on a trade deal she helped negotiate and once called a \"gold standard,\" Hillary Clinton continues to show why voters overwhelmingly see her as dishonest and untrustworthy"
                }
            ]
        },
        {
            "sentence": "Clinton was spending most of the weekend in Iowa after formally launching her campaign in New York City, seeking to build an organizational edge in the state that tripped up her first presidential campaign against Obama.",
            "sentence-index": 24,
            "annotations": []
        },
        {
            "sentence": "Sanders was campaigning across the state and former Virginia Sen. Jim Webb, who is exploring a potential Democratic bid, also was holding events in Iowa on Sunday.",
            "sentence-index": 25,
            "annotations": []
        },
        {
            "sentence": "O'Malley held a day's events in the state last week.",
            "sentence-index": 26,
            "annotations": []
        },
        {
            "sentence": "Earlier in the day, top Clinton advisers, including senior spokeswoman Karen Finney, said that Clinton is waiting to see the final deal and that she has explained her position in recent weeks.",
            "sentence-index": 27,
            "annotations": []
        },
        {
            "sentence": "\"We\u2019ll see where this process goes,\" Finney told Fox News.",
            "sentence-index": 28,
            "annotations": []
        },
        {
            "sentence": "\"This is someone who has voted for trade agreements when they have been good for the country and against trade agreements when she thought they were bad for the country.\"",
            "sentence-index": 29,
            "annotations": [
                {
                    "start": 0,
                    "end": 170,
                    "target": "Hillary Clinton",
                    "polarity": "Negative",
                    "aim": "Direct",
                    "indirect-target-name": "",
                    "indirect-ally-opponent-sentiment": "",
                    "bias": "Informational",
                    "quote": "Yes",
                    "speaker": "Other (Pro-target)",
                    "text": "\"This is someone who has voted for trade agreements when they have been good for the country and against trade agreements when she thought they were bad for the country.\""
                }
            ]
        },
        {
            "sentence": "Campaign Chairman John Podesta told NBC\u2019s \u201cMeet the Press\u201d that Clinton \u201chas a clear standard that (the deal) has got to be good for American workers or she thinks the United States should walk away from it.\u201d",
            "sentence-index": 30,
            "annotations": []
        }
    ]
}