{
    "source": "nyt",
    "main-entities": [
        "Michael Flynn",
        "Adam Schiff",
        "Donald Trump"
    ],
    "main-event": "House Intelligence committee prepares to subpoena Michael Flynn",
    "title": "House Intelligence Committee Will Subpoena Flynn, Schiff Says",
    "url": "https://mobile.nytimes.com/2017/05/24/us/politics/flynn-subpoena-house-intelligence-committee.html",
    "word-count": 525,
    "date": "2017-05-24",
    "article-level-annotations": {
        "author-sentiment": {
            "main-event": "Neutral",
            "Michael Flynn": "Neutral",
            "Adam Schiff": "Neutral",
            "Donald Trump": "Neutral"
        },
        "stance": "Center"
    },
    "annotators": [
        "A",
        "C"
    ],
    "body": [
        {
            "sentence": "WASHINGTON \u2014 The House Intelligence Committee will issue subpoenas to Michael T. Flynn, President Trump\u2019s first national security adviser, the committee\u2019s senior Democrat said on Wednesday, escalating Mr. Flynn\u2019s troubles with Congress.",
            "sentence-index": 0,
            "annotations": []
        },
        {
            "sentence": "The Democrat, Representative Adam B. Schiff of California, said Mr. Flynn had declined the panel\u2019s request for documents and an interview as part of its investigation into Russian meddling in last year\u2019s election.",
            "sentence-index": 1,
            "annotations": []
        },
        {
            "sentence": "\u201cThose subpoenas will be designed to maximize our chance of getting the information that we need,\u201d Mr. Schiff told reporters during a breakfast hosted by The Christian Science Monitor.",
            "sentence-index": 2,
            "annotations": []
        },
        {
            "sentence": "\u201cAnd I think we need to use whatever compulsory methods are necessary to get the information that he possesses.\u201d",
            "sentence-index": 3,
            "annotations": []
        },
        {
            "sentence": "Mr. Schiff said he hoped the committee would issue the subpoenas this week, before Congress leaves for a one-week recess.",
            "sentence-index": 4,
            "annotations": []
        },
        {
            "sentence": "It was unclear whether the subpoenas would seek documents or Mr. Flynn\u2019s testimony, or both.",
            "sentence-index": 5,
            "annotations": []
        },
        {
            "sentence": "The subpoenas could not be issued without at least some support from Republicans, who make up the majority of the committee.",
            "sentence-index": 6,
            "annotations": []
        },
        {
            "sentence": "A spokeswoman for Representative K. Michael Conaway of Texas, the Republican leading the investigation, did not immediately respond to a request for comment.",
            "sentence-index": 7,
            "annotations": []
        },
        {
            "sentence": "Mr. Conaway has repeatedly refused to comment on the details of the investigation while it is continuing.",
            "sentence-index": 8,
            "annotations": []
        },
        {
            "sentence": "The announcement was made mere hours after the top Republican and Democrat on the Senate Intelligence Committee issued subpoenas Tuesday afternoon to Mr. Flynn\u2019s two firms, seeking information that could shed light on his lobbying work on behalf of Turkish interests last year, among other connections.",
            "sentence-index": 9,
            "annotations": []
        },
        {
            "sentence": "On Monday, Mr. Flynn, in a letter from his legal team, rejected a subpoena for documents from the Senate committee, citing the Fifth Amendment\u2019s protections against self-incrimination.",
            "sentence-index": 10,
            "annotations": []
        },
        {
            "sentence": "He also declined the Senate committee\u2019s invitation for an interview.",
            "sentence-index": 11,
            "annotations": []
        },
        {
            "sentence": "Mr. Flynn\u2019s rejection of the subpoena put him at risk of being held in contempt of Congress, a rarely invoked process that, should lawmakers choose to pursue it, could result in a criminal citation.",
            "sentence-index": 12,
            "annotations": [
                {
                    "start": 93,
                    "end": 197,
                    "target": "Michael Flynn",
                    "polarity": "Negative",
                    "aim": "Direct",
                    "indirect-target-name": "",
                    "indirect-ally-opponent-sentiment": "",
                    "bias": "Informational",
                    "quote": "No",
                    "speaker": "",
                    "text": "a rarely invoked process that, should lawmakers choose to pursue it, could result in a criminal citation"
                }
            ]
        },
        {
            "sentence": "The Flynn Intel Group was paid more than $500,000 to represent Turkey in a dispute with the United States government while Mr. Flynn was advising the Trump campaign.",
            "sentence-index": 13,
            "annotations": []
        },
        {
            "sentence": "He belatedly registered as a foreign agent for that work after being forced out of the Trump administration for misrepresenting his communications with the Russian ambassador to Vice President Mike Pence.",
            "sentence-index": 14,
            "annotations": []
        },
        {
            "sentence": "Mr. Flynn\u2019s legal troubles have only mounted in recent days.",
            "sentence-index": 15,
            "annotations": []
        },
        {
            "sentence": "On Monday, it was revealed that he had misled Pentagon investigators about his foreign contacts and sources of income while seeking a renewed security clearance in February 2016.",
            "sentence-index": 16,
            "annotations": []
        },
        {
            "sentence": "Among the payments he did not disclose was a $45,000 fee from a Russian state-backed news organization for a speech he gave in Moscow two months before.",
            "sentence-index": 17,
            "annotations": []
        },
        {
            "sentence": "During that trip, he was photographed at a gala sitting next to the Russian president, Vladimir V. Putin.",
            "sentence-index": 18,
            "annotations": []
        },
        {
            "sentence": "Lying to federal officials is a felony, punishable by up to five years in prison.",
            "sentence-index": 19,
            "annotations": []
        },
        {
            "sentence": "As recently as Monday, in his letter to the Senate committee, Mr. Flynn has reiterated his offer to testify in exchange for immunity from prosecution.",
            "sentence-index": 20,
            "annotations": []
        },
        {
            "sentence": "Senator Richard M. Burr of North Carolina, the Republican chairman of the committee, has dismissed that option.",
            "sentence-index": 21,
            "annotations": []
        }
    ]
}