{
    "source": "fox",
    "main-entities": [
        "Barack Obama"
    ],
    "main-event": "Senate set to override Obama's veto on 9/11 bill",
    "title": "Congress rejects Obama veto of 9/11 bill, in first override of presidency",
    "url": "http://www.foxnews.com/politics/2016/09/29/congress-rejects-obama-veto-911-bill-in-first-override-presidency.html",
    "word-count": 653,
    "date": "2016-09-29",
    "article-level-annotations": {
        "author-sentiment": {
            "main-event": "Neutral",
            "Barack Obama": "Neutral"
        },
        "stance": "Left"
    },
    "annotators": [
        "A",
        "C"
    ],
    "body": [
        {
            "sentence": "Congress on Wednesday overwhelmingly rejected President Obama\u2019s veto of a bipartisan bill letting families of Sept. 11 victims sue the Saudi Arabian government, in the first successful veto override of Obama\u2019s presidency.",
            "sentence-index": 0,
            "annotations": []
        },
        {
            "sentence": "Marking a significant defeat for the White House, the House ensured the bill will become law after voting 348-77 to override Wednesday afternoon.",
            "sentence-index": 1,
            "annotations": [
                {
                    "start": 22,
                    "end": 28,
                    "target": "Barack Obama",
                    "polarity": "Negative",
                    "aim": "Indirect (Ally)",
                    "indirect-target-name": "White House",
                    "indirect-ally-opponent-sentiment": "Negative",
                    "bias": "Lexical",
                    "quote": "No",
                    "speaker": "",
                    "text": "defeat"
                }
            ]
        },
        {
            "sentence": "This followed a 97-1 vote hours earlier in the Senate.",
            "sentence-index": 2,
            "annotations": []
        },
        {
            "sentence": "Despite last-ditch warnings from the Obama administration that the legislation could hurt national security and was \u201cbadly misguided,\u201d lawmakers dismissed the concerns.",
            "sentence-index": 3,
            "annotations": [
                {
                    "start": 8,
                    "end": 18,
                    "target": "Barack Obama",
                    "polarity": "Negative",
                    "aim": "Direct",
                    "indirect-target-name": "",
                    "indirect-ally-opponent-sentiment": "",
                    "bias": "Lexical",
                    "quote": "No",
                    "speaker": "",
                    "text": "last-ditch"
                }
            ]
        },
        {
            "sentence": "\"This bill is about respecting the voices and rights of American victims,\" Sen. John Cornyn, R-Texas, said.",
            "sentence-index": 4,
            "annotations": [
                {
                    "start": 1,
                    "end": 72,
                    "target": "Barack Obama",
                    "polarity": "Negative",
                    "aim": "Indirect (General)",
                    "indirect-target-name": "bill",
                    "indirect-ally-opponent-sentiment": "Positive",
                    "bias": "Informational",
                    "quote": "Yes",
                    "speaker": "Other (Anti-target)",
                    "text": "This bill is about respecting the voices and rights of American victims"
                }
            ]
        },
        {
            "sentence": "Sen. Charles Schumer, D-N.Y., speaking on the Senate floor moments before Wednesday's vote in that chamber, pushed back hard on Saudi government objections to the legislation.",
            "sentence-index": 5,
            "annotations": []
        },
        {
            "sentence": "\u201cIt\u2019s very simple.",
            "sentence-index": 6,
            "annotations": []
        },
        {
            "sentence": "If the Saudis were culpable, they should be held accountable.",
            "sentence-index": 7,
            "annotations": []
        },
        {
            "sentence": "If they had nothing to do with 9/11, they have nothing to fear,\u201d Schumer said.",
            "sentence-index": 8,
            "annotations": []
        },
        {
            "sentence": "Lawmakers in both chambers needed to muster a two-thirds majority to override, and did so easily.",
            "sentence-index": 9,
            "annotations": []
        },
        {
            "sentence": "The lone \"no\" vote in the Senate was Senate Minority Leader Harry Reid, D-Nev.",
            "sentence-index": 10,
            "annotations": []
        },
        {
            "sentence": "With elections just over a month away, many lawmakers were reluctant to oppose a measure backed by 9/11 families who say they are still seeking justice 15 years after the attacks that killed nearly 3,000 people.",
            "sentence-index": 11,
            "annotations": []
        },
        {
            "sentence": "A group of senators pledged to find ways to improve the measure during a post-election, lame-duck session of Congress.",
            "sentence-index": 12,
            "annotations": []
        },
        {
            "sentence": "Despite an expectation that Congress would override, the White House made a last-ditch attempt to fight it.",
            "sentence-index": 13,
            "annotations": []
        },
        {
            "sentence": "In a letter to Senate Majority Leader Mitch McConnell and Reid, Obama warned the bill could cause chaos in U.S. foreign affairs, as other countries would use the measure to justify the creation of ways to target \"U.S. policies and activities that they oppose.\"",
            "sentence-index": 14,
            "annotations": []
        },
        {
            "sentence": "\"As a result, our nation and its armed forces, State Department, intelligence officials and others may find themselves subject to lawsuits in foreign courts.\"",
            "sentence-index": 15,
            "annotations": []
        },
        {
            "sentence": "Obama wrote in a letter delivered Tuesday.",
            "sentence-index": 16,
            "annotations": []
        },
        {
            "sentence": "But Cornyn, one of the bill's leading proponents, dismissed Obama's concerns as \"unpersuasive.\"",
            "sentence-index": 17,
            "annotations": []
        },
        {
            "sentence": "Cornyn, the Senate's No. 2 Republican, and other supporters said the bill is narrowly tailored and applies only to acts of terrorism that occur on U.S. soil.",
            "sentence-index": 18,
            "annotations": []
        },
        {
            "sentence": "The Justice Against Sponsors of Terrorism Act, or JASTA, moved to the floor of the Senate in May and passed by voice vote.",
            "sentence-index": 19,
            "annotations": []
        },
        {
            "sentence": "The bill cleared the House earlier this month, also by voice vote.",
            "sentence-index": 20,
            "annotations": []
        },
        {
            "sentence": "Defense Secretary Ash Carter, in a letter Monday to a senior member of Congress, said he's sympathetic to the intent of the measure.",
            "sentence-index": 21,
            "annotations": []
        },
        {
            "sentence": "But the legislation could lead to the public disclosure of American secrets and even undercut counterterrorism efforts by sowing mistrust among U.S. partners and allies, according to Carter.",
            "sentence-index": 22,
            "annotations": []
        },
        {
            "sentence": "With the override, the bill will now become law.",
            "sentence-index": 23,
            "annotations": []
        },
        {
            "sentence": "During his nearly two full terms in office, Obama had never had a veto overridden by Congress.",
            "sentence-index": 24,
            "annotations": [
                {
                    "start": 0,
                    "end": 94,
                    "target": "Barack Obama",
                    "polarity": "Positive",
                    "aim": "Direct",
                    "indirect-target-name": "",
                    "indirect-ally-opponent-sentiment": "",
                    "bias": "Informational",
                    "quote": "No",
                    "speaker": "",
                    "text": "During his nearly two full terms in office, Obama had never had a veto overridden by Congress."
                }
            ]
        },
        {
            "sentence": "The legislation gives victims' families the right to sue in U.S. court for any role that elements of the Saudi government may have played in the 2001 attacks.",
            "sentence-index": 25,
            "annotations": []
        },
        {
            "sentence": "Fifteen of the 19 Sept. 11 hijackers were Saudi nationals.",
            "sentence-index": 26,
            "annotations": []
        },
        {
            "sentence": "Courts would be permitted to waive a claim of foreign sovereign immunity when an act of terrorism occurs inside U.S. borders, according to the terms of the bill.",
            "sentence-index": 27,
            "annotations": []
        },
        {
            "sentence": "Saudi Arabia has objected vehemently to the legislation.",
            "sentence-index": 28,
            "annotations": []
        },
        {
            "sentence": "Obama vetoed the measure last week, telling lawmakers the bill would make the U.S. vulnerable to retaliatory litigation in foreign courts that could put U.S. troops in legal jeopardy.",
            "sentence-index": 29,
            "annotations": []
        },
        {
            "sentence": "But the bill's proponents have disputed Obama's rationale as \"unconvincing and unsupportable,\" saying the measure is narrowly tailored and applies only to acts of terrorism that occur on U.S. soil.",
            "sentence-index": 30,
            "annotations": []
        },
        {
            "sentence": "Kristen Breitweiser, a 9/11 widow and co-chair of September 11th Advocates, criticized Carter's assessment, saying that the defense secretary had testified before Congress last week that he wasn't an expert on the bill.",
            "sentence-index": 31,
            "annotations": []
        }
    ]
}