{
    "main-event": "Trump continues government shutdown for border wall",
    "main-entities": [
        "Donald Trump"
    ],
    "title": "Trump warns shutdown could last 'years,' says he may declare 'national emergency' to build border wall",
    "source": "fox",
    "url": "https://www.foxnews.com/politics/congressional-leaders-meet-at-white-house-as-shutdown-stances-harden",
    "date": "2019-01-04",
    "article-level-annotations": {
        "author-sentiment": {
            "main-event": "Neutral",
            "Donald Trump": "Neutral"
        },
        "stance": "Right"
    },
    "annotators": [
        "A",
        "B"
    ],
    "body": [
        {
            "sentence": "President Trump stood firm Friday on his demands for a border wall after the second White House meeting with congressional leaders this week broke up with no apparent deal, warning Democrats the partial government shutdown could last \"years\" and saying he could even declare a \"national emergency\" to bypass Congress if necessary.",
            "sentence-index": 0,
            "annotations": []
        },
        {
            "sentence": "\u201cWe can call a national emergency [to build a border wall] because of the security of our country,\u201d Trump told reporters in the Rose Garden, during a lengthy and impromptu press conference.",
            "sentence-index": 1,
            "annotations": []
        },
        {
            "sentence": "\u201cI may do it,\u201d he said, before adding, \u201cIf we can do it through a negotiated process, we\u2019re giving it a shot.\u201d",
            "sentence-index": 2,
            "annotations": []
        },
        {
            "sentence": "The press conference underscored how far apart both sides are, even as Trump called the meeting \"productive\" and suggested the standoff could end soon -- or not. ",
            "sentence-index": 3,
            "annotations": []
        },
        {
            "sentence": "He indicated he was not shifting on his demand for more than $5 billion for funding for a wall on the southern border, saying it was necessary as the border is a \"dangerous, horrible disaster.\"",
            "sentence-index": 4,
            "annotations": [
                {
                    "start": 163,
                    "end": 191,
                    "target": "Donald Trump",
                    "polarity": "Positive",
                    "aim": "Indirect (Opponent)",
                    "indirect-target-name": "the southern border",
                    "bias": "Informational",
                    "quote": "Yes",
                    "speaker": "Donald Trump",
                    "indirect-ally-opponent-sentiment": "Negative",
                    "text": "dangerous, horrible disaster"
                }
            ]
        },
        {
            "sentence": "\"This is national security we\u2019re talking about, we\u2019re not talking about games,\" he told reporters. ",
            "sentence-index": 5,
            "annotations": []
        },
        {
            "sentence": "\u201cWe're not playing games, we have to do it.\"",
            "sentence-index": 6,
            "annotations": []
        },
        {
            "sentence": "Despite Trump saying conversations had \"come a long way,\" Democrats were more dour in their assessment. ",
            "sentence-index": 7,
            "annotations": []
        },
        {
            "sentence": "Senate Minority Leader Chuck Schumer exited saying Trump told them \"he\u2019d keep the government closed for a very long period of time, months or even years.\u201d",
            "sentence-index": 8,
            "annotations": []
        },
        {
            "sentence": "Trump later confirmed in the Rose Garden, \"Absolutely I said that,\" while clarifying he hopes the partial shutdown doesn't last more than a few more days. ",
            "sentence-index": 9,
            "annotations": []
        },
        {
            "sentence": "He said it could be opened \"very quickly\" if they come to an agreement on the wall. ",
            "sentence-index": 10,
            "annotations": []
        },
        {
            "sentence": "He offered some flexibility only on what the wall would be made of, saying it could be concrete or steel.",
            "sentence-index": 11,
            "annotations": []
        },
        {
            "sentence": "\"Steel is more expensive than the concrete, but I feel like we\u2019re talking about steel because the other side feels better about it,\" he said.",
            "sentence-index": 12,
            "annotations": []
        },
        {
            "sentence": "Yet House Speaker Nancy Pelosi said the Democrats' view is that they cannot resolve the funding dispute until the government fully opens. ",
            "sentence-index": 13,
            "annotations": []
        },
        {
            "sentence": "She said there had been progress only in the sense of a \"better understanding\" of each other.",
            "sentence-index": 14,
            "annotations": []
        },
        {
            "sentence": "Looking for an elusive resolution, Senate Majority Leader Mitch McConnell, R-Ky., said Trump agreed to designate staff to engage in negotiations with congressional leadership aides this weekend. ",
            "sentence-index": 15,
            "annotations": []
        },
        {
            "sentence": "Trump later said the group would \"determine what we're going to do about the border.\" ",
            "sentence-index": 16,
            "annotations": []
        },
        {
            "sentence": "That group would include Vice President Pence and advisor Jared Kushner.",
            "sentence-index": 17,
            "annotations": []
        },
        {
            "sentence": "The meeting came on the 14th day of the shutdown, which was triggered by disagreements over the funding of Trump\u2019s promised wall, after Democrats formally took control of the House of Representatives. ",
            "sentence-index": 18,
            "annotations": [
                {
                    "start": 130,
                    "end": 199,
                    "target": "Donald Trump",
                    "polarity": "Positive",
                    "aim": "Indirect (Opponent)",
                    "indirect-target-name": "Democrats",
                    "bias": "Informational",
                    "quote": "No",
                    "speaker": "",
                    "indirect-ally-opponent-sentiment": "Negative",
                    "text": "after Democrats formally took control of the House of Representatives"
                }
            ]
        },
        {
            "sentence": "Trump has said that $5 billion in funding for the wall is non-negotiable, while Democrats have said they will fund more general border security -- but not the wall.",
            "sentence-index": 19,
            "annotations": []
        },
        {
            "sentence": "Trump met with Democratic and Republican leaders of both chambers. ",
            "sentence-index": 20,
            "annotations": []
        },
        {
            "sentence": "Ahead of the meeting Trump sent a letter to members of Congress congratulating Pelosi on her election as speaker and calling on Congress to re-open the government.",
            "sentence-index": 21,
            "annotations": []
        },
        {
            "sentence": "\u201cAs we begin this new Congress, our first task should be to reopen the Government and to deliver on our highest duty as elected officials: the security of the Nation and its borders,\" he said. ",
            "sentence-index": 22,
            "annotations": []
        },
        {
            "sentence": "\u201cIt is the sovereign right of every nation to establish an immigration program in its national interest\u2014lawfully admitting those who have followed the rules, while denying entry to those who break the rules or fail to meet the requirements established in law.\"",
            "sentence-index": 23,
            "annotations": []
        },
        {
            "sentence": "As part of his strategy, he made available to every member a presentation on border security that he said those present at a meeting Wednesday did not want to hear.",
            "sentence-index": 24,
            "annotations": [
                {
                    "start": 106,
                    "end": 163,
                    "target": "Donald Trump",
                    "polarity": "Positive",
                    "aim": "Indirect (Opponent)",
                    "indirect-target-name": "Democrats",
                    "bias": "Informational",
                    "quote": "No",
                    "speaker": "",
                    "indirect-ally-opponent-sentiment": "Negative",
                    "text": "those present at a meeting Wednesday did not want to hear"
                }
            ]
        },
        {
            "sentence": "\u201cAmericans have endured decades of broken promises on illegal immigration. ",
            "sentence-index": 25,
            "annotations": []
        },
        {
            "sentence": "Now, is the time for both parties to rise above the partisan discord, to set aside political convenience, and to put the national interest first,\u201d he wrote.",
            "sentence-index": 26,
            "annotations": []
        },
        {
            "sentence": "Democrats, meanwhile, passed legislation in the House that would fund the whole government, but not the wall.  ",
            "sentence-index": 27,
            "annotations": []
        },
        {
            "sentence": "Pelosi accused Republicans of holding government workers hostage for the separate demand of a wall.",
            "sentence-index": 28,
            "annotations": []
        },
        {
            "sentence": "\"The wall and the government shutdown really have nothing to do with each other,\" Pelosi said at an MSNBC Town Hall.",
            "sentence-index": 29,
            "annotations": []
        },
        {
            "sentence": "\"There is no reason to have workers pay a price with their paycheck,\" she said",
            "sentence-index": 30,
            "annotations": [
                {
                    "start": 1,
                    "end": 67,
                    "target": "Donald Trump",
                    "polarity": "Negative",
                    "aim": "Indirect (General)",
                    "indirect-target-name": "federal employees",
                    "bias": "Informational",
                    "quote": "Yes",
                    "speaker": "Other (Anti-target)",
                    "indirect-ally-opponent-sentiment": "Neutral",
                    "text": "There is no reason to have workers pay a price with their paycheck"
                }
            ]
        },
        {
            "sentence": "The legislation was immediately dismissed by Republican leadership. ",
            "sentence-index": 31,
            "annotations": []
        },
        {
            "sentence": "McConnell, R-Ky., called the bills \u201ca time-wasting act of political posturing\u201d and said that \u201ca resolution will have to be palatable to House Democrats and Senate Republicans alike.\u201d",
            "sentence-index": 32,
            "annotations": [
                {
                    "start": 36,
                    "end": 77,
                    "target": "Donald Trump",
                    "polarity": "Positive",
                    "aim": "Indirect (Opponent)",
                    "indirect-target-name": "Democrats",
                    "bias": "Informational",
                    "quote": "Yes",
                    "speaker": "Other (Pro-target)",
                    "indirect-ally-opponent-sentiment": "Negative",
                    "text": "a time-wasting act of political posturing"
                }
            ]
        },
        {
            "sentence": "\u201cWe need to make policy rather than simply making political theatre,\u201d he told reporters.",
            "sentence-index": 33,
            "annotations": []
        },
        {
            "sentence": "White House Press Secretary Sarah Sanders said on \"Fox & Friends\" earlier Friday that it would be up to Pelosi to get her party behind her, including the left flank pushing for impeachment.",
            "sentence-index": 34,
            "annotations": []
        },
        {
            "sentence": "\u201cWe think we're hopeful because the people that elected Nancy Pelosi didn't elect her to come up here and do nothing and didn't elect her to play political games,\u201d she said. ",
            "sentence-index": 35,
            "annotations": []
        },
        {
            "sentence": "\u201cThey elected her to find real solutions and actually work with the president and work with all members of Congress to get things done.\u201d",
            "sentence-index": 36,
            "annotations": []
        },
        {
            "sentence": "On Thursday night, Pence said on Fox News' \u201cTucker Carlson Tonight\u201d that the terms of the negotiations were clear: \"Bottom line, if there's no wall, there's no deal.\"",
            "sentence-index": 37,
            "annotations": []
        }
    ]
}