{
    "main-event": "Trump and Democrats Dig In After Talks to Reopen Government Go Nowhere",
    "main-entities": [
        "Donald Trump",
        "Democratic Lawmakers"
    ],
    "title": "Trump says he could keep shutdown going for months or years",
    "source": "nyt",
    "url": "https://www.nytimes.com/2019/01/02/us/politics/trump-congress-shutdown.html",
    "date": "2019-01-02",
    "article-level-annotations": {
        "author-sentiment": {
            "main-event": "Neutral",
            "Donald Trump": "Negative",
            "Democratic Lawmakers": "Neutral"
        },
        "stance": "Center"
    },
    "annotators": [
        "A",
        "B"
    ],
    "body": [
        {
            "sentence": "WASHINGTON \u2014 President Trump and Democratic congressional leaders dug in Wednesday for a lengthy partial shutdown in a newly divided government after a White House meeting \u2014 the first in 22 days \u2014 could not break an impasse over Mr. Trump\u2019s demands for billions of dollars for a border wall.",
            "sentence-index": 0,
            "annotations": []
        },
        {
            "sentence": "During the contentious meeting in the Situation Room, Mr. Trump made his case for a wall on the southwestern border and rejected Democrats\u2019 proposals for reopening the government while the two sides ironed out their differences.",
            "sentence-index": 1,
            "annotations": []
        },
        {
            "sentence": "\u201cI would look foolish if I did that,\u201d Mr. Trump responded after Senator Chuck Schumer of New York, the Democratic leader, posed the question to him directly, according to three officials familiar with the meeting who described it on the condition of anonymity.",
            "sentence-index": 2,
            "annotations": []
        },
        {
            "sentence": "He said that the wall was why he was elected, one of the officials said.",
            "sentence-index": 3,
            "annotations": []
        },
        {
            "sentence": "Democrats were equally adamant, according to another official who was present for the discussion.",
            "sentence-index": 4,
            "annotations": []
        },
        {
            "sentence": "Pressed by Vice President Mike Pence and Representative Kevin McCarthy of California, the incoming minority leader, they refused to budge from their offer to devote $1.3 billion to border security.",
            "sentence-index": 5,
            "annotations": []
        },
        {
            "sentence": "The official also insisted on anonymity to describe the private conversation.",
            "sentence-index": 6,
            "annotations": []
        },
        {
            "sentence": "Senator Mitch McConnell of Kentucky, the majority leader, said after the meeting that he had no intention of putting Democratic bills to reopen the government to a vote if Mr. Trump would not sign them.",
            "sentence-index": 7,
            "annotations": []
        },
        {
            "sentence": "\u201cWe\u2019re hopeful that, somehow, in the coming days and weeks, we\u2019ll be able to reach an agreement,\u201d Mr. McConnell told reporters at the Capitol, offering an ominous timeline.",
            "sentence-index": 8,
            "annotations": []
        },
        {
            "sentence": "The events underscored the personal and political crosscurrents standing in the way of any compromise between a president unwilling to lose face with his core supporters on his signature campaign promise and newly empowered Democrats \u2014 poised to assume control of the House on Thursday \u2014 who refuse to give ground on an issue that has come to symbolize Mr. Trump\u2019s immigration policies.",
            "sentence-index": 9,
            "annotations": []
        },
        {
            "sentence": "With the partial government funding lapse dragging into its 12th day and affecting 800,000 federal employees, the confrontation in the Situation Room only served to highlight the depth of the divide.",
            "sentence-index": 10,
            "annotations": []
        },
        {
            "sentence": "\u201cCould be a long time, or it could be quickly,\u201d Mr. Trump said of resolving the shutdown.",
            "sentence-index": 11,
            "annotations": []
        },
        {
            "sentence": "\u201cIt\u2019s too important a subject to walk away from.\u201d",
            "sentence-index": 12,
            "annotations": []
        },
        {
            "sentence": "Representative Nancy Pelosi of California, who is in line to be elected speaker on Thursday, said: \u201cWe are asking the president to open up government. Why would he not do it?\u201d",
            "sentence-index": 13,
            "annotations": []
        },
        {
            "sentence": "\u201cHe could not give a good answer,\u201d Mr. Schumer said.",
            "sentence-index": 14,
            "annotations": [
                {
                    "start": 1,
                    "end": 32,
                    "target": "Donald Trump",
                    "polarity": "Negative",
                    "aim": "Direct",
                    "indirect-target-name": "",
                    "indirect-ally-opponent-sentiment": "",
                    "bias": "Informational",
                    "quote": "Yes",
                    "speaker": "Democratic Lawmakers",
                    "text": "He could not give a good answer"
                }
            ]
        },
        {
            "sentence": "Mr. Trump tried creative ways to persuade the Democrats that they should support his wall.",
            "sentence-index": 15,
            "annotations": []
        },
        {
            "sentence": "At one point, he said Ms. Pelosi should back it because she was \u201ca good Catholic\u201d and Vatican City is surrounded by a wall, according to one of the officials familiar with the discussion.",
            "sentence-index": 16,
            "annotations": [
                {
                    "start": 14,
                    "end": 122,
                    "target": "Donald Trump",
                    "polarity": "Negative",
                    "aim": "Direct",
                    "indirect-target-name": "",
                    "indirect-ally-opponent-sentiment": "",
                    "bias": "Informational",
                    "quote": "No",
                    "speaker": "",
                    "text": "he said Ms. Pelosi should back it because she was \u201ca good Catholic\u201d and Vatican City is surrounded by a wall"
                }
            ]
        },
        {
            "sentence": "In her first legislative act as speaker, Ms. Pelosi plans on Thursday to bring up two bills to reopen the government.",
            "sentence-index": 17,
            "annotations": []
        },
        {
            "sentence": "One would fund the Department of Homeland Security through Feb. 8, providing a month to break the impasse over border security funding, and a second would provide money for the remaining shuttered agencies and departments through September.",
            "sentence-index": 18,
            "annotations": []
        },
        {
            "sentence": "The homeland security measure would devote $1.3 billion to border security measures, such as enhanced surveillance and fortified fencing, but not the wall.",
            "sentence-index": 19,
            "annotations": []
        },
        {
            "sentence": "Mr. Trump\u2019s rejection of those measures left the prospects of a resolution at their dimmest since the shutdown began on Dec. 22.",
            "sentence-index": 20,
            "annotations": []
        },
        {
            "sentence": "It also highlighted the difficulty of the current situation, in which Democrats, Republicans and even some White House staff members have found themselves trying to anticipate what Mr. Trump will accept.",
            "sentence-index": 21,
            "annotations": []
        },
        {
            "sentence": "The president asked the congressional leaders to return to the White House on Friday to continue the talks, after Democrats had completed their leadership elections, according to an official who attended the meeting.",
            "sentence-index": 22,
            "annotations": []
        },
        {
            "sentence": "A second official who attended said Mr. Trump\u2019s team believed it would be easier for Ms. Pelosi to negotiate once she was officially installed as speaker.",
            "sentence-index": 23,
            "annotations": []
        },
        {
            "sentence": "Both insisted on anonymity to describe the private gathering.",
            "sentence-index": 24,
            "annotations": []
        },
        {
            "sentence": "In a pair of evening tweets, Mr. Trump seemed to hold out hope of an agreement, writing: \u201cI remain ready and willing to work with Democrats to pass a bill that secures our borders, supports the agents and officers on the ground, and keeps America Safe.",
            "sentence-index": 25,
            "annotations": []
        },
        {
            "sentence": "Let\u2019s get it done!\u201d",
            "sentence-index": 26,
            "annotations": []
        },
        {
            "sentence": "But the path to such a deal is murky at best.",
            "sentence-index": 27,
            "annotations": [
                {
                    "start": 0,
                    "end": 45,
                    "target": "Donald Trump",
                    "polarity": "Negative",
                    "aim": "Indirect (General)",
                    "indirect-target-name": "agreement for deal",
                    "indirect-ally-opponent-sentiment": "Negative",
                    "bias": "Informational",
                    "quote": "No",
                    "speaker": "",
                    "text": "But the path to such a deal is murky at best."
                }
            ]
        },
        {
            "sentence": "Before he met congressional leaders on Wednesday, Mr. Trump publicly rejected a compromise that Mr. Pence floated privately with Democrats last month to stave off the government funding lapse, saying $2.5 billion in border security spending was insufficient.",
            "sentence-index": 28,
            "annotations": []
        },
        {
            "sentence": "In the hours before a midnight deadline to avert a shutdown before Christmas, the vice president had broached that number, which his team has quietly continued to push in the days after parts of the government ran out of money.",
            "sentence-index": 29,
            "annotations": []
        },
        {
            "sentence": "\u201cNo, not $2.5 billion, no \u2014 we\u2019re asking for $5.6\u201d billion, Mr. Trump said during a cabinet meeting, hours before the Situation Room briefing.",
            "sentence-index": 30,
            "annotations": []
        },
        {
            "sentence": "His rejection of the figure seemed to confirm the concerns of Democratic leaders who had questioned whether they could trust senior White House officials to broker any compromise that could then be rejected by a president who has often shifted his position at the last moment, especially when it comes to immigration.",
            "sentence-index": 31,
            "annotations": [
                {
                    "start": 210,
                    "end": 275,
                    "target": "Donald Trump",
                    "polarity": "Negative",
                    "aim": "Direct",
                    "indirect-target-name": "",
                    "indirect-ally-opponent-sentiment": "",
                    "bias": "Informational",
                    "quote": "No",
                    "speaker": "",
                    "text": "a president who has often shifted his position at the last moment"
                }
            ]
        },
        {
            "sentence": "The larger figure referred to the amount Mr. Trump has demanded for the wall, which the House endorsed in a vote last month, but which failed to garner even majority support in the Senate, where it would need 60 votes to prevail.",
            "sentence-index": 32,
            "annotations": []
        },
        {
            "sentence": "But inside the Situation Room later on Wednesday, the proposal resurfaced and Mr. Trump appeared open to it, according to one of the officials present, as Mr. Pence and Mr. McCarthy pressed Democrats to meet in the middle.",
            "sentence-index": 33,
            "annotations": []
        },
        {
            "sentence": "Ms. Pelosi and Mr. Schumer said $1.3 billion was their highest bid.",
            "sentence-index": 34,
            "annotations": []
        },
        {
            "sentence": "Wednesday\u2019s gathering in the Situation Room, a secure chamber in the basement of the White House where military operations are tracked and other sensitive discussions unfold, was a conscious effort by Mr. Trump and his aides to infuse a sense of national-security crisis into the immigration discussion.",
            "sentence-index": 35,
            "annotations": []
        },
        {
            "sentence": "It was the president\u2019s first face-to-face meeting with Democratic leaders since a combative session last month when he said he would insist that any government spending bill include money for a border wall \u2014 and would proudly own the consequences if that meant a shutdown.",
            "sentence-index": 36,
            "annotations": []
        },
        {
            "sentence": "But it quickly turned tense as Mr. Trump argued for his wall and called on Kirstjen Nielsen, the homeland security secretary, who appeared via teleconference from the border in San Diego to stress the need for it, according to two of the officials who were at the meeting.",
            "sentence-index": 37,
            "annotations": []
        },
        {
            "sentence": "Mr. Schumer interjected, calling on Ms. Pelosi, who disputed Ms. Nielsen\u2019s statistics, two of the officials said.",
            "sentence-index": 38,
            "annotations": []
        },
        {
            "sentence": "Ms. Pelosi then laid out the legislative proposals she planned to bring up on Thursday, detailing how the spending measures had all received broad bipartisan support either in committees or on the floor in the Republican-controlled Congress.",
            "sentence-index": 39,
            "annotations": []
        },
        {
            "sentence": "The back and forth drew an angry response from the Department of Homeland Security.",
            "sentence-index": 40,
            "annotations": []
        },
        {
            "sentence": "\u201cDemocrats in the room either don\u2019t care that there is a humanitarian crisis on the border or just prefer ignorance,\u201d Katie Waldman, a spokeswoman for the department, said in a statement on Wednesday night.",
            "sentence-index": 41,
            "annotations": [
                {
                    "start": 1,
                    "end": 115,
                    "target": "Democratic Lawmakers",
                    "polarity": "Negative",
                    "aim": "Direct",
                    "indirect-target-name": "",
                    "indirect-ally-opponent-sentiment": "",
                    "bias": "Informational",
                    "quote": "Yes",
                    "speaker": "Other (Neutral)",
                    "text": "Democrats in the room either don\u2019t care that there is a humanitarian crisis on the border or just prefer ignorance"
                }
            ]
        },
        {
            "sentence": "\u201cIt was incredibly disheartening that they don\u2019t want to know the facts when making policy.\u201d",
            "sentence-index": 42,
            "annotations": [
                {
                    "start": 38,
                    "end": 71,
                    "target": "Democratic Lawmakers",
                    "polarity": "Negative",
                    "aim": "Direct",
                    "indirect-target-name": "",
                    "indirect-ally-opponent-sentiment": "",
                    "bias": "Informational",
                    "quote": "Yes",
                    "speaker": "Other (Anti-target)",
                    "text": "they don\u2019t want to know the facts"
                },
                {
                    "start": 8,
                    "end": 32,
                    "target": "Democratic Lawmakers",
                    "polarity": "Negative",
                    "aim": "Direct",
                    "indirect-target-name": "",
                    "indirect-ally-opponent-sentiment": "",
                    "bias": "Lexical",
                    "quote": "Yes",
                    "speaker": "Other (Neutral)",
                    "text": "incredibly disheartening"
                }
            ]
        },
        {
            "sentence": "Yet hours before the meeting began, what was billed as a somber security briefing had already taken on the sharp tone of a political showdown, as Mr. Trump charged that Democrats were sacrificing border security for a partisan advantage in the 2020 elections.",
            "sentence-index": 43,
            "annotations": []
        },
        {
            "sentence": "\u201cThe United States needs a physical barrier,\u201d the president said during the cabinet meeting, comparing the southern border to \u201ca sieve\u201d that allows criminals and drugs to enter the country and facilitates human trafficking.",
            "sentence-index": 44,
            "annotations": []
        },
        {
            "sentence": "\u201cWalls work,\u201d he added, claiming inaccurately that former President Barack Obama has one \u201caround his compound\u201d in Washington.",
            "sentence-index": 45,
            "annotations": [
                {
                    "start": 24,
                    "end": 45,
                    "target": "Donald Trump",
                    "polarity": "Negative",
                    "aim": "Direct",
                    "indirect-target-name": "",
                    "indirect-ally-opponent-sentiment": "",
                    "bias": "Informational",
                    "quote": "No",
                    "speaker": "",
                    "text": "claiming inaccurately"
                }
            ]
        },
        {
            "sentence": "(Parts of Mr. Obama\u2019s home in the northwest section of the city are bordered by a low brick retaining wall, and others have iron or chain-link fencing.)",
            "sentence-index": 46,
            "annotations": []
        },
        {
            "sentence": "Mr. Trump repeated his false claims about the border wall, including that Mexico was already paying for it, as he promised during his campaign, and that much of its construction had already been completed.",
            "sentence-index": 47,
            "annotations": [
                {
                    "start": 10,
                    "end": 35,
                    "target": "Donald Trump",
                    "polarity": "Negative",
                    "aim": "Direct",
                    "indirect-target-name": "",
                    "indirect-ally-opponent-sentiment": "",
                    "bias": "Informational",
                    "quote": "No",
                    "speaker": "",
                    "text": "repeated his false claims"
                }
            ]
        },
        {
            "sentence": "Outside the White House, the search for a way out is getting more urgent.",
            "sentence-index": 48,
            "annotations": []
        },
        {
            "sentence": "Some lawmakers have grown anxious about the shutdown\u2019s impact on their constituents, including federal workers who are not receiving pay while their agencies are denied funding.",
            "sentence-index": 49,
            "annotations": []
        },
        {
            "sentence": "Senator Lamar Alexander, Republican of Tennessee, wrote an opinion article in The Washington Post suggesting three ways out: Grant the president the $1.6 billion for border security that he requested, without wall funding, plus an additional $1 billion for security at ports of entry; approve a bipartisan bill linking wall funding with protection for young immigrants brought illegally to the country as children; or resurrect the 2013 comprehensive immigration overhaul that included huge increases in border security measures, sweeping changes to immigration law and a pathway to citizenship for the nation\u2019s 11 million undocumented immigrants.",
            "sentence-index": 50,
            "annotations": []
        },
        {
            "sentence": "Incoming lawmakers vented new concerns about the shutdown\u2019s effect.",
            "sentence-index": 51,
            "annotations": []
        },
        {
            "sentence": "\u201cThis morning I requested that my pay be withheld until the shutdown is over,\u201d Representative-elect Mikie Sherrill, Democrat of New Jersey, said Wednesday on Twitter, where she posted a letter to the chief administrative officer of the House making her request official.",
            "sentence-index": 52,
            "annotations": [
                {
                    "start": 1,
                    "end": 76,
                    "target": "Democratic Lawmakers",
                    "polarity": "Positive",
                    "aim": "Indirect (Ally)",
                    "indirect-target-name": "Mikie Sherrill",
                    "indirect-ally-opponent-sentiment": "Positive",
                    "bias": "Informational",
                    "quote": "Yes",
                    "speaker": "Democratic Lawmakers",
                    "text": "This morning I requested that my pay be withheld until the shutdown is over"
                }
            ]
        },
        {
            "sentence": "She noted that thousands of federal workers in her state were not receiving paychecks.",
            "sentence-index": 53,
            "annotations": []
        },
        {
            "sentence": "\u201cI came here to govern, not engage in partisan politics at the expense of hardworking Americans,\u201d she said.",
            "sentence-index": 54,
            "annotations": [
                {
                    "start": 1,
                    "end": 95,
                    "target": "Democratic Lawmakers",
                    "polarity": "Positive",
                    "aim": "Indirect (Ally)",
                    "indirect-target-name": "Mikie Sherrill",
                    "indirect-ally-opponent-sentiment": "Positive",
                    "bias": "Informational",
                    "quote": "Yes",
                    "speaker": "Democratic Lawmakers",
                    "text": "I came here to govern, not engage in partisan politics at the expense of hardworking Americans"
                }
            ]
        }
    ]
}