{
    "source": "hpo",
    "main-entities": [
        "Donald Trump",
        "Vicente Fox",
        "Enrique Pena Nieto"
    ],
    "main-event": "Trump gets into Twitter feud with Vicente Fox",
    "title": "Former Mexican President Vicente Fox Slams President Enrique Pe\u00f1a Nieto For Meeting Trump",
    "url": "https://www.huffingtonpost.com/entry/vicente-fox-enrique-pena-nieto-donald-trump_us_57c6cd8ee4b0e60d31dc3a33",
    "word-count": 454,
    "date": "2016-08-31",
    "article-level-annotations": {
        "author-sentiment": {
            "main-event": "Neutral",
            "Donald Trump": "Negative",
            "Vicente Fox": "Neutral",
            "Enrique Pena Nieto": "Neutral"
        },
        "stance": "Left"
    },
    "annotators": [
        "A",
        "C"
    ],
    "body": [
        {
            "sentence": "Former Mexican President Vicente Fox on Wednesday harshly criticized current President Enrique Pe\u00f1a Nieto for inviting Republican presidential candidate Donald Trump to meet with him south of the border, just hours before he is due to give a widely anticipated speech on immigration in Arizona.",
            "sentence-index": 0,
            "annotations": []
        },
        {
            "sentence": "\u201cHe is not welcome to Mexico,\u201d Fox said in an interview on CNN.",
            "sentence-index": 1,
            "annotations": []
        },
        {
            "sentence": "\u201cBy 130 million people, we don\u2019t like him, we don\u2019t want him. We reject his message.\u201d",
            "sentence-index": 2,
            "annotations": [
                {
                    "start": 0,
                    "end": 85,
                    "target": "Donald Trump",
                    "polarity": "Negative",
                    "aim": "Direct",
                    "indirect-target-name": "",
                    "indirect-ally-opponent-sentiment": "",
                    "bias": "Informational",
                    "quote": "Yes",
                    "speaker": "Vicente Fox",
                    "text": "\u201cBy 130 million people, we don\u2019t like him, we don\u2019t want him. We reject his message.\u201d"
                }
            ]
        },
        {
            "sentence": "Trump tweeted Tuesday that he had accepted an invitation to meet Pe\u00f1a Nieto in private.",
            "sentence-index": 3,
            "annotations": []
        },
        {
            "sentence": "An invitation had also been extended to his Democratic opponent, Hillary Clinton, but the former secretary of state\u2019s campaign said she was looking forward to speaking with him at the \u201cappropriate time.\u201d",
            "sentence-index": 4,
            "annotations": []
        },
        {
            "sentence": "Trump has spent more than a year railing against Mexico and its leaders, promising the country would pay for the construction of a wall on the border it shares with the U.S., as well as fear-mongering about \u201crapists\u201d and drug dealers that are coming across it.",
            "sentence-index": 5,
            "annotations": [
                {
                    "start": 186,
                    "end": 233,
                    "target": "Donald Trump",
                    "polarity": "Negative",
                    "aim": "Direct",
                    "indirect-target-name": "",
                    "indirect-ally-opponent-sentiment": "",
                    "bias": "Informational",
                    "quote": "No",
                    "speaker": "",
                    "text": "fear-mongering about \u201crapists\u201d and drug dealers "
                }
            ]
        },
        {
            "sentence": "The surprise meeting abroad with a foreign leader will be Trump\u2019s first as a presidential nominee, and is not without risks to his candidacy.",
            "sentence-index": 6,
            "annotations": []
        },
        {
            "sentence": "Mitt Romney\u2019s trip to Israel during the 2012 presidential campaign, for example, did not go over well.",
            "sentence-index": 7,
            "annotations": []
        },
        {
            "sentence": "Pe\u00f1a Nieto\u2019s approval rating fell to a record low earlier this year amid several corruption scandals.",
            "sentence-index": 8,
            "annotations": []
        },
        {
            "sentence": "He, too, may seize on the meeting as an opportunity to bolster his image with Mexicans.",
            "sentence-index": 9,
            "annotations": [
                {
                    "start": 0,
                    "end": 87,
                    "target": "Enrique Pena Nieto",
                    "polarity": "Negative",
                    "aim": "Direct",
                    "indirect-target-name": "",
                    "indirect-ally-opponent-sentiment": "",
                    "bias": "Informational",
                    "quote": "No",
                    "speaker": "",
                    "text": "He, too, may seize on the meeting as an opportunity to bolster his image with Mexicans."
                }
            ]
        },
        {
            "sentence": "In his interview on CNN, Fox warned Pe\u00f1a Nieto would be viewed like \u201ca traitor\u201d if he does not stand up to the GOP nominee.",
            "sentence-index": 10,
            "annotations": [
                {
                    "start": 71,
                    "end": 78,
                    "target": "Enrique Pena Nieto",
                    "polarity": "Negative",
                    "aim": "Direct",
                    "indirect-target-name": "",
                    "indirect-ally-opponent-sentiment": "",
                    "bias": "Lexical",
                    "quote": "No",
                    "speaker": "",
                    "text": "traitor"
                }
            ]
        },
        {
            "sentence": "\u201cTrump is using Mexico, using President Pe\u00f1a to boost his sinking poll numbers,\u201d Fox said.",
            "sentence-index": 11,
            "annotations": [
                {
                    "start": 1,
                    "end": 78,
                    "target": "Donald Trump",
                    "polarity": "Negative",
                    "aim": "Direct",
                    "indirect-target-name": "",
                    "indirect-ally-opponent-sentiment": "",
                    "bias": "Informational",
                    "quote": "Yes",
                    "speaker": "Vicente Fox",
                    "text": "Trump is using Mexico, using President Pe\u00f1a to boost his sinking poll numbers"
                }
            ]
        },
        {
            "sentence": "\u201cI think the President Pe\u00f1a is taking an enormous political risk by hosting Trump.",
            "sentence-index": 12,
            "annotations": []
        },
        {
            "sentence": "If he\u2019s gone soft on Trump, it will hurt him greatly.",
            "sentence-index": 13,
            "annotations": []
        },
        {
            "sentence": "He will even be considered like a traitor because we don\u2019t accept to be offended like we just heard, and it should not happen.",
            "sentence-index": 14,
            "annotations": [
                {
                    "start": 0,
                    "end": 126,
                    "target": "Enrique Pena Nieto",
                    "polarity": "Negative",
                    "aim": "Direct",
                    "indirect-target-name": "",
                    "indirect-ally-opponent-sentiment": "",
                    "bias": "Informational",
                    "quote": "Yes",
                    "speaker": "Vicente Fox",
                    "text": "He will even be considered like a traitor because we don\u2019t accept to be offended like we just heard, and it should not happen."
                }
            ]
        },
        {
            "sentence": "He comes here with a smile on his face.",
            "sentence-index": 15,
            "annotations": []
        },
        {
            "sentence": "I think this is a big mistake on part of President Pe\u00f1a.\u201d",
            "sentence-index": 16,
            "annotations": []
        },
        {
            "sentence": "\u201cIt\u2019s a very opportunistic move and I hope U.S. public opinion, U.S. citizens can see this and finally, and finally see what is behind Trump, this false prophet that is just cheating everybody,\u201d he added.",
            "sentence-index": 17,
            "annotations": [
                {
                    "start": 142,
                    "end": 192,
                    "target": "Donald Trump",
                    "polarity": "Negative",
                    "aim": "Direct",
                    "indirect-target-name": "",
                    "indirect-ally-opponent-sentiment": "",
                    "bias": "Informational",
                    "quote": "Yes",
                    "speaker": "Vicente Fox",
                    "text": "this false prophet that is just cheating everybody"
                }
            ]
        },
        {
            "sentence": "\u201cIt\u2019s a desperate move and I don\u2019t see how it can work at all.\u201d",
            "sentence-index": 18,
            "annotations": [
                {
                    "start": 8,
                    "end": 17,
                    "target": "Donald Trump",
                    "polarity": "Negative",
                    "aim": "Direct",
                    "indirect-target-name": "",
                    "indirect-ally-opponent-sentiment": "",
                    "bias": "Lexical",
                    "quote": "Yes",
                    "speaker": "Vicente Fox",
                    "text": "desperate"
                }
            ]
        },
        {
            "sentence": "Earlier this year, Fox railed against Trump in an expletive-laden outburst, promising that Mexico would \u201cnever pay for that fucking wall.\u201d",
            "sentence-index": 19,
            "annotations": []
        },
        {
            "sentence": "He later apologized, and even invited Trump \u201cto come to Mexico and to learn about the real Mexico.\u201d",
            "sentence-index": 20,
            "annotations": []
        },
        {
            "sentence": "Trump noted so helpfully in a tweet Wednesday morning.",
            "sentence-index": 21,
            "annotations": [
                {
                    "start": 12,
                    "end": 24,
                    "target": "Donald Trump",
                    "polarity": "Negative",
                    "aim": "Direct",
                    "indirect-target-name": "",
                    "indirect-ally-opponent-sentiment": "",
                    "bias": "Lexical",
                    "quote": "No",
                    "speaker": "",
                    "text": "so helpfully"
                }
            ]
        },
        {
            "sentence": "\u201cFormer President Vicente Fox, who is railing against my visit to Mexico today, also invited me when he apologized for using the \u201cf bomb.\u201d\u201d",
            "sentence-index": 22,
            "annotations": [
                {
                    "start": 0,
                    "end": 139,
                    "target": "Vicente Fox",
                    "polarity": "Negative",
                    "aim": "Direct",
                    "indirect-target-name": "",
                    "indirect-ally-opponent-sentiment": "",
                    "bias": "Informational",
                    "quote": "Yes",
                    "speaker": "Donald Trump",
                    "text": "\u201cFormer President Vicente Fox, who is railing against my visit to Mexico today, also invited me when he apologized for using the \u201cf bomb.\u201d\u201d"
                }
            ]
        },
        {
            "sentence": "Fox tweeted his own recollection in response:",
            "sentence-index": 23,
            "annotations": []
        },
        {
            "sentence": "\u201c, I invited you to come and apologize to all Mexicans.",
            "sentence-index": 24,
            "annotations": []
        },
        {
            "sentence": "Stop lying! Mexico is not yours to play with, show some respect.\u201d",
            "sentence-index": 25,
            "annotations": [
                {
                    "start": 0,
                    "end": 65,
                    "target": "Donald Trump",
                    "polarity": "Negative",
                    "aim": "Direct",
                    "indirect-target-name": "",
                    "indirect-ally-opponent-sentiment": "",
                    "bias": "Informational",
                    "quote": "Yes",
                    "speaker": "Vicente Fox",
                    "text": "Stop lying! Mexico is not yours to play with, show some respect.\u201d"
                }
            ]
        }
    ]
}