{
    "source": "hpo",
    "main-entities": [
        "Donald Trump",
        "Joe Lieberman"
    ],
    "main-event": "Donald Trump considers Joe Lieberman for FBI Director",
    "title": "Donald Trump Says Joe Lieberman Is His Top Choice For FBI Director",
    "url": "https://www.huffingtonpost.com/entry/donald-trump-joe-lieberman-fbi-director_us_591df2bbe4b094cdba52519a",
    "word-count": 633,
    "date": "2017-05-18",
    "article-level-annotations": {
        "author-sentiment": {
            "main-event": "Negative",
            "Donald Trump": "Negative",
            "Joe Lieberman": "Negative"
        },
        "stance": "Left"
    },
    "annotators": [
        "A",
        "C"
    ],
    "body": [
        {
            "sentence": "WASHINGTON \u2015 President Donald Trump is \u201cvery close\u201d to selecting an interim candidate to replace former FBI Director James Comey, he told White House reporters on Thursday.",
            "sentence-index": 0,
            "annotations": []
        },
        {
            "sentence": "Trump confirmed that former Sen. Joe Lieberman is his top choice, according to White House pool reports.",
            "sentence-index": 1,
            "annotations": []
        },
        {
            "sentence": "The founder of Lieberman\u2019s law firm \u2015 Kasowitz, Benson, Torres & Friedman \u2015 is one of the president\u2019s top lawyers.",
            "sentence-index": 2,
            "annotations": []
        },
        {
            "sentence": "Trump met on Wednesday with Lieberman and three other candidates: current acting FBI Director Andrew McCabe; Frank Keating, the former governor of Oklahoma who previously served as an FBI agent and in high-level positions in the Justice Department; and Richard McFeely, who served in the FBI for 24 years before retiring as executive assistant director in 2014.",
            "sentence-index": 3,
            "annotations": []
        },
        {
            "sentence": "Lieberman, who was the 2000 Democratic vice presidential nominee before losing a primary bid for re-election and becoming an independent, would be an unconventional choice.",
            "sentence-index": 4,
            "annotations": []
        },
        {
            "sentence": "He has no federal law enforcement experience and, while currently at a high-profile law firm, is most associated as a centrist Democrat.",
            "sentence-index": 5,
            "annotations": []
        },
        {
            "sentence": "He has previously said that he would support an independent commission to investigate ties between Trump\u2019s administration and Russia.",
            "sentence-index": 6,
            "annotations": []
        },
        {
            "sentence": "But it is his background in politics that had Democrats reacting with severe reservation.",
            "sentence-index": 7,
            "annotations": [
                {
                    "start": 70,
                    "end": 76,
                    "target": "Joe Lieberman",
                    "polarity": "Negative",
                    "aim": "Direct",
                    "indirect-target-name": "",
                    "indirect-ally-opponent-sentiment": "",
                    "bias": "Lexical",
                    "quote": "No",
                    "speaker": "",
                    "text": "severe"
                }
            ]
        },
        {
            "sentence": "Sen. Claire McCaskill (D-Mo.) called it a \u201cmistake\u201d to select an elected official to the post, saying that the FBI director should be a law enforcement official.",
            "sentence-index": 8,
            "annotations": []
        },
        {
            "sentence": "While Sen. Brian Schatz (D-Hawaii), in an interview with Huffpost, called the possible nomination \u201cshocking.\u201d",
            "sentence-index": 9,
            "annotations": [
                {
                    "start": 99,
                    "end": 107,
                    "target": "Donald Trump",
                    "polarity": "Negative",
                    "aim": "Direct",
                    "indirect-target-name": "",
                    "indirect-ally-opponent-sentiment": "",
                    "bias": "Lexical",
                    "quote": "Yes",
                    "speaker": "Other (Anti-target)",
                    "text": "shocking"
                }
            ]
        },
        {
            "sentence": "\u201cThere is no reason to appoint a politician to run the FBI,\u201d Schatz said.",
            "sentence-index": 10,
            "annotations": []
        },
        {
            "sentence": "\u201cIt is contrary to everything the FBI is about and it undermines the confidence that the public needs to have in the independence of the agency.",
            "sentence-index": 11,
            "annotations": [
                {
                    "start": 0,
                    "end": 144,
                    "target": "Donald Trump",
                    "polarity": "Negative",
                    "aim": "Direct",
                    "indirect-target-name": "",
                    "indirect-ally-opponent-sentiment": "",
                    "bias": "Informational",
                    "quote": "Yes",
                    "speaker": "Other (Anti-target)",
                    "text": "\u201cIt is contrary to everything the FBI is about and it undermines the confidence that the public needs to have in the independence of the agency."
                }
            ]
        },
        {
            "sentence": "And more to the point, it is not as if there is no one else qualified to do this job.",
            "sentence-index": 12,
            "annotations": []
        },
        {
            "sentence": "There are literally dozens of people who would get a unanimous vote.\u201d",
            "sentence-index": 13,
            "annotations": []
        },
        {
            "sentence": "It is rare for an FBI director to be appointed without the full backing of the Senate, Schatz noted.",
            "sentence-index": 14,
            "annotations": []
        },
        {
            "sentence": "And he speculated that a Lieberman nomination would split the chamber.",
            "sentence-index": 15,
            "annotations": []
        },
        {
            "sentence": "A top Senate Democratic aide, likewise, put the prospects of immense opposition to the pick bluntly in an email to HuffPost: \u201cThere couldn\u2019t possibly be worse time to take the unprecedented step of handing the FBI over to a politician.",
            "sentence-index": 16,
            "annotations": [
                {
                    "start": 126,
                    "end": 234,
                    "target": "Donald Trump",
                    "polarity": "Negative",
                    "aim": "Direct",
                    "indirect-target-name": "",
                    "indirect-ally-opponent-sentiment": "",
                    "bias": "Informational",
                    "quote": "Yes",
                    "speaker": "Other (Anti-target)",
                    "text": "There couldn\u2019t possibly be worse time to take the unprecedented step of handing the FBI over to a politician"
                }
            ]
        },
        {
            "sentence": "That absolutely includes Senator Lieberman.\u201d",
            "sentence-index": 17,
            "annotations": []
        },
        {
            "sentence": "During a Thursday Democratic caucus lunch, Sens. Dick Durbin (Ill.) and Sheldon Whitehouse (R.I.) trashed the idea of Lieberman, or any politician, being in charge of the FBI, according to a senior Democratic aide who was in the private meeting.",
            "sentence-index": 18,
            "annotations": [
                {
                    "start": 98,
                    "end": 105,
                    "target": "Donald Trump",
                    "polarity": "Positive",
                    "aim": "Indirect (Opponent)",
                    "indirect-target-name": "Democratic senators",
                    "indirect-ally-opponent-sentiment": "Negative",
                    "bias": "Lexical",
                    "quote": "No",
                    "speaker": "",
                    "text": "trashed"
                }
            ]
        },
        {
            "sentence": "A majority of Democrats in the room said they agreed that he\u2019s a terrible choice.",
            "sentence-index": 19,
            "annotations": [
                {
                    "start": 65,
                    "end": 73,
                    "target": "Donald Trump",
                    "polarity": "Negative",
                    "aim": "Direct",
                    "indirect-target-name": "",
                    "indirect-ally-opponent-sentiment": "",
                    "bias": "Lexical",
                    "quote": "No",
                    "speaker": "",
                    "text": "terrible"
                }
            ]
        },
        {
            "sentence": "Not a one defended Lieberman.",
            "sentence-index": 20,
            "annotations": [
                {
                    "start": 0,
                    "end": 29,
                    "target": "Joe Lieberman",
                    "polarity": "Negative",
                    "aim": "Direct",
                    "indirect-target-name": "",
                    "indirect-ally-opponent-sentiment": "",
                    "bias": "Informational",
                    "quote": "No",
                    "speaker": "",
                    "text": "Not a one defended Lieberman."
                }
            ]
        },
        {
            "sentence": "\u201cThe FBI director should be drawn from the ranks of career law enforcement\u200e, prosecutors or the FBI itself \u2015 not politicians,\u201d Durbin told HuffPost later.",
            "sentence-index": 21,
            "annotations": []
        },
        {
            "sentence": "Republicans, by contrast, praised Lieberman.",
            "sentence-index": 22,
            "annotations": []
        },
        {
            "sentence": "Sen. Marco Rubio (R-Fla.) expressed \u201cgreat admiration\u201d for the former senator, Sen. John Cornyn (R-Texas) speculated that Lieberman could get 100 confirmation votes, and Sen. John McCain (R-Ariz.), said he would be \u201coverjoyed\u201d if Lieberman, who is a friend of his, were picked.",
            "sentence-index": 23,
            "annotations": [
                {
                    "start": 241,
                    "end": 263,
                    "target": "Joe Lieberman",
                    "polarity": "Negative",
                    "aim": "Direct",
                    "indirect-target-name": "",
                    "indirect-ally-opponent-sentiment": "",
                    "bias": "Informational",
                    "quote": "No",
                    "speaker": "",
                    "text": "who is a friend of his"
                }
            ]
        },
        {
            "sentence": "\u201cJoe Lieberman has more experience than all of my Democrat colleagues combined, so screw them,\u201d McCain said of Democrats\u2019 concerns.",
            "sentence-index": 24,
            "annotations": []
        },
        {
            "sentence": "The need for a new FBI director came after Trump fired Comey last week, a stunning move that occurred amid the FBI\u2019s ongoing investigation into the Trump campaign\u2019s ties to Russia.",
            "sentence-index": 25,
            "annotations": [
                {
                    "start": 72,
                    "end": 179,
                    "target": "Donald Trump",
                    "polarity": "Negative",
                    "aim": "Direct",
                    "indirect-target-name": "",
                    "indirect-ally-opponent-sentiment": "",
                    "bias": "Informational",
                    "quote": "No",
                    "speaker": "",
                    "text": "a stunning move that occurred amid the FBI\u2019s ongoing investigation into the Trump campaign\u2019s ties to Russia"
                },
                {
                    "start": 74,
                    "end": 82,
                    "target": "Donald Trump",
                    "polarity": "Negative",
                    "aim": "Direct",
                    "indirect-target-name": "",
                    "indirect-ally-opponent-sentiment": "",
                    "bias": "Lexical",
                    "quote": "No",
                    "speaker": "",
                    "text": "stunning"
                }
            ]
        },
        {
            "sentence": "A series of explosive reports over the last week have heightened the appearance that Trump interfered with the investigation.",
            "sentence-index": 26,
            "annotations": [
                {
                    "start": 0,
                    "end": 125,
                    "target": "Donald Trump",
                    "polarity": "Negative",
                    "aim": "Direct",
                    "indirect-target-name": "",
                    "indirect-ally-opponent-sentiment": "",
                    "bias": "Informational",
                    "quote": "No",
                    "speaker": "",
                    "text": "A series of explosive reports over the last week have heightened the appearance that Trump interfered with the investigation."
                },
                {
                    "start": 12,
                    "end": 21,
                    "target": "Donald Trump",
                    "polarity": "Negative",
                    "aim": "Direct",
                    "indirect-target-name": "",
                    "indirect-ally-opponent-sentiment": "",
                    "bias": "Lexical",
                    "quote": "No",
                    "speaker": "",
                    "text": "explosive"
                }
            ]
        },
        {
            "sentence": "In particular, The New York Times reported that Trump asked Comey to shut down a separate probe into former national security adviser Michael Flynn\u2019s contacts with Russian officials, according to a memo Comey wrote to document a meeting with Trump.",
            "sentence-index": 27,
            "annotations": [
                {
                    "start": 0,
                    "end": 248,
                    "target": "Donald Trump",
                    "polarity": "Negative",
                    "aim": "Direct",
                    "indirect-target-name": "",
                    "indirect-ally-opponent-sentiment": "",
                    "bias": "Informational",
                    "quote": "No",
                    "speaker": "",
                    "text": "In particular, The New York Times reported that Trump asked Comey to shut down a separate probe into former national security adviser Michael Flynn\u2019s contacts with Russian officials, according to a memo Comey wrote to document a meeting with Trump."
                }
            ]
        }
    ]
}