{
    "source": "fox",
    "main-entities": [
        "Donald Trump",
        "Roy Moore"
    ],
    "main-event": "White House responds to sexual misconduct allegations against Roy Moore",
    "title": "Trump: Roy Moore will 'step aside' if sexual misconduct allegations are true",
    "url": "http://www.foxnews.com/politics/2017/11/09/trump-roy-moore-will-step-aside-if-sexual-misconduct-allegations-are-true.html",
    "word-count": 756,
    "date": "2017-11-09",
    "article-level-annotations": {
        "author-sentiment": {
            "main-event": "Neutral",
            "Donald Trump": "Neutral",
            "Roy Moore": "Neutral"
        },
        "stance": "Right"
    },
    "annotators": [
        "A",
        "C"
    ],
    "body": [
        {
            "sentence": "President Trump thinks Alabama Republican Senate candidate Roy Moore \u201cwill do the right thing and step aside\u201d if the sexual misconduct allegations against him are true, the White House said in a statement Thursday.",
            "sentence-index": 0,
            "annotations": []
        },
        {
            "sentence": "Speaking to reporters following the president\u2019s Asia trip on Air Force One, White House Press Secretary Sarah Sanders also cautioned against a rush to judgment.",
            "sentence-index": 1,
            "annotations": []
        },
        {
            "sentence": "\u201cLike most Americans, the president believes we cannot allow a mere allegation, in this case one from many years ago, to destroy a person\u2019s life,\" Sanders said.",
            "sentence-index": 2,
            "annotations": []
        },
        {
            "sentence": "\"However, the president also believes that if these allegations are true, Judge Moore will do the right thing and step aside.\"",
            "sentence-index": 3,
            "annotations": []
        },
        {
            "sentence": "Moore lashed out earlier at what he called \"the Obama-Clinton machine's liberal media lapdogs\" after The Washington Post reported on a woman's claims that the former judge and staunch social conservative initiated a sexual encounter with her when she was 14.",
            "sentence-index": 4,
            "annotations": [
                {
                    "start": 44,
                    "end": 93,
                    "target": "Roy Moore",
                    "polarity": "Positive",
                    "aim": "Indirect (Opponent)",
                    "indirect-target-name": "Washington Post",
                    "indirect-ally-opponent-sentiment": "Negative",
                    "bias": "Lexical",
                    "quote": "Yes",
                    "speaker": "Roy Moore",
                    "text": "the Obama-Clinton machine's liberal media lapdogs"
                },
                {
                    "start": 176,
                    "end": 183,
                    "target": "Roy Moore",
                    "polarity": "Negative",
                    "aim": "Direct",
                    "indirect-target-name": "",
                    "indirect-ally-opponent-sentiment": "",
                    "bias": "Lexical",
                    "quote": "No",
                    "speaker": "",
                    "text": "staunch"
                }
            ]
        },
        {
            "sentence": "In a series of tweets Thursday evening, Moore claimed \"The forces of evil will lie, cheat, steal \u2013\u2013 even inflict physical harm \u2013\u2013 if they believe it will silence and shut up Christian conservatives.\"",
            "sentence-index": 5,
            "annotations": [
                {
                    "start": 55,
                    "end": 197,
                    "target": "Roy Moore",
                    "polarity": "Positive",
                    "aim": "Indirect (Opponent)",
                    "indirect-target-name": "mainstream media",
                    "indirect-ally-opponent-sentiment": "Negative",
                    "bias": "Informational",
                    "quote": "Yes",
                    "speaker": "Roy Moore",
                    "text": "The forces of evil will lie, cheat, steal \u2013\u2013 even inflict physical harm \u2013\u2013 if they believe it will silence and shut up Christian conservatives"
                }
            ]
        },
        {
            "sentence": "Amid calls for him to drop out of the race, Moore added, \"Our nation is at a crossroads right now \u2014 both spiritually and politically.",
            "sentence-index": 6,
            "annotations": []
        },
        {
            "sentence": "Our children and grandchildren\u2019s futures are on the line.",
            "sentence-index": 7,
            "annotations": []
        },
        {
            "sentence": "So rest assured \u2014 I will NEVER GIVE UP the fight!\"",
            "sentence-index": 8,
            "annotations": []
        },
        {
            "sentence": "The Post story centered on allegations made by Leigh Corfman, now 53.",
            "sentence-index": 9,
            "annotations": []
        },
        {
            "sentence": "She told the newspaper that Moore, then an assistant district attorney, first approached her in 1979 outside a courtroom in Alabama where she was sitting with her mother.",
            "sentence-index": 10,
            "annotations": []
        },
        {
            "sentence": "On another occasion, she said Moore, then 32, took her to his home in the woods and kissed her.",
            "sentence-index": 11,
            "annotations": []
        },
        {
            "sentence": "During a subsequent visit, Corfman reportedly claimed he took off her shirt and pants; touched her over her bra and underwear; and guided her hand to his underwear.",
            "sentence-index": 12,
            "annotations": []
        },
        {
            "sentence": "She said the two did not have sexual intercourse, and that she ended up getting dressed and asking Moore to take her home, according to the Post.",
            "sentence-index": 13,
            "annotations": []
        },
        {
            "sentence": "\u201cI wanted it over with \u2013 I wanted out,\u201d she told the Post, apparently recalling her train of thought at the time.",
            "sentence-index": 14,
            "annotations": [
                {
                    "start": 59,
                    "end": 69,
                    "target": "Roy Moore",
                    "polarity": "Positive",
                    "aim": "Indirect (Opponent)",
                    "indirect-target-name": "Leigh Corfman",
                    "indirect-ally-opponent-sentiment": "Negative",
                    "bias": "Lexical",
                    "quote": "No",
                    "speaker": "",
                    "text": "apparently"
                }
            ]
        },
        {
            "sentence": "Moore did take her home, she said.",
            "sentence-index": 15,
            "annotations": []
        },
        {
            "sentence": "The report caused immediate problems for Moore with his own party as he heads into the Dec. 12 election against Democrat Doug Jones.",
            "sentence-index": 16,
            "annotations": []
        },
        {
            "sentence": "Several GOP senators called on him to step aside if the allegations are true \u2013 and at least one senator, Arizona\u2019s John McCain, said he should drop out regardless.",
            "sentence-index": 17,
            "annotations": []
        },
        {
            "sentence": "Senate Majority Leader Mitch McConnell, R-Ky., who backed Moore\u2019s rival Luther Strange in the GOP primary, said in a statement: \"If these allegations are true, he must step aside.\"",
            "sentence-index": 18,
            "annotations": []
        },
        {
            "sentence": "Sen. Cory Gardner, R-Colo., head of the Senate GOP campaign arm, called the allegations \u201cdeeply troubling\u201d and said: \u201cIf these allegations are found to be true, Roy Moore must drop out of the Alabama special Senate election.\u201d",
            "sentence-index": 19,
            "annotations": [
                {
                    "start": 89,
                    "end": 105,
                    "target": "Roy Moore",
                    "polarity": "Negative",
                    "aim": "Direct",
                    "indirect-target-name": "",
                    "indirect-ally-opponent-sentiment": "",
                    "bias": "Lexical",
                    "quote": "Yes",
                    "speaker": "Other (Anti-target)",
                    "text": "deeply troubling"
                }
            ]
        },
        {
            "sentence": "Jones\u2019 campaign told multiple news outlets: \u201cRoy Moore needs to answer these serious charges.\u201d",
            "sentence-index": 20,
            "annotations": []
        },
        {
            "sentence": "But Moore\u2019s campaign issued a statement saying the report is \u201cbaseless\u201d and false.",
            "sentence-index": 21,
            "annotations": []
        },
        {
            "sentence": "\u201cNational liberal organizations know their chosen candidate Doug Jones is in a death spiral, and this is their last ditch Hail Mary,\u201d Moore campaign chairman Bill Armistead said.",
            "sentence-index": 22,
            "annotations": [
                {
                    "start": 1,
                    "end": 131,
                    "target": "Roy Moore",
                    "polarity": "Positive",
                    "aim": "Indirect (Opponent)",
                    "indirect-target-name": "national liberal organizations",
                    "indirect-ally-opponent-sentiment": "Negative",
                    "bias": "Informational",
                    "quote": "Yes",
                    "speaker": "Other (Pro-target)",
                    "text": "National liberal organizations know their chosen candidate Doug Jones is in a death spiral, and this is their last ditch Hail Mary"
                }
            ]
        },
        {
            "sentence": "\u201cJudge Roy Moore is winning with a double-digit lead.",
            "sentence-index": 23,
            "annotations": []
        },
        {
            "sentence": "So it is no surprise, with just over four weeks remaining, in a race for the U.S. Senate with national implications, that the Democratic Party and the country\u2019s most liberal newspaper would come up with a fabrication of this kind.",
            "sentence-index": 24,
            "annotations": [
                {
                    "start": 0,
                    "end": 230,
                    "target": "Roy Moore",
                    "polarity": "Positive",
                    "aim": "Indirect (Opponent)",
                    "indirect-target-name": "Democratic party",
                    "indirect-ally-opponent-sentiment": "Negative",
                    "bias": "Informational",
                    "quote": "Yes",
                    "speaker": "Other (Pro-target)",
                    "text": "So it is no surprise, with just over four weeks remaining, in a race for the U.S. Senate with national implications, that the Democratic Party and the country\u2019s most liberal newspaper would come up with a fabrication of this kind."
                }
            ]
        },
        {
            "sentence": "\u201cThis garbage is the very definition of fake news and intentional defamation,\u201d he said.",
            "sentence-index": 25,
            "annotations": [
                {
                    "start": 1,
                    "end": 76,
                    "target": "Roy Moore",
                    "polarity": "Positive",
                    "aim": "Indirect (Opponent)",
                    "indirect-target-name": "Democrats",
                    "indirect-ally-opponent-sentiment": "Negative",
                    "bias": "Informational",
                    "quote": "Yes",
                    "speaker": "Other (Pro-target)",
                    "text": "This garbage is the very definition of fake news and intentional defamation"
                }
            ]
        },
        {
            "sentence": "The Post noted that the legal age of consent in the state is 16, and sexual contact by anyone 19 or older with anyone between 12 and 16 years old is considered second-degree sexual abuse.",
            "sentence-index": 26,
            "annotations": [
                {
                    "start": 0,
                    "end": 187,
                    "target": "Roy Moore",
                    "polarity": "Negative",
                    "aim": "Direct",
                    "indirect-target-name": "",
                    "indirect-ally-opponent-sentiment": "",
                    "bias": "Informational",
                    "quote": "No",
                    "speaker": "",
                    "text": "The Post noted that the legal age of consent in the state is 16, and sexual contact by anyone 19 or older with anyone between 12 and 16 years old is considered second-degree sexual abuse."
                }
            ]
        },
        {
            "sentence": "The statute of limitations, though, has long since passed.",
            "sentence-index": 27,
            "annotations": []
        },
        {
            "sentence": "The Post interviewed three other women who were teenagers at the time who claimed Moore pursued them when he was in his 30s, though he did not force them into any type of sexual relationship.",
            "sentence-index": 28,
            "annotations": []
        },
        {
            "sentence": "\u201cI have prayed over this,\u201d Corfman told the Post as to why she came forward, \u201cAll I know is that I can\u2019t sit back and let this continue, let him continue without the mask being removed.\u201d",
            "sentence-index": 29,
            "annotations": []
        },
        {
            "sentence": "Alabama's Republican governor, Kay Ivey, responded: \u201cThese allegations are deeply disturbing.",
            "sentence-index": 30,
            "annotations": []
        },
        {
            "sentence": "I will hold judgment until we know the facts.",
            "sentence-index": 31,
            "annotations": []
        },
        {
            "sentence": "The people of Alabama deserve to know the truth and will make their own decisions.\u201d",
            "sentence-index": 32,
            "annotations": []
        }
    ]
}