{
    "source": "hpo",
    "main-entities": [
        "Donald Trump",
        "Roy Moore"
    ],
    "main-event": "White House responds to sexual misconduct allegations against Roy Moore",
    "title": "White House Responds To Sexual Misconduct Allegations Against Roy Moore",
    "url": "https://www.huffingtonpost.com/entry/donald-trump-roy-moore-sexual-assault_us_5a04ab12e4b0f76b05c43f87?utm_hp_ref=donald-trump",
    "word-count": 326,
    "date": "2017-11-10",
    "article-level-annotations": {
        "author-sentiment": {
            "main-event": "Neutral",
            "Donald Trump": "Negative",
            "Roy Moore": "Neutral"
        },
        "stance": "Center"
    },
    "annotators": [
        "A",
        "C"
    ],
    "body": [
        {
            "sentence": "WASHINGTON \u2015 The White House relayed President Donald Trump\u2019s response late Thursday to bombshell allegations that Alabama GOP Senate nominee Roy Moore sexually molested a 14-year-old girl in 1979.",
            "sentence-index": 0,
            "annotations": [
                {
                    "start": 88,
                    "end": 97,
                    "target": "Roy Moore",
                    "polarity": "Negative",
                    "aim": "Direct",
                    "indirect-target-name": "",
                    "indirect-ally-opponent-sentiment": "",
                    "bias": "Lexical",
                    "quote": "No",
                    "speaker": "",
                    "text": "bombshell"
                }
            ]
        },
        {
            "sentence": "White House press secretary Sarah Huckabee Sanders, traveling with the president on his trip to Asia, told reporters that Trump \u201cbelieves that we cannot allow a mere allegation \u2015 in this case, one from many years ago \u2015 to destroy a person\u2019s life\u201d but that if the allegations are true, \u201cJudge Moore will do the right thing and step aside.\u201d",
            "sentence-index": 1,
            "annotations": []
        },
        {
            "sentence": "A spokesperson for Vice President Mike Pence said the veep \u201cfound the allegations in the story disturbing and believes, if true, this would disqualify anyone from serving in office.\u201d",
            "sentence-index": 2,
            "annotations": []
        },
        {
            "sentence": "Moore\u2019s campaign denied the allegations, which The Washington Post first reported, telling the paper the accusations of four women are \u201cthe very definition of fake news.\u201d",
            "sentence-index": 3,
            "annotations": []
        },
        {
            "sentence": "The Post reporters talked to more than 30 sources in the course of their investigation.",
            "sentence-index": 4,
            "annotations": [
                {
                    "start": 0,
                    "end": 87,
                    "target": "Roy Moore",
                    "polarity": "Negative",
                    "aim": "Indirect (Opponent)",
                    "indirect-target-name": "Washington Post",
                    "indirect-ally-opponent-sentiment": "Neutral",
                    "bias": "Informational",
                    "quote": "No",
                    "speaker": "",
                    "text": "The Post reporters talked to more than 30 sources in the course of their investigation."
                }
            ]
        },
        {
            "sentence": "On Thursday, numerous Republican lawmakers on Capitol Hill called on Moore to drop out of the race \u2015 if the allegations are true.",
            "sentence-index": 5,
            "annotations": []
        },
        {
            "sentence": "During his 2016 campaign, Trump dismissed allegations of sexual misconduct against himself from more than a dozen women and threatened to sue some of his accusers.",
            "sentence-index": 6,
            "annotations": [
                {
                    "start": 0,
                    "end": 163,
                    "target": "Donald Trump",
                    "polarity": "Negative",
                    "aim": "Direct",
                    "indirect-target-name": "",
                    "indirect-ally-opponent-sentiment": "",
                    "bias": "Informational",
                    "quote": "No",
                    "speaker": "",
                    "text": "During his 2016 campaign, Trump dismissed allegations of sexual misconduct against himself from more than a dozen women and threatened to sue some of his accusers."
                }
            ]
        },
        {
            "sentence": "He claimed that a 2005 tape of him bragging about sexual assault, which was released last fall, was \u201clocker room talk.\u201d",
            "sentence-index": 7,
            "annotations": [
                {
                    "start": 35,
                    "end": 64,
                    "target": "Donald Trump",
                    "polarity": "Negative",
                    "aim": "Direct",
                    "indirect-target-name": "",
                    "indirect-ally-opponent-sentiment": "",
                    "bias": "Lexical",
                    "quote": "No",
                    "speaker": "",
                    "text": "bragging about sexual assault"
                },
                {
                    "start": 0,
                    "end": 119,
                    "target": "Donald Trump",
                    "polarity": "Negative",
                    "aim": "Direct",
                    "indirect-target-name": "",
                    "indirect-ally-opponent-sentiment": "",
                    "bias": "Informational",
                    "quote": "No",
                    "speaker": "",
                    "text": "He claimed that a 2005 tape of him bragging about sexual assault, which was released last fall, was \u201clocker room talk.\u201d"
                }
            ]
        },
        {
            "sentence": "In September, Moore, a controversial judge in Alabama, won the primary for the special election.",
            "sentence-index": 8,
            "annotations": []
        },
        {
            "sentence": "He beat GOP establishment candidate Sen. Luther Strange (R-Ala.), who was chosen to fill the seat left vacant when Jeff Sessions became Trump\u2019s attorney general.",
            "sentence-index": 9,
            "annotations": []
        },
        {
            "sentence": "Trump notably backed Strange over Moore, though many members of his base, including former White House chief strategist Steve Bannon, supported Moore.",
            "sentence-index": 10,
            "annotations": []
        },
        {
            "sentence": "But after Moore won, Trump disavowed his endorsement of Strange, deleting tweets in support of him.",
            "sentence-index": 11,
            "annotations": [
                {
                    "start": 65,
                    "end": 98,
                    "target": "Donald Trump",
                    "polarity": "Negative",
                    "aim": "Direct",
                    "indirect-target-name": "",
                    "indirect-ally-opponent-sentiment": "",
                    "bias": "Informational",
                    "quote": "No",
                    "speaker": "",
                    "text": "deleting tweets in support of him"
                }
            ]
        },
        {
            "sentence": "And the day after the primary, the president tweeted in support of Moore, calling him \u201ca really great guy.\u201d",
            "sentence-index": 12,
            "annotations": [
                {
                    "start": 0,
                    "end": 107,
                    "target": "Donald Trump",
                    "polarity": "Negative",
                    "aim": "Direct",
                    "indirect-target-name": "",
                    "indirect-ally-opponent-sentiment": "",
                    "bias": "Informational",
                    "quote": "No",
                    "speaker": "",
                    "text": "And the day after the primary, the president tweeted in support of Moore, calling him \u201ca really great guy.\u201d"
                }
            ]
        }
    ]
}