{
    "source": "nyt",
    "main-entities": [
        "Alabama Republicans",
        "Roy Moore"
    ],
    "main-event": "Alabama Republicans responds to sexual misconduct allegations against Roy Moore",
    "title": "Alabama Republicans Defend Roy Moore: \u2018It Was 40 Years Ago\u2019",
    "url": "https://mobile.nytimes.com/2017/11/10/us/politics/roy-moore-alabama-republicans.html?referer=",
    "word-count": 596,
    "date": "2017-11-10",
    "article-level-annotations": {
        "author-sentiment": {
            "main-event": "Negative",
            "Alabama Republicans": "Negative",
            "Roy Moore": "Negative"
        },
        "stance": "Left"
    },
    "annotators": [
        "A",
        "C"
    ],
    "body": [
        {
            "sentence": "Republican officials in Alabama staunchly defended their party\u2019s Senate nominee, Roy S. Moore, after a report that he had made sexual advances toward four teenage girls when he was in his 30s.",
            "sentence-index": 0,
            "annotations": [
                {
                    "start": 32,
                    "end": 41,
                    "target": "Alabama Republicans",
                    "polarity": "Negative",
                    "aim": "Direct",
                    "indirect-target-name": "",
                    "indirect-ally-opponent-sentiment": "",
                    "bias": "Lexical",
                    "quote": "No",
                    "speaker": "",
                    "text": "staunchly"
                }
            ]
        },
        {
            "sentence": "The Washington Post reported that, in early 1979, Mr. Moore, then a district attorney and later the chief justice of the state Supreme Court, had approached a 14-year-old, eventually kissing her, undressing her, touching her over her bra and underpants, and guiding her hand to touch him over his underwear.",
            "sentence-index": 1,
            "annotations": [
                {
                    "start": 172,
                    "end": 306,
                    "target": "Roy Moore",
                    "polarity": "Negative",
                    "aim": "Direct",
                    "indirect-target-name": "",
                    "indirect-ally-opponent-sentiment": "",
                    "bias": "Informational",
                    "quote": "No",
                    "speaker": "",
                    "text": "eventually kissing her, undressing her, touching her over her bra and underpants, and guiding her hand to touch him over his underwear"
                }
            ]
        },
        {
            "sentence": "The paper found three other women who said they had been pursued by Mr. Moore around the same time, when they were between 16 and 18 years old.",
            "sentence-index": 2,
            "annotations": []
        },
        {
            "sentence": "The Post interviewed more than 30 people in reporting its account.",
            "sentence-index": 3,
            "annotations": [
                {
                    "start": 0,
                    "end": 66,
                    "target": "Roy Moore",
                    "polarity": "Negative",
                    "aim": "Indirect (Opponent)",
                    "indirect-target-name": "Washington Post",
                    "indirect-ally-opponent-sentiment": "Neutral",
                    "bias": "Informational",
                    "quote": "No",
                    "speaker": "",
                    "text": "The Post interviewed more than 30 people in reporting its account."
                }
            ]
        },
        {
            "sentence": "Mr. Moore told The Post that the allegations were \u201ccompletely false and are a desperate political attack by the National Democrat Party and the Washington Post on this campaign.\u201d",
            "sentence-index": 4,
            "annotations": [
                {
                    "start": 78,
                    "end": 87,
                    "target": "Roy Moore",
                    "polarity": "Positive",
                    "aim": "Indirect (Opponent)",
                    "indirect-target-name": "Democrats",
                    "indirect-ally-opponent-sentiment": "Negative",
                    "bias": "Lexical",
                    "quote": "Yes",
                    "speaker": "Roy Moore",
                    "text": "desperate"
                }
            ]
        },
        {
            "sentence": "He is set to face Doug Jones, a Democrat, in a special election next month.",
            "sentence-index": 5,
            "annotations": []
        },
        {
            "sentence": "The story was met with immediate backlash from Republicans in Alabama, several of whom dismissed the women\u2019s stories out of hand.",
            "sentence-index": 6,
            "annotations": [
                {
                    "start": 71,
                    "end": 128,
                    "target": "Alabama Republicans",
                    "polarity": "Negative",
                    "aim": "Direct",
                    "indirect-target-name": "",
                    "indirect-ally-opponent-sentiment": "",
                    "bias": "Informational",
                    "quote": "No",
                    "speaker": "",
                    "text": "several of whom dismissed the women\u2019s stories out of hand"
                }
            ]
        },
        {
            "sentence": "Some called the article a partisan plot, even as the reporters behind it described in detail how they had uncovered the story and corroborated the allegations.",
            "sentence-index": 7,
            "annotations": [
                {
                    "start": 41,
                    "end": 158,
                    "target": "Roy Moore",
                    "polarity": "Negative",
                    "aim": "Direct",
                    "indirect-target-name": "",
                    "indirect-ally-opponent-sentiment": "",
                    "bias": "Informational",
                    "quote": "No",
                    "speaker": "",
                    "text": "even as the reporters behind it described in detail how they had uncovered the story and corroborated the allegations"
                }
            ]
        },
        {
            "sentence": "Here are some of the officials\u2019 responses.",
            "sentence-index": 8,
            "annotations": []
        },
        {
            "sentence": "\u2018Total contrived media garbage\u2019",
            "sentence-index": 9,
            "annotations": [
                {
                    "start": 0,
                    "end": 31,
                    "target": "Roy Moore",
                    "polarity": "Positive",
                    "aim": "Indirect (Opponent)",
                    "indirect-target-name": "Washington Post",
                    "indirect-ally-opponent-sentiment": "Negative",
                    "bias": "Informational",
                    "quote": "Yes",
                    "speaker": "Other (Pro-target)",
                    "text": "\u2018Total contrived media garbage\u2019"
                }
            ]
        },
        {
            "sentence": "That\u2019s how John Skipper, 66, a former chairman of the Mobile County Republican Party, characterized the claims, speaking to The New York Times.",
            "sentence-index": 10,
            "annotations": []
        },
        {
            "sentence": "He said that he and other Alabama Republicans would continue to support their candidate and echoed Mr. Moore\u2019s assertion that the Democratic Party had been behind the story.",
            "sentence-index": 11,
            "annotations": []
        },
        {
            "sentence": "\u201cMost of them will not be shocked,\u201d he said, \u201cand will rather be expecting these shenanigans being pulled by the Democrats as standard operating procedure.\u201d",
            "sentence-index": 12,
            "annotations": [
                {
                    "start": 81,
                    "end": 92,
                    "target": "Roy Moore",
                    "polarity": "Positive",
                    "aim": "Indirect (Opponent)",
                    "indirect-target-name": "Democrats",
                    "indirect-ally-opponent-sentiment": "Negative",
                    "bias": "Lexical",
                    "quote": "Yes",
                    "speaker": "Other (Pro-target)",
                    "text": "shenanigans"
                }
            ]
        },
        {
            "sentence": "Alabama\u2019s state auditor, Jim Ziegler, told The Washington Examiner that the women\u2019s claims were \u201cmuch ado about nothing\u201d and said that Mr. Moore had done nothing \u201cimmoral or illegal.\u201d",
            "sentence-index": 13,
            "annotations": []
        },
        {
            "sentence": "(Alabama law, both in 1979 and now, finds that someone who is 19 or older and has sexual contact with someone between the ages of 12 and 16 is guilty of second-degree sex abuse.)",
            "sentence-index": 14,
            "annotations": []
        },
        {
            "sentence": "Mr. Ziegler sought to justify Mr. Moore\u2019s actions by comparing him to the biblical Joseph, saying, \u201cMary was a teenager and Joseph was an adult carpenter.",
            "sentence-index": 15,
            "annotations": []
        },
        {
            "sentence": "They became parents of Jesus.\u201d",
            "sentence-index": 16,
            "annotations": []
        },
        {
            "sentence": "\u201cIf they believe this man is predatory, they are guilty of allowing him to exist for 40 years,\u201d he said.",
            "sentence-index": 17,
            "annotations": []
        },
        {
            "sentence": "\u201cI think someone should prosecute and go after them.",
            "sentence-index": 18,
            "annotations": []
        },
        {
            "sentence": "You can\u2019t be a victim 40 years later, in my opinion.\u201d",
            "sentence-index": 19,
            "annotations": []
        },
        {
            "sentence": "Daniel Dale, a reporter for The Toronto Star, contacted multiple Republican officials in the state and kept a running report of their responses to the story.",
            "sentence-index": 20,
            "annotations": []
        },
        {
            "sentence": "Jerry Pow, the party chairman for Bibb County, told Mr. Dale that he\u2019d back Mr. Moore even if the candidate had committed a sex crime.",
            "sentence-index": 21,
            "annotations": [
                {
                    "start": 86,
                    "end": 133,
                    "target": "Alabama Republicans",
                    "polarity": "Negative",
                    "aim": "Indirect (Ally)",
                    "indirect-target-name": "Jerry Pow",
                    "indirect-ally-opponent-sentiment": "Negative",
                    "bias": "Informational",
                    "quote": "No",
                    "speaker": "",
                    "text": "even if the candidate had committed a sex crime"
                }
            ]
        },
        {
            "sentence": "\u201cI would vote for Judge Moore because I wouldn\u2019t want to vote for Doug,\u201d he said.",
            "sentence-index": 22,
            "annotations": []
        },
        {
            "sentence": "\u201cI\u2019m not saying I support what he did.\u201d",
            "sentence-index": 23,
            "annotations": []
        },
        {
            "sentence": "Others, including the party chairmen for Covington County, William Blocker, and Mobile County, John Skipper, dismissed the story as a Democratic trick.",
            "sentence-index": 24,
            "annotations": []
        },
        {
            "sentence": "Mr. Blocker said that he would not change his mind even if there was proof that Mr. Moore was guilty.",
            "sentence-index": 25,
            "annotations": []
        },
        {
            "sentence": "Riley Seibenhener, the party chairman in Geneva County, told Mr. Dale that if the allegations were true, he would not support the candidate.",
            "sentence-index": 26,
            "annotations": []
        },
        {
            "sentence": "But he also said that Mr. Moore was not guilty of \u201cforcible rape.\u201d",
            "sentence-index": 27,
            "annotations": []
        },
        {
            "sentence": "\u201cI know that 14-year-olds dont\u2019t make good decisions,\u201d he said.",
            "sentence-index": 28,
            "annotations": []
        }
    ]
}