{
    "source": "nyt",
    "main-entities": [
        "Donald Trump",
        "Ted Cruz"
    ],
    "main-event": "Trump and Cruz argue over personal attacks",
    "title": "Arguments Get Personal Between Donald Trump and Ted Cruz",
    "url": "https://www.nytimes.com/politics/first-draft/2016/03/25/arguments-get-personal-between-donald-trump-and-ted-cruz/",
    "word-count": 330,
    "date": "2016-03-25",
    "article-level-annotations": {
        "author-sentiment": {
            "main-event": "Neutral",
            "Donald Trump": "Neutral",
            "Ted Cruz": "Neutral"
        },
        "stance": "Center"
    },
    "annotators": [
        "A",
        "C"
    ],
    "body": [
        {
            "sentence": "From his home at Mar-a-Lago, Donald J. Trump stirred up new controversy this week in the Republican presidential primary \u2014 and new alarm among party leaders that the front-runner for the nomination will drive away women from candidates running farther down the ballot in the fall.",
            "sentence-index": 0,
            "annotations": []
        },
        {
            "sentence": "All week, Mr. Trump has slowly escalated a war of words on Twitter against Senator Ted Cruz of Texas, his main competition in the Republican race, based on an ad by a \u201csuper PAC\u201d started by people who want to stop the New York developer from getting the nomination.",
            "sentence-index": 1,
            "annotations": [
                {
                    "start": 31,
                    "end": 40,
                    "target": "Donald Trump",
                    "polarity": "Negative",
                    "aim": "Direct",
                    "indirect-target-name": "",
                    "indirect-ally-opponent-sentiment": "",
                    "bias": "Lexical",
                    "quote": "No",
                    "speaker": "",
                    "text": "escalated"
                }
            ]
        },
        {
            "sentence": "The spot featured an old nude photo shoot of Mr. Trump\u2019s wife Melania Trump, a former model, posing on his jet.",
            "sentence-index": 2,
            "annotations": []
        },
        {
            "sentence": "Mr. Cruz has no affiliation with the super PAC, and he has denounced the ad.",
            "sentence-index": 3,
            "annotations": []
        },
        {
            "sentence": "But Mr. Trump has continued to express disbelief.",
            "sentence-index": 4,
            "annotations": []
        },
        {
            "sentence": "After threatening to \u201cspill the beans\u201d on Mr. Cruz\u2019s wife, Heidi Cruz, who suffered a bout of depression years ago, he retweeted a post from someone who made a side-by-side photo comparison of Mrs. Cruz at an unflattering angle, and Mrs. Trump.",
            "sentence-index": 5,
            "annotations": []
        },
        {
            "sentence": "On Wednesday, Mr. Cruz repeatedly quoted from the movie \u201cThe American President\u201d to defend his wife, as she held an event and faced questions about Mr. Trump\u2019s threats.",
            "sentence-index": 6,
            "annotations": []
        },
        {
            "sentence": "But that was before Mr. Trump\u2019s Twitter post with the pictures of the two women.",
            "sentence-index": 7,
            "annotations": []
        },
        {
            "sentence": "And Mr. Cruz had finally had enough.",
            "sentence-index": 8,
            "annotations": []
        },
        {
            "sentence": "Calling Mr. Trump a \u201csniveling coward,\u201d Mr. Cruz told his rival to \u201cleave Heidi the hell alone.\u201d",
            "sentence-index": 9,
            "annotations": [
                {
                    "start": 21,
                    "end": 37,
                    "target": "Donald Trump",
                    "polarity": "Negative",
                    "aim": "Direct",
                    "indirect-target-name": "",
                    "indirect-ally-opponent-sentiment": "",
                    "bias": "Informational",
                    "quote": "Yes",
                    "speaker": "Ted Cruz",
                    "text": "sniveling coward"
                }
            ]
        },
        {
            "sentence": "It\u2019s useful to remember the news media outrage in 2012 when Todd Akin, running as the Republican nominee for Senate in Missouri, defended what he called \u201clegitimate rape,\u201d a remark that was overwhelmingly offensive to women.",
            "sentence-index": 10,
            "annotations": []
        },
        {
            "sentence": "Under pressure from news outlets, the Republican Party tried to cauterize the wound that Mr. Akin had created by isolating him.",
            "sentence-index": 11,
            "annotations": []
        },
        {
            "sentence": "Spouses are generally seen as off limits.",
            "sentence-index": 12,
            "annotations": []
        },
        {
            "sentence": "And the responses to Mr. Trump\u2019s comments among news media critics, over time, have been far more subdued.",
            "sentence-index": 13,
            "annotations": []
        }
    ]
}