{
    "source": "HPO",
    "main-entities": [
        "Mary Cheney",
        "Liz Cheney"
    ],
    "main-event": "Mary Cheney criticizes sister Liz on same-sex marriage",
    "url": "https://www.huffingtonpost.com/2013/09/01/mary-cheney-liz-cheney_n_3852411.html",
    "title": "Mary Cheney: Sister Is 'Dead Wrong' On Gay Marriage",
    "date": "2013-09-01",
    "word-count": 352,
    "article-level-annotations": {
        "author-sentiment": {
            "main-event": "Neutral",
            "Mary Cheney": "Neutral",
            "Liz Cheney": "Neutral"
        },
        "stance": "Center"
    },
    "annotators": [
        "A",
        "B"
    ],
    "body": [
        {
            "sentence": "Mary Cheney, the younger sister of Wyoming U.S Senate candidate Liz Cheney (R) and daughter of former Vice President Dick Cheney, criticized her sister's opposition to same-sex marriage in a Friday Facebook post, the New York Times reports.",
            "sentence-index": 0,
            "annotations": []
        },
        {
            "sentence": "According to the Times, Mary Cheney, who is openly gay and married her partner, Heather Poe, in Washington, DC last year, took to Facebook to rebuke her sister's remarks.",
            "sentence-index": 1,
            "annotations": []
        },
        {
            "sentence": "\u201cFor the record, I love my sister, but she is dead wrong on the issue of marriage,\" she wrote.",
            "sentence-index": 2,
            "annotations": []
        },
        {
            "sentence": "\"Freedom means freedom for everyone,\" she continued.",
            "sentence-index": 3,
            "annotations": []
        },
        {
            "sentence": "\"That means that all families \u2014 regardless of how they look or how they are made \u2014 all families are entitled to the same rights, privileges and protections as every other.\"",
            "sentence-index": 4,
            "annotations": []
        },
        {
            "sentence": "On Friday, Liz Cheney issued a statement voicing her opposition to same-sex marriage.",
            "sentence-index": 5,
            "annotations": []
        },
        {
            "sentence": "\"I am strongly pro-life and I am not pro-gay marriage,\" she said.",
            "sentence-index": 6,
            "annotations": []
        },
        {
            "sentence": "\u201cI believe the issue of marriage must be decided by the states, and by the people in the states, not by judges and not even by legislators, but by the people themselves.\"",
            "sentence-index": 7,
            "annotations": []
        },
        {
            "sentence": "The elder Cheney daughter is challenging Sen. Mike Enzi (R-Wyo.) in next year's Republican primary.",
            "sentence-index": 8,
            "annotations": []
        },
        {
            "sentence": "Previously, she had spoken out against the military's former \"don't ask, don't tell\" policy.",
            "sentence-index": 9,
            "annotations": []
        },
        {
            "sentence": "According to The Hill, Cheney sought to clarify her position after an alleged poll in Wyoming said she \"supports abortion and aggressively promotes gay marriage.\"",
            "sentence-index": 10,
            "annotations": [
                {
                    "start": 126,
                    "end": 138,
                    "target": "Liz Cheney",
                    "polarity": "Negative",
                    "aim": "Direct",
                    "indirect-target-name": "",
                    "indirect-ally-opponent-sentiment": "",
                    "bias": "Lexical",
                    "quote": "Yes",
                    "speaker": "Other (Neutral)",
                    "text": "aggressively"
                }
            ]
        },
        {
            "sentence": "Her opposition also puts her at odds with her father, who offered support for gay marriage in 2009.",
            "sentence-index": 11,
            "annotations": []
        },
        {
            "sentence": "\"I think that freedom means freedom for everyone,\" the former vice president said.",
            "sentence-index": 12,
            "annotations": []
        },
        {
            "sentence": "\"As many of you know, one of my daughters is gay and it is something we have lived with for a long time in our family.",
            "sentence-index": 13,
            "annotations": []
        },
        {
            "sentence": "I think people ought to be free to enter into any kind of union they wish.\"",
            "sentence-index": 14,
            "annotations": []
        }
    ]
}