{
    "word-count": 628,
    "date": "2018-04-06",
    "title": "Texas Congressman Who Settled Harassment Case With Taxpayer Funds Resigns",
    "source": "nyt",
    "url": "https://mobile.nytimes.com/2018/04/06/us/politics/farenthold-harassment-case-resigns.html",
    "main-event": "Blake Farenthold resigns from Congress",
    "main-entities": [
        "Blake Farenthold"
    ],
    "article-level-annotations": {
        "author-sentiment": {
            "main-event": "Positive",
            "Blake Farenthold": "Negative"
        },
        "stance": "Center"
    },
    "annotators": [
        "A",
        "B"
    ],
    "body": [
        {
            "sentence": "Texas Congressman Who Settled Harassment Case With Taxpayer Funds Resigns",
            "sentence-index": 0,
            "annotations": []
        },
        {
            "sentence": "Representative Blake Farenthold, Republican of Texas, in December at the Capitol.CreditJoshua Roberts/Reuters",
            "sentence-index": 1,
            "annotations": []
        },
        {
            "sentence": "WASHINGTON \u2014 Representative Blake Farenthold, the Texas Republican who used $84,000 in taxpayer funds to settle a sexual harassment case with his former communications director, abruptly resigned from Congress on Friday afternoon.",
            "sentence-index": 2,
            "annotations": [
                {
                    "start": 71,
                    "end": 101,
                    "target": "Blake Farenthold",
                    "polarity": "Negative",
                    "aim": "Direct",
                    "indirect-target-name": "",
                    "indirect-ally-opponent-sentiment": "",
                    "bias": "Informational",
                    "quote": "No",
                    "speaker": "",
                    "text": "used $84,000 in taxpayer funds"
                }
            ]
        },
        {
            "sentence": "In December, Mr. Farenthold, who represented the 27th District of Texas, said that he would not run for re-election amid scrutiny over the payment and accusations from other aides that he set the tone for a hostile work environment in his office.",
            "sentence-index": 3,
            "annotations": []
        },
        {
            "sentence": "At the time, he was one of several lawmakers to announce his eventual departure from Congress after being accused of sexual harassment and discrimination.",
            "sentence-index": 4,
            "annotations": []
        },
        {
            "sentence": "\u201cWhile I planned on serving out the remainder of my term in Congress, I know in my heart it\u2019s time for me to move along and look for new ways to serve,\u201d Mr. Farenthold said in a statement on Friday, thanking his staff, his family and the voters who elected him.",
            "sentence-index": 5,
            "annotations": []
        },
        {
            "sentence": "It was known for several years that Mr. Farenthold, already notorious for a heavily circulated photograph of him in duck pajamas, had been accused of sexual harassment by Lauren Greene, his former communications director.",
            "sentence-index": 6,
            "annotations": [
                {
                    "start": 52,
                    "end": 128,
                    "target": "Blake Farenthold",
                    "polarity": "Negative",
                    "aim": "Direct",
                    "indirect-target-name": "",
                    "indirect-ally-opponent-sentiment": "",
                    "bias": "Informational",
                    "quote": "No",
                    "speaker": "",
                    "text": "already notorious for a heavily circulated photograph of him in duck pajamas"
                }
            ]
        },
        {
            "sentence": "She sued him in 2014, claiming that he had illegally fired her after she complained about mistreatment.",
            "sentence-index": 7,
            "annotations": []
        },
        {
            "sentence": "But in December, the extent of Mr. Farenthold\u2019s settlement was revealed when Congress\u2019s Office of Compliance released details of six settlements that it had paid out since 2013 as part of a review of discrimination and sexual harassment in congressional offices.",
            "sentence-index": 8,
            "annotations": []
        },
        {
            "sentence": "His case was the only settlement involving sexual harassment since 2013.",
            "sentence-index": 9,
            "annotations": []
        },
        {
            "sentence": "\u201cWhile I 100 percent support more transparency with respect to claims against members of Congress, I can neither confirm nor deny that settlement involved my office,\u201d Mr. Farenthold said at the time.",
            "sentence-index": 10,
            "annotations": []
        },
        {
            "sentence": "A decision in 2015 by the Office of Congressional Ethics, an independent, nonpartisan board, cleared him of wrongdoing, and he promised to repay the settlement.",
            "sentence-index": 11,
            "annotations": []
        },
        {
            "sentence": "A spokeswoman for Mr. Farenthold did not respond to questions about whether he had fulfilled that promise or whether he would do so after resigning.",
            "sentence-index": 12,
            "annotations": []
        },
        {
            "sentence": "But fellow Republicans suggested that he had not.",
            "sentence-index": 13,
            "annotations": []
        },
        {
            "sentence": "\u201cMr. Farenthold made a commitment that he would reimburse taxpayers for the settlement,\u201d said AshLee Strong, a spokeswoman for Speaker Paul Ryan, Republican of Wisconsin.",
            "sentence-index": 14,
            "annotations": []
        },
        {
            "sentence": "\u201cHe reiterated his commitment to the speaker, and the speaker expects him to follow through.\u201d",
            "sentence-index": 15,
            "annotations": []
        },
        {
            "sentence": "Representative Steve Stivers, Republican of Ohio and the chairman of the National Republican Congressional Committee, also said in a statement that he hoped Mr. Farenthold would be \u201ctrue to his word\u201d and pay back the taxpayer money.",
            "sentence-index": 16,
            "annotations": []
        },
        {
            "sentence": "After the disclosure, more of his aides came forward to accuse Mr. Farenthold of fostering a hostile environment, describing a congressman with a harsh temper who made sexually explicit jokes and engaged in casual sexual banter.",
            "sentence-index": 17,
            "annotations": [
                {
                    "start": 114,
                    "end": 227,
                    "target": "Blake Farenthold",
                    "polarity": "Negative",
                    "aim": "Direct",
                    "indirect-target-name": "",
                    "indirect-ally-opponent-sentiment": "",
                    "bias": "Informational",
                    "quote": "No",
                    "speaker": "",
                    "text": "describing a congressman with a harsh temper who made sexually explicit jokes and engaged in casual sexual banter"
                }
            ]
        },
        {
            "sentence": "The House Ethics Committee also opened a subcommittee investigation into Ms. Greene\u2019s allegations.",
            "sentence-index": 18,
            "annotations": []
        },
        {
            "sentence": "In a video in December announcing his resignation, Mr. Farenthold continued to deny the allegations, but he acknowledged running an \u201cunprofessional\u201d workplace and said he was \u201cprofoundly sorry\u201d for his actions.",
            "sentence-index": 19,
            "annotations": []
        },
        {
            "sentence": "At the time, Republican leadership praised his decision to step aside, over Democratic criticism that he should immediately resign.",
            "sentence-index": 20,
            "annotations": []
        },
        {
            "sentence": "After his resignation on Friday, Mr. Farenthold deleted his Twitter account and the Facebook campaign page where he first announced his decision to not seek re-election.",
            "sentence-index": 21,
            "annotations": []
        },
        {
            "sentence": "\u201cLeaving my service in the House,\u201d he said in his statement, \u201cI\u2019m able to look back at the entirety of my career in public office and say that it was well worthwhile.\u201d",
            "sentence-index": 22,
            "annotations": []
        }
    ]
}