{
    "source": "hpo",
    "main-entities": [
        "Paul LePage"
    ],
    "main-event": "Paul LePage remains in office",
    "title": "Paul LePage Says He Won't Resign After All",
    "url": "https://www.huffingtonpost.com/entry/paul-lepage-media_us_57c6f070e4b0e60d31dc7253",
    "word-count": 595,
    "date": "2016-08-31",
    "article-level-annotations": {
        "author-sentiment": {
            "main-event": "Negative",
            "Paul LePage": "Negative"
        },
        "stance": "Center"
    },
    "annotators": [
        "A",
        "C"
    ],
    "body": [
        {
            "sentence": "Maine Gov. Paul LePage (R) said Wednesday that he has no plans to resign, adding that from this day forward, he will no longer talk to the media.",
            "sentence-index": 0,
            "annotations": []
        },
        {
            "sentence": "\u201cI will no longer speak to the press ever again after today,\u201d he told reporters Wednesday.",
            "sentence-index": 1,
            "annotations": []
        },
        {
            "sentence": "\u201cAnd I\u2019m serious. Everything will be put into writing.",
            "sentence-index": 2,
            "annotations": []
        },
        {
            "sentence": "I\u2019m tired of being caught in the gotcha moments.\u201d",
            "sentence-index": 3,
            "annotations": []
        },
        {
            "sentence": "LePage has been mired in controversy since calling state Rep. Drew Gattine (D) a \u201cson-of-a-bitch, socialist cocksucker\u201d in a voicemail last week.",
            "sentence-index": 4,
            "annotations": []
        },
        {
            "sentence": "After widespread criticism \u2015 including from members of his own party \u2015 he apologized.",
            "sentence-index": 5,
            "annotations": [
                {
                    "start": 29,
                    "end": 68,
                    "target": "Paul LePage",
                    "polarity": "Negative",
                    "aim": "Direct",
                    "indirect-target-name": "",
                    "indirect-ally-opponent-sentiment": "",
                    "bias": "Informational",
                    "quote": "No",
                    "speaker": "",
                    "text": "including from members of his own party"
                }
            ]
        },
        {
            "sentence": "LePage hinted on Tuesday that he may resign before his term ends in 2018, telling a local radio station, \u201cI\u2019m looking at all options.",
            "sentence-index": 6,
            "annotations": []
        },
        {
            "sentence": "I think some things I\u2019ve been asked to do are beyond my ability.",
            "sentence-index": 7,
            "annotations": []
        },
        {
            "sentence": "I\u2019m not going to say that I\u2019m not going to finish it.",
            "sentence-index": 8,
            "annotations": []
        },
        {
            "sentence": "I\u2019m not saying that I am going to finish it.\u201d",
            "sentence-index": 9,
            "annotations": []
        },
        {
            "sentence": "He walked back his remarks later that day, criticizing \u201crumors\u201d that he was going to resign \u2015 even though they came directly from LePage himself.",
            "sentence-index": 10,
            "annotations": [
                {
                    "start": 94,
                    "end": 144,
                    "target": "Paul LePage",
                    "polarity": "Negative",
                    "aim": "Direct",
                    "indirect-target-name": "",
                    "indirect-ally-opponent-sentiment": "",
                    "bias": "Informational",
                    "quote": "No",
                    "speaker": "",
                    "text": "even though they came directly from LePage himself"
                }
            ]
        },
        {
            "sentence": "On Wednesday morning, LePage said unequivocally that he will be staying put.",
            "sentence-index": 11,
            "annotations": []
        },
        {
            "sentence": "\u201cI will not resign,\u201d he said after a reconciliation meeting with Gattine, according to the Boston Globe.",
            "sentence-index": 12,
            "annotations": []
        },
        {
            "sentence": "Democrats have been pounding LePage, saying that he needs to step down and questioning his mental abilities.",
            "sentence-index": 13,
            "annotations": [
                {
                    "start": 75,
                    "end": 107,
                    "target": "Paul LePage",
                    "polarity": "Negative",
                    "aim": "Direct",
                    "indirect-target-name": "",
                    "indirect-ally-opponent-sentiment": "",
                    "bias": "Informational",
                    "quote": "No",
                    "speaker": "",
                    "text": "questioning his mental abilities"
                }
            ]
        },
        {
            "sentence": "Gattine said after their meeting he believes the governor should resign even though he apologized for the voicemail.",
            "sentence-index": 14,
            "annotations": []
        },
        {
            "sentence": "\u201cEvery day, Paul LePage gives Maine people more evidence that he is unfit for office,\u201d State House Majority Leader Jeff McCabe (D) and Assistant House Majority Leader Sara Gideon (D) said in a statement Tuesday night.",
            "sentence-index": 15,
            "annotations": [
                {
                    "start": 1,
                    "end": 84,
                    "target": "Paul LePage",
                    "polarity": "Negative",
                    "aim": "Direct",
                    "indirect-target-name": "",
                    "indirect-ally-opponent-sentiment": "",
                    "bias": "Informational",
                    "quote": "Yes",
                    "speaker": "Other (Anti-target)",
                    "text": "Every day, Paul LePage gives Maine people more evidence that he is unfit for office"
                }
            ]
        },
        {
            "sentence": "\u201cThe governor is not mentally able to serve and needs to resign.\u201d",
            "sentence-index": 16,
            "annotations": [
                {
                    "start": 0,
                    "end": 65,
                    "target": "Paul LePage",
                    "polarity": "Negative",
                    "aim": "Direct",
                    "indirect-target-name": "",
                    "indirect-ally-opponent-sentiment": "",
                    "bias": "Informational",
                    "quote": "Yes",
                    "speaker": "Other (Anti-target)",
                    "text": "\u201cThe governor is not mentally able to serve and needs to resign.\u201d"
                }
            ]
        },
        {
            "sentence": "\u201cI\u2019m not an alcoholic and I\u2019m not a drug addict and I don\u2019t have mental issues,\u201d LePage replied Wednesday.",
            "sentence-index": 17,
            "annotations": []
        },
        {
            "sentence": "\u201cWhat I have is a backbone, and I want to move Maine forward.\u201d",
            "sentence-index": 18,
            "annotations": []
        },
        {
            "sentence": "He said he will be seeking \u201cspiritual guidance\u201d from his family.",
            "sentence-index": 19,
            "annotations": []
        },
        {
            "sentence": "Members of LePage\u2019s own party have been trying to deal with the headaches he\u2019s caused as well, with one GOP state senator even talking about censuring him.",
            "sentence-index": 20,
            "annotations": [
                {
                    "start": 64,
                    "end": 73,
                    "target": "Paul LePage",
                    "polarity": "Negative",
                    "aim": "Direct",
                    "indirect-target-name": "",
                    "indirect-ally-opponent-sentiment": "",
                    "bias": "Lexical",
                    "quote": "No",
                    "speaker": "",
                    "text": "headaches"
                }
            ]
        },
        {
            "sentence": "State House Minority Leader Ken Fredette (R) said Tuesday night that he would not support bringing the legislature back into a special session to consider sanctions against LePage \u2015 a position that his counterpart in the Senate wouldn\u2019t back.",
            "sentence-index": 21,
            "annotations": []
        },
        {
            "sentence": "\u201cWith all due respect, I completely disagree with Fredette\u2019s position,\u201d Senate President Mike Thibodeau (R) said Wednesday.",
            "sentence-index": 22,
            "annotations": []
        },
        {
            "sentence": "\u201cThe Republican Senate caucus has clearly stated that we need an acceptable plan for corrective action before the determination of whether the Legislature should convene is made.\u201d",
            "sentence-index": 23,
            "annotations": []
        },
        {
            "sentence": "The latest controversy really dates back to January, when LePage claimed that drug dealers with names like \u201cSmoothie, D-Money and Shifty\u201d come into Maine and \u201cimpregnate a young, white girl before they leave.\u201d",
            "sentence-index": 24,
            "annotations": []
        },
        {
            "sentence": "Last week, LePage tried to back up that statement \u2015 which had been widely criticized at the time \u2015 by saying he keeps a binder of drug dealers arrested in Maine and \u201c90-plus percent of those pictures\u201d in his book are of black and Hispanic individuals.",
            "sentence-index": 25,
            "annotations": []
        },
        {
            "sentence": "LePage was upset because he mistakenly believed Gattine heard those remarks and called him a racist, and so he left him the voicemail.",
            "sentence-index": 26,
            "annotations": []
        },
        {
            "sentence": "Gattine denied to the Portland Press Herald that he ever called the governor a racist.",
            "sentence-index": 27,
            "annotations": []
        },
        {
            "sentence": "LePage has long been clear about his distaste for the media.",
            "sentence-index": 28,
            "annotations": []
        },
        {
            "sentence": "He has said newspapers are his greatest fear and joked about blowing up the headquarters of the Portland Press Herald.",
            "sentence-index": 29,
            "annotations": [
                {
                    "start": 49,
                    "end": 117,
                    "target": "Paul LePage",
                    "polarity": "Negative",
                    "aim": "Direct",
                    "indirect-target-name": "",
                    "indirect-ally-opponent-sentiment": "",
                    "bias": "Informational",
                    "quote": "No",
                    "speaker": "",
                    "text": "joked about blowing up the headquarters of the Portland Press Herald"
                }
            ]
        }
    ]
}