{
    "source": "fox",
    "main-entities": [
        "Nancy Pelosi",
        "Tim Ryan"
    ],
    "main-event": "Nancy Pelosi wins House minority leadership again",
    "title": "Pelosi wins another term as House Democratic leader; Ryan\u2019s dynamic challenge falls short",
    "url": "http://www.foxnews.com/politics/2016/11/30/house-democrats-set-to-vote-for-leader.html",
    "word-count": 738,
    "date": "2016-11-30",
    "article-level-annotations": {
        "author-sentiment": {
            "main-event": "Neutral",
            "Nancy Pelosi": "Neutral",
            "Tim Ryan": "Neutral"
        },
        "stance": "Left"
    },
    "annotators": [
        "A",
        "C"
    ],
    "body": [
        {
            "sentence": "California Democratic Rep. Nancy Pelosi on Wednesday was appointed to an eighth term as House minority leader, surviving a challenge from a Midwestern Democrat backed by caucus members frustrated over repeated election loses and an aging leadership team.",
            "sentence-index": 0,
            "annotations": [
                {
                    "start": 111,
                    "end": 120,
                    "target": "Nancy Pelosi",
                    "polarity": "Negative",
                    "aim": "Direct",
                    "indirect-target-name": "",
                    "indirect-ally-opponent-sentiment": "",
                    "bias": "Lexical",
                    "quote": "No",
                    "speaker": "",
                    "text": "surviving"
                }
            ]
        },
        {
            "sentence": "Pelosi was challenged by Ohio Rep. Tim Ryan in a secret-ballot vote among House Democrats.",
            "sentence-index": 1,
            "annotations": []
        },
        {
            "sentence": "She won by a 134-to-63 vote.",
            "sentence-index": 2,
            "annotations": []
        },
        {
            "sentence": "Pelosi said afterward that she was \u201cexhilarated\u201d by the strong support and reminded reporters that she had accurately predicted winning two-thirds of the vote.",
            "sentence-index": 3,
            "annotations": []
        },
        {
            "sentence": "She has winning brought \u201ca special spring in my step\u201d because it gives her the opportunity to \u201cdifferentiate between us and the administration coming in January.\"",
            "sentence-index": 4,
            "annotations": []
        },
        {
            "sentence": "Ryan, after a disappointing 2016 election cycle for Democrats, argued that newer lawmakers in the party need a bigger, fresher voice to represent them, instead of the same slate of leaders and committee chairmen.",
            "sentence-index": 5,
            "annotations": []
        },
        {
            "sentence": "He represents northeast Ohio, a region full of the type of disaffected union workers and former Democrats who helped Republican Donald Trump win that battleground state and the White House.",
            "sentence-index": 6,
            "annotations": []
        },
        {
            "sentence": "\u201cClearly, this didn\u2019t turn out the way we wanted,\u201d Ryan said after the vote.",
            "sentence-index": 7,
            "annotations": []
        },
        {
            "sentence": "\u201cWe knew it was going to be an uphill battle.",
            "sentence-index": 8,
            "annotations": []
        },
        {
            "sentence": "\u2026 We needed to get out the economic message.",
            "sentence-index": 9,
            "annotations": []
        },
        {
            "sentence": "I\u2019m disappointed, but I think the party\u2019s better off because of this.\u201d",
            "sentence-index": 10,
            "annotations": []
        },
        {
            "sentence": "Ohio Rep. Marcia Fudge, among the handful of House Democrats who backed Ryan's bid, said the effort to unseat Pelosi was not a failure.",
            "sentence-index": 11,
            "annotations": []
        },
        {
            "sentence": "\u201cWe didn\u2019t lose today,\u201d she said, interrupting reporters at the post-vote press conference.",
            "sentence-index": 12,
            "annotations": [
                {
                    "start": 34,
                    "end": 56,
                    "target": "Nancy Pelosi",
                    "polarity": "Negative",
                    "aim": "Direct",
                    "indirect-target-name": "",
                    "indirect-ally-opponent-sentiment": "",
                    "bias": "Informational",
                    "quote": "No",
                    "speaker": "",
                    "text": "interrupting reporters"
                }
            ]
        },
        {
            "sentence": "\u201cWe now have a leadership team that listens to us.",
            "sentence-index": 13,
            "annotations": []
        },
        {
            "sentence": "\u2026 Today, we made our caucus more representative of our members.\u201d",
            "sentence-index": 14,
            "annotations": []
        },
        {
            "sentence": "Another criticism among rank-and-file House Democrats was that the top posts are largely filled by East and West coast members, not those from the heartland.",
            "sentence-index": 15,
            "annotations": []
        },
        {
            "sentence": "Pelosi has led House Democrats since 2002.",
            "sentence-index": 16,
            "annotations": []
        },
        {
            "sentence": "Democrats lost the House majority in the 2010 Tea Party-inspired wave election.",
            "sentence-index": 17,
            "annotations": []
        },
        {
            "sentence": "And Republican-led redistricting has made chances of a Democratic comeback increasingly difficult.",
            "sentence-index": 18,
            "annotations": []
        },
        {
            "sentence": "The 76-year-old Pelosi, in the months prior to the Nov. 8 elections, repeatedly vowed that her party would retake control of the lower chamber, despite needing to gain roughly 35 seats.",
            "sentence-index": 19,
            "annotations": []
        },
        {
            "sentence": "\u201cWe know how to win elections,\u201d she said Wednesday.",
            "sentence-index": 20,
            "annotations": []
        },
        {
            "sentence": "\u201cWe\u2019ve done it in the past and we\u2019ll do it again.",
            "sentence-index": 21,
            "annotations": []
        },
        {
            "sentence": "This is so much bigger that politics.\u201d",
            "sentence-index": 22,
            "annotations": []
        },
        {
            "sentence": "Pelosi also described her upcoming role of contrasting Democrats to Republican President-elect Donald Trump\u2019s incoming administration as a \u201chistoric challenge\u201d that goes \u201cbeyond politics.\u201d",
            "sentence-index": 23,
            "annotations": []
        },
        {
            "sentence": "Leadership elections were originally scheduled to be held before Thanksgiving but were delayed to give Democrats more time to discuss and process the election results and consider a path forward.",
            "sentence-index": 24,
            "annotations": []
        },
        {
            "sentence": "Many are discouraged after losing the White House and making smaller than expected gains in both chambers of Congress.",
            "sentence-index": 25,
            "annotations": []
        },
        {
            "sentence": "\"I believe we must do more than simply paper over the cracks,\" said Rep. Ruben Gallego of Arizona, one of a handful of House Democrats to endorse Ryan.",
            "sentence-index": 26,
            "annotations": []
        },
        {
            "sentence": "\"We can't just say the right things -- we must take concrete steps to move our party in the right direction.\"",
            "sentence-index": 27,
            "annotations": []
        },
        {
            "sentence": "In the days before Wednesday\u2019s vote, Pelosi, a prolific fundraiser, promised some changes to assuage concerns in her caucus, including adding a member of the freshmen class to her leadership team.",
            "sentence-index": 28,
            "annotations": [
                {
                    "start": 45,
                    "end": 66,
                    "target": "Nancy Pelosi",
                    "polarity": "Positive",
                    "aim": "Direct",
                    "indirect-target-name": "",
                    "indirect-ally-opponent-sentiment": "",
                    "bias": "Informational",
                    "quote": "No",
                    "speaker": "",
                    "text": "a prolific fundraiser"
                }
            ]
        },
        {
            "sentence": "She won despite her proposals doing little to ensure new blood at the very top or changing the seniority system that has key committees led by lawmakers in their 80s at a moment when the party needs to be defending ObamaCare and other initiatives by President Obama.",
            "sentence-index": 29,
            "annotations": [
                {
                    "start": 8,
                    "end": 165,
                    "target": "Nancy Pelosi",
                    "polarity": "Negative",
                    "aim": "Direct",
                    "indirect-target-name": "",
                    "indirect-ally-opponent-sentiment": "",
                    "bias": "Informational",
                    "quote": "No",
                    "speaker": "",
                    "text": "despite her proposals doing little to ensure new blood at the very top or changing the seniority system that has key committees led by lawmakers in their 80s"
                }
            ]
        },
        {
            "sentence": "Republicans are on track to hold at least 240 seats in the House next year.",
            "sentence-index": 30,
            "annotations": []
        },
        {
            "sentence": "Democrats, who had high hopes of significant gains in the election, picked up just six seats on Election Day earlier this month and remain in the minority with 194 seats.",
            "sentence-index": 31,
            "annotations": []
        },
        {
            "sentence": "Rep. Loretta Sanchez won the competition for vice Democratic Caucus chairman, defeating fellow California congresswoman Barbara Lee.",
            "sentence-index": 32,
            "annotations": []
        },
        {
            "sentence": "Lee is a former Congressional Black Caucus chairman.",
            "sentence-index": 33,
            "annotations": []
        },
        {
            "sentence": "Sanchez formerly led the Congressional Hispanic Caucus.",
            "sentence-index": 34,
            "annotations": []
        },
        {
            "sentence": "Democrats until Wednesday had never had a female minority in their leadership ranks.",
            "sentence-index": 35,
            "annotations": []
        },
        {
            "sentence": "\u201cI\u2019m really honored and emotional to be standing here among a group of such great leaders,\u201d Sanchez said in second, late-afternoon press conference led by Pelosi.",
            "sentence-index": 36,
            "annotations": []
        },
        {
            "sentence": "Other top leadership posts were uncontested.",
            "sentence-index": 37,
            "annotations": []
        },
        {
            "sentence": "Reps. Steny Hoyer, Maryland, kept the No. 2 job of House minority whip, and Jim Clyburn, South Carolina, remained in No. 3 position of assistant leader.",
            "sentence-index": 38,
            "annotations": []
        }
    ]
}