{
    "source": "fox",
    "main-entities": [
        "Neil Gorsuch",
        "Democratic lawmakers",
        "Republican lawmakers"
    ],
    "main-event": "",
    "title": "Republicans prepare to go nuclear with Gorsuch vote as Dems seek new delay",
    "url": "http://www.foxnews.com/politics/2017/03/22/republicans-prepare-to-go-nuclear-with-gorsuch-vote-as-dems-seek-new-delay.html",
    "word-count": 690,
    "date": "2017-03-22",
    "article-level-annotations": {
        "author-sentiment": {
            "main-event": "Neutral",
            "Neil Gorsuch": "Neutral",
            "Democratic lawmakers": "Negative",
            "Republican lawmakers": "Positive"
        },
        "stance": "Right"
    },
    "annotators": [
        "A",
        "B"
    ],
    "body": [
        {
            "sentence": "As Senate Democrats float new options for complicating a vote on President Trump\u2019s Supreme Court nominee, Republicans appear ready to return fire with a bomb of their own \u2013 a nuclear one.",
            "sentence-index": 0,
            "annotations": [
                {
                    "start": 42,
                    "end": 54,
                    "target": "Democratic lawmakers",
                    "polarity": "Negative",
                    "aim": "Direct",
                    "indirect-target-name": "",
                    "indirect-ally-opponent-sentiment": "",
                    "bias": "Lexical",
                    "quote": "No",
                    "speaker": "",
                    "text": "complicating"
                },
                {
                    "start": 134,
                    "end": 186,
                    "target": "Republican lawmakers",
                    "polarity": "Negative",
                    "aim": "Direct",
                    "indirect-target-name": "",
                    "indirect-ally-opponent-sentiment": "",
                    "bias": "Lexical",
                    "quote": "No",
                    "speaker": "",
                    "text": "return fire with a bomb of their own \u2013 a nuclear one"
                }
            ]
        },
        {
            "sentence": "Top Republican Sen. John Thune, of South Dakota, all but confirmed Wednesday that his party is willing to use what\u2019s known as the \u201cnuclear option,\u201d to lower the vote threshold to confirm Judge Neil Gorsuch if Democrats try to filibuster.",
            "sentence-index": 1,
            "annotations": []
        },
        {
            "sentence": "\u201cWe will do what is necessary to confirm Judge Gorsuch on the Supreme Court, yes,\u201d he told Fox News\u2019 Shannon Bream on \u201cAmerica\u2019s Newsroom,\u201d when asked if they\u2019d go that route.",
            "sentence-index": 2,
            "annotations": []
        },
        {
            "sentence": "Thune, who serves in the No. 3 position in Senate GOP leadership as chairman of the Senate Republican Conference, added that Democrats \u201chave not laid a glove on him\u201d in the hearings and predicted the judge would get an \u201caffirmative\u201d vote in the Senate.",
            "sentence-index": 3,
            "annotations": []
        },
        {
            "sentence": "The threat comes as Democrats not only threaten to filibuster but suggest he shouldn\u2019t get a vote until the FBI completes its probe of possible links between Russia and Trump associates.",
            "sentence-index": 4,
            "annotations": [
                {
                    "start": 39,
                    "end": 47,
                    "target": "Democratic lawmakers",
                    "polarity": "Negative",
                    "aim": "Direct",
                    "indirect-target-name": "",
                    "indirect-ally-opponent-sentiment": "",
                    "bias": "Lexical",
                    "quote": "No",
                    "speaker": "",
                    "text": "threaten"
                }
            ]
        },
        {
            "sentence": "Senate Minority Leader Chuck Schumer, D-N.Y., and Sen. Elizabeth Warren, D-Mass., both called Tuesday for a postponement on any vote to confirm Gorsuch to the nation\u2019s highest court.",
            "sentence-index": 5,
            "annotations": []
        },
        {
            "sentence": "\u201cIt is unseemly to be moving forward so fast on confirming a Supreme Court justice with a lifetime appointment while this big gray cloud of an FBI investigation hangs over the presidency,\u201d Schumer said.",
            "sentence-index": 6,
            "annotations": [
                {
                    "start": 122,
                    "end": 136,
                    "target": "Republican lawmakers",
                    "polarity": "Negative",
                    "aim": "Indirect (Ally)",
                    "indirect-target-name": "Donald Trump",
                    "indirect-ally-opponent-sentiment": "Negative",
                    "bias": "Lexical",
                    "quote": "Yes",
                    "speaker": "Democratic lawmakers",
                    "text": "big gray cloud"
                }
            ]
        },
        {
            "sentence": "\u201cYou can bet if the shoe were on the other foot and a Democratic president was under investigation by the FBI the Republicans would be howling at the moon about filling a Supreme Court seat in such circumstances.\"",
            "sentence-index": 7,
            "annotations": [
                {
                    "start": 135,
                    "end": 154,
                    "target": "Republican lawmakers",
                    "polarity": "Negative",
                    "aim": "Direct",
                    "indirect-target-name": "",
                    "indirect-ally-opponent-sentiment": "",
                    "bias": "Lexical",
                    "quote": "Yes",
                    "speaker": "Democratic lawmakers",
                    "text": "howling at the moon"
                }
            ]
        },
        {
            "sentence": "Warren added on Twitter: \u201cNeil Gorsuch is up for a lifetime appointment to the Supreme Court from a President whose campaign is under FBI investigation.\u201d",
            "sentence-index": 8,
            "annotations": []
        },
        {
            "sentence": "Republicans panned the call as \"ridiculous.\"",
            "sentence-index": 9,
            "annotations": [
                {
                    "start": 0,
                    "end": 44,
                    "target": "Democratic lawmakers",
                    "polarity": "Negative",
                    "aim": "Direct",
                    "indirect-target-name": "",
                    "indirect-ally-opponent-sentiment": "",
                    "bias": "Informational",
                    "quote": "No",
                    "speaker": "",
                    "text": "Republicans panned the call as \"ridiculous.\""
                }
            ]
        },
        {
            "sentence": "But Democrats could still try and filibuster, requiring Gorsuch to garner 60 \u201cyea\u201d votes in the Senate.",
            "sentence-index": 10,
            "annotations": []
        },
        {
            "sentence": "That's a high bar for Republicans, who have just 52 members in the Senate.",
            "sentence-index": 11,
            "annotations": []
        },
        {
            "sentence": "That's where the so-called \"nuclear option\" comes in.",
            "sentence-index": 12,
            "annotations": []
        },
        {
            "sentence": "If majority Republicans change the threshold, Gorsuch could be approved with a simple majority of 51 votes.",
            "sentence-index": 13,
            "annotations": []
        },
        {
            "sentence": "The nuclear option was first used by Democrats for circuit court judicial appointments in 2013 and top Republicans \u2013 including President Trump \u2013 have indicated for weeks it\u2019s a serious option in order to get Gorsuch on the court.",
            "sentence-index": 14,
            "annotations": []
        },
        {
            "sentence": "\u201cIf we end up with that gridlock, I would say, \u2018If you can, Mitch, go nuclear,'\u201d Trump said Feb. 1.",
            "sentence-index": 15,
            "annotations": []
        },
        {
            "sentence": "Republican Senate leaders so far have refrained from using the term \u2013 but their exasperated rhetoric shows they\u2019re at least kicking the tires of a legislative Enola Gay.",
            "sentence-index": 16,
            "annotations": []
        },
        {
            "sentence": "\u201cIf Judge Gorsuch can\u2019t achieve 60 votes in the Senate, could any judge appointed by a Republican president be approved with 60 or more votes in the Senate?\u201d Senate Majority Leader Mitch McConnell, R-Ky., asked on Tuesday.",
            "sentence-index": 17,
            "annotations": []
        },
        {
            "sentence": "\u201cIf they don\u2019t find Gorsuch acceptable, are they taking the position the vacancy should never be filled? At all?\u201d",
            "sentence-index": 18,
            "annotations": []
        },
        {
            "sentence": "McConnell hasn\u2019t tipped his hand on strategy; however, he\u2019s maintained in interviews that, one way or another, \u201cthe nominee will be confirmed.\u201d",
            "sentence-index": 19,
            "annotations": []
        },
        {
            "sentence": "Sen. Lindsey Graham, R-S.C., meanwhile, lamented the increasing politicization of Supreme Court nominations and implored his Democratic colleagues to vote on the man \u2013 not the party of the president who nominated him.",
            "sentence-index": 20,
            "annotations": []
        },
        {
            "sentence": "\u201cHere\u2019s what I hope \u2013 that we turn around and go back to where we were, because what we\u2019re doing is going to destroy the judiciary over time,\u201d Graham said on Monday.",
            "sentence-index": 21,
            "annotations": []
        },
        {
            "sentence": "Supreme Court justices have faced more pushback from the opposition party in recent years.",
            "sentence-index": 22,
            "annotations": []
        },
        {
            "sentence": "Antonin Scalia \u2013 whom Gorsuch would replace on the court following Scalia\u2019s death in 2016 \u2013 was confirmed 98-0 and Anthony Kennedy had a tally of 97-0 in 1988.",
            "sentence-index": 23,
            "annotations": []
        },
        {
            "sentence": "But the contentious Clarence Thomas hearing in 1991 produced a 52-48 split that just pushed Thomas over the finish line.",
            "sentence-index": 24,
            "annotations": []
        },
        {
            "sentence": "Ruth Bader Ginsburg was confirmed 96-3 two years later and \u201cyea\u201d votes have largely dwindled ever since: Stephen Breyer, 87; John Roberts, 78; Samuel Alito, 58; Sonia Sotomayor, 68; Elena Kagan, 63.",
            "sentence-index": 25,
            "annotations": []
        }
    ]
}