{
    "source": "hpo",
    "main-entities": [
        "Neil Gorsuch",
        "Democratic lawmakers",
        "Republican lawmakers"
    ],
    "main-event": "Supreme Court nomination of Judge Neil M. Gorsuch",
    "title": "Democrats Concerned That The Supreme Court May Be Rigged For The Rich And Republicans",
    "url": "https://www.huffingtonpost.com/entry/neil-gorsuch-supreme-court_us_58d681b5e4b03787d35908d1",
    "word-count": 1072,
    "date": "2017-03-25",
    "article-level-annotations": {
        "author-sentiment": {
            "main-event": "Neutral",
            "Neil Gorsuch": "Negative",
            "Democratic lawmakers": "Neutral",
            "Republican lawmakers": "Neutral"
        },
        "stance": "Left"
    },
    "annotators": [
        "A",
        "B"
    ],
    "body": [
        {
            "sentence": "WASHINGTON \u2015 In recent years, the opposing party approached Supreme Court nomination hearings by honing in on the nominee\u2019s character and temperament or on one particular case that could possibly derail the nominee.",
            "sentence-index": 0,
            "annotations": []
        },
        {
            "sentence": "Nominees have, in turn, generally refused to answer any question directly, in an appparent fear of revealing any bias about a potential future case they may hear.",
            "sentence-index": 1,
            "annotations": []
        },
        {
            "sentence": "The four days of Senate Judiciary Committee hearings held this past week for President Donald Trump\u2019s nominee to fill the late Justice Antonin Scalia\u2019s seat, Judge Neil Gorsuch, were different.",
            "sentence-index": 2,
            "annotations": []
        },
        {
            "sentence": "Democrats on the Senate Judiciary Committee took a different tack.",
            "sentence-index": 3,
            "annotations": []
        },
        {
            "sentence": "They made an argument against the Supreme Court itself and its false presentation as a body above politics and power.",
            "sentence-index": 4,
            "annotations": []
        },
        {
            "sentence": "That judges do not, as Chief Justice John Roberts once famously said, only call \u201cballs and strikes.\u201d",
            "sentence-index": 5,
            "annotations": []
        },
        {
            "sentence": "At the base of this argument was a simple question that has been dogging Democrats ever since the infamous Bush v. Gore decision on the 2000 presidential election: Is the Supreme Court rigged to benefit corporations, the wealthy and, well, Republicans?",
            "sentence-index": 6,
            "annotations": [
                {
                    "start": 185,
                    "end": 191,
                    "target": "Republican lawmakers",
                    "polarity": "Negative",
                    "aim": "Direct",
                    "indirect-target-name": "",
                    "indirect-ally-opponent-sentiment": "",
                    "bias": "Lexical",
                    "quote": "No",
                    "speaker": "",
                    "text": "rigged"
                }
            ]
        },
        {
            "sentence": "Pressing this question did not knock Gorsuch off his steady stream of non-answers.",
            "sentence-index": 7,
            "annotations": []
        },
        {
            "sentence": "The polished Gorsuch certainly did not make any deluded or deranged statements, as many have come to expect from the president, that could lead a Republican to flip on his nomination.",
            "sentence-index": 8,
            "annotations": []
        },
        {
            "sentence": "The Democrats\u2019 argument was instead directed at both their base and their caucus to provide a clear rationale for opposing the nominee \u2015 no matter his qualifications.",
            "sentence-index": 9,
            "annotations": []
        },
        {
            "sentence": "Sen. Sheldon Whitehouse (D-R.I.) made this point abundantly clear when he pointed to the series of 5-4 decisions made under Roberts\u2019 leadership that have changed laws to help Republicans get elected, big donors gain more influence in politics through campaign contributions and corporations gain more economic and political power.",
            "sentence-index": 10,
            "annotations": []
        },
        {
            "sentence": "\u201cI think these 5-4 decisions are a problem, you said sometimes \u2015 I think I\u2019m quoting you correctly \u2015 sometimes big corporations can capture an agency,\u201d Whitehouse said to Gorsuch.",
            "sentence-index": 11,
            "annotations": []
        },
        {
            "sentence": "\u201cThat\u2019s a well known principle of administrative law and of economics.",
            "sentence-index": 12,
            "annotations": []
        },
        {
            "sentence": "Just let\u2019s be sure that our Supreme Court doesn\u2019t get to be one of those agencies that\u2019s captured on any subject.\u201d",
            "sentence-index": 13,
            "annotations": []
        },
        {
            "sentence": "On this week\u2019s episode of The Huffington Post\u2019s \u201cSo That Happened\u201d podcast, 2016 Democratic House candidate Zephyr Teachout, a constitutional law professor at Fordham University School of Law, said the Democrats took the right approach by aiming their fire at the court as an institution that shapes our economy and our politics.",
            "sentence-index": 14,
            "annotations": []
        },
        {
            "sentence": "\u201cI thought both Whitehouse and others rightly pointed out that after Roberts\u2019 confirmation we gotta pull away that fake story that you\u2019re just calling balls and strikes,\u201d Teachout said.",
            "sentence-index": 15,
            "annotations": [
                {
                    "start": 115,
                    "end": 125,
                    "target": "Republican lawmakers",
                    "polarity": "Negative",
                    "aim": "Indirect (General)",
                    "indirect-target-name": "John Roberts",
                    "indirect-ally-opponent-sentiment": "Negative",
                    "bias": "Lexical",
                    "quote": "Yes",
                    "speaker": "Democratic lawmakers",
                    "text": "fake story"
                }
            ]
        },
        {
            "sentence": "\u201cWe know, and we know and have seen, that the Supreme Court reshapes power in our country.\u201d",
            "sentence-index": 16,
            "annotations": []
        },
        {
            "sentence": "Gorsuch, who worked on former President George W. Bush\u2019s 2004 reelection campaign and as a lawyer in his Justice Department, provided the expected performance past court nominees had given during his appearance; he stated that he would be shocked by politics coming into a courtroom.",
            "sentence-index": 17,
            "annotations": []
        },
        {
            "sentence": "\u201cI\u2019m distressed to hear you think that judges of the Supreme Court is an organ of a party,\u201d Gorsuch told Whitehouse.",
            "sentence-index": 18,
            "annotations": []
        },
        {
            "sentence": "It is no surprise that Democrats find little need to take this opinion seriously anymore.",
            "sentence-index": 19,
            "annotations": [
                {
                    "start": 0,
                    "end": 89,
                    "target": "Democratic lawmakers",
                    "polarity": "Positive",
                    "aim": "Direct",
                    "indirect-target-name": "",
                    "indirect-ally-opponent-sentiment": "",
                    "bias": "Informational",
                    "quote": "No",
                    "speaker": "",
                    "text": "It is no surprise that Democrats find little need to take this opinion seriously anymore."
                }
            ]
        },
        {
            "sentence": "Former President Barack Obama had nominated Judge Merrick Garland to fill Scalia\u2019s seat practically one year to the date before Gorsuch\u2019s confirmation hearing.",
            "sentence-index": 20,
            "annotations": []
        },
        {
            "sentence": "Senate Republicans refused to hold public hearings for Garland and declined to meet with him in private.",
            "sentence-index": 21,
            "annotations": []
        },
        {
            "sentence": "Gorsuch\u2019s nomination represents the fruit of the Republicans\u2019 decision to block Garland.",
            "sentence-index": 22,
            "annotations": []
        },
        {
            "sentence": "Sen. Pat Leahy (D-Vt.) called this \u201can extraordinary blockade.\u201d \u201cIt was totally unprecedented in our country\u2019s whole history,\u201d he added.",
            "sentence-index": 23,
            "annotations": []
        },
        {
            "sentence": "\u201cSome likened it to the action of the tyrannical kings who claim that they have sole control, as one of our senators referred to here a few minutes ago.\u201d",
            "sentence-index": 24,
            "annotations": [
                {
                    "start": 0,
                    "end": 153,
                    "target": "Republican lawmakers",
                    "polarity": "Negative",
                    "aim": "Direct",
                    "indirect-target-name": "",
                    "indirect-ally-opponent-sentiment": "",
                    "bias": "Informational",
                    "quote": "Yes",
                    "speaker": "Other (Anti-target)",
                    "text": "\u201cSome likened it to the action of the tyrannical kings who claim that they have sole control, as one of our senators referred to here a few minutes ago.\u201d"
                }
            ]
        },
        {
            "sentence": "Responding to Gorsuch\u2019s stated belief that justices have no partisan leanings, Sen. Al Franken (D-Minn.) explained, \u201cAnd you know, you said earlier, there are no Democratic judges, there are no Republican judges.",
            "sentence-index": 25,
            "annotations": []
        },
        {
            "sentence": "If that\u2019s the case, what was Merrick Garland about?",
            "sentence-index": 26,
            "annotations": []
        },
        {
            "sentence": "That\u2019s what it was about.\u201d",
            "sentence-index": 27,
            "annotations": [
                {
                    "start": 0,
                    "end": 26,
                    "target": "Republican lawmakers",
                    "polarity": "Negative",
                    "aim": "Indirect (Opponent)",
                    "indirect-target-name": "Merrick Garland",
                    "indirect-ally-opponent-sentiment": "Positive",
                    "bias": "Informational",
                    "quote": "Yes",
                    "speaker": "Democratic lawmakers",
                    "text": "That\u2019s what it was about.\u201d"
                }
            ]
        },
        {
            "sentence": "In addition, Democrats are still irritated at Roberts for promising to call only \u201cballs and strikes\u201d in his 2005 confirmation hearing.",
            "sentence-index": 28,
            "annotations": []
        },
        {
            "sentence": "Instead, he went on to anchor the five vote conservative majority\u2019s decisions in controversial cases.",
            "sentence-index": 29,
            "annotations": []
        },
        {
            "sentence": "These included Citizens United v. Federal Election Commission, which opened the door to unlimited corporate spending in politics; Shelby County v. Holder, which overturned a key section of the voting rights act; and numerous pro-corporate decisions limiting the rights of citizens to challenge corporations in courts, reducing the ability of states to protect patient and privacy and allowing mutual funds to lie to investors.",
            "sentence-index": 30,
            "annotations": [
                {
                    "start": 0,
                    "end": 426,
                    "target": "Republican lawmakers",
                    "polarity": "Negative",
                    "aim": "Direct",
                    "indirect-target-name": "",
                    "indirect-ally-opponent-sentiment": "",
                    "bias": "Lexical",
                    "quote": "No",
                    "speaker": "",
                    "text": "These included Citizens United v. Federal Election Commission, which opened the door to unlimited corporate spending in politics; Shelby County v. Holder, which overturned a key section of the voting rights act; and numerous pro-corporate decisions limiting the rights of citizens to challenge corporations in courts, reducing the ability of states to protect patient and privacy and allowing mutual funds to lie to investors."
                }
            ]
        },
        {
            "sentence": "Sen. Mazie Hirono (D-Hawaii) blasted Roberts\u2019 decision in Shelby County for creating a whole new constitutional doctrine out of whole cloth, \u201cSo, so much for judicial modesty,\u201d she said.",
            "sentence-index": 31,
            "annotations": [
                {
                    "start": 29,
                    "end": 36,
                    "target": "Democratic lawmakers",
                    "polarity": "Negative",
                    "aim": "Indirect (Ally)",
                    "indirect-target-name": "Mazie Hirono",
                    "indirect-ally-opponent-sentiment": "Negative",
                    "bias": "Lexical",
                    "quote": "No",
                    "speaker": "",
                    "text": "blasted"
                }
            ]
        },
        {
            "sentence": "\u201cSo much for balls and strikes.",
            "sentence-index": 32,
            "annotations": []
        },
        {
            "sentence": "So much for judges judge best when they judge least, which you mentioned tonight as a virtue.\u201d",
            "sentence-index": 33,
            "annotations": []
        },
        {
            "sentence": "The Roberts Court has done much to reshape power in the United States.",
            "sentence-index": 34,
            "annotations": []
        },
        {
            "sentence": "The five vote conservative majority that included Scalia has sided with corporations and corporate lobby groups more than any other Supreme Court majority in recent history.",
            "sentence-index": 35,
            "annotations": []
        },
        {
            "sentence": "After Gorsuch repeatedly stated that there was ample room for Congress to legislate without worrying about court decisions, Democrats reminded him of how the court\u2019s decisions play a key role in shaping who is elected to Congress and, therefore, what bills can be passed in the first place.",
            "sentence-index": 36,
            "annotations": []
        },
        {
            "sentence": "\u201c[B]y tilting the political playing field so heavily toward corporations and against individuals, hasn\u2019t the court impacted the composition of who is in Congress and made it therefore even harder for Congress to taking meaningful,\u201d Hirono said.",
            "sentence-index": 37,
            "annotations": []
        },
        {
            "sentence": "\u201cMeaningful action to say past laws to protect worker safety or the access of students with special needs to an education?\u201d",
            "sentence-index": 38,
            "annotations": []
        },
        {
            "sentence": "Whitehouse asked about the court\u2019s controversial Citizens United decision, \u201cWhat could be more involved in politics than to open this ocean of dark money that\u2019s flooded into our politics?\u201d",
            "sentence-index": 39,
            "annotations": [
                {
                    "start": 134,
                    "end": 153,
                    "target": "Republican lawmakers",
                    "polarity": "Negative",
                    "aim": "Direct",
                    "indirect-target-name": "",
                    "indirect-ally-opponent-sentiment": "",
                    "bias": "Lexical",
                    "quote": "Yes",
                    "speaker": "Democratic lawmakers",
                    "text": "ocean of dark money"
                }
            ]
        },
        {
            "sentence": "Democrats on the committee appeared frustrated that Gorsuch refused to acknowledge the court\u2019s role in transforming both the political and economic worlds the country\u2019s citizens operate in.",
            "sentence-index": 40,
            "annotations": []
        },
        {
            "sentence": "Senate Democratic Leader Chuck Schumer (D-N.Y.) told Politico that Gorsuch \u201cdid not win anybody over with his testimony.\u201d",
            "sentence-index": 41,
            "annotations": []
        },
        {
            "sentence": "Schumer added that he believed he had the 41 votes necessary to filibuster the nomination.",
            "sentence-index": 42,
            "annotations": []
        }
    ]
}