{
    "date": "2010-12-08",
    "title": "Double-Dip Recession Possible Without Tax Deal, Obama's Top Economic Aide Warns",
    "word-count": 679,
    "main-event": "Larry Summers pressures congress to pass tax bill",
    "source": "fox",
    "url": "http://www.foxnews.com/politics/2010/12/08/double-dip-recession-possible-tax-deal-obamas-economic-aide-warns/",
    "main-entities": [
        "Barack Obama",
        "Senate Democrats"
    ],
    "article-level-annotations": {
        "author-sentiment": {
            "main-event": "Neutral",
            "Barack Obama": "Negative",
            "Senate Democrats": "Neutral"
        },
        "stance": "Right"
    },
    "annotators": [
        "A",
        "C"
    ],
    "body": [
        {
            "sentence": "Outgoing White House economic adviser Larry Summers warned Wednesday that failure to pass a new tax cut compromise would significantly raise the risk of a double-dip recession.",
            "sentence-index": 0,
            "annotations": []
        },
        {
            "sentence": "\"To pass this bill in the next couple of weeks would materially increase the risk that the economy would stall out and we would have a double dip,\" he told reporters at the White House.",
            "sentence-index": 1,
            "annotations": []
        },
        {
            "sentence": "Summers added that he thinks Congress will pass the deal President Obama struck with Republicans, an agreement that has come under withering criticism from liberal Democrats over the two-year extension of tax cuts for the rich as well as the middle class.",
            "sentence-index": 2,
            "annotations": [
                {
                    "start": 131,
                    "end": 254,
                    "target": "Barack Obama",
                    "polarity": "Negative",
                    "aim": "Direct",
                    "indirect-target-name": "",
                    "indirect-ally-opponent-sentiment": "",
                    "bias": "Informational",
                    "quote": "No",
                    "speaker": "",
                    "text": "withering criticism from liberal Democrats over the two-year extension of tax cuts for the rich as well as the middle class"
                }
            ]
        },
        {
            "sentence": "Summers said that he doesn't think that Congress would take a step that \"materially increases the risk that this economy will stall out.\"",
            "sentence-index": 3,
            "annotations": []
        },
        {
            "sentence": "Positive reviews coming in from economists, Summers said, show the deal is the right thing to do.",
            "sentence-index": 4,
            "annotations": []
        },
        {
            "sentence": "Sen. Jon Kyl, the No. 2 Republican in the Senate, told reporters that a tax cut bill could be on the Senate floor as early as Thursday.",
            "sentence-index": 5,
            "annotations": []
        },
        {
            "sentence": "But, in a surprise move, Senate Democrats, meeting behind closed doors to discuss the tax deal, have asked the administration for \"changes\" to the bill, according to Sen Dick Durbin, D-Ill., the No. 2 Democrat in the chamber.",
            "sentence-index": 6,
            "annotations": []
        },
        {
            "sentence": "Durbin would not detail what those changes are, deferring to Senate Majority Leader Harry Reid, D-Nev.",
            "sentence-index": 7,
            "annotations": []
        },
        {
            "sentence": "Kyl said an official analysis and price tag, referred to as a \"score,\" from the Joint Committee on Taxation (JCT) are not yet ready, but that the Senate could move to the bill anyway.",
            "sentence-index": 8,
            "annotations": []
        },
        {
            "sentence": "Vice President Biden traveled to the Capitol Wednesday for a private meeting with House Democrats who are resisting the deal, saying it gives away too much to the wealthy.",
            "sentence-index": 9,
            "annotations": []
        },
        {
            "sentence": "Some Democrats are unhappy that Obama agreed to extend expiring tax cuts not just for the middle class but also for higher earners, and that he agreed to impose a lower estate tax on wealthy heirs.",
            "sentence-index": 10,
            "annotations": []
        },
        {
            "sentence": "Both provisions are seen by many Democrats as giveaways to the rich that will do little to help the economy.",
            "sentence-index": 11,
            "annotations": [
                {
                    "start": 0,
                    "end": 108,
                    "target": "Barack Obama",
                    "polarity": "Negative",
                    "aim": "Direct",
                    "indirect-target-name": "",
                    "indirect-ally-opponent-sentiment": "",
                    "bias": "Informational",
                    "quote": "No",
                    "speaker": "",
                    "text": "Both provisions are seen by many Democrats as giveaways to the rich that will do little to help the economy."
                }
            ]
        },
        {
            "sentence": "In return, Democrats would get extended jobless benefits for people who have been unemployed for long stretches.",
            "sentence-index": 12,
            "annotations": [
                {
                    "start": 0,
                    "end": 112,
                    "target": "Barack Obama",
                    "polarity": "Negative",
                    "aim": "Direct",
                    "indirect-target-name": "",
                    "indirect-ally-opponent-sentiment": "",
                    "bias": "Informational",
                    "quote": "No",
                    "speaker": "",
                    "text": "In return, Democrats would get extended jobless benefits for people who have been unemployed for long stretches."
                }
            ]
        },
        {
            "sentence": "Workers would also see their share of Social Security payroll taxes cut by nearly a third for the coming year, a boost in take-home pay meant to encourage spending and aid the economy.",
            "sentence-index": 13,
            "annotations": []
        },
        {
            "sentence": "Liberals are going as far as trying to prevent outgoing House Speaker Nancy Pelosi from bringing the tax cut compromise to the floor.",
            "sentence-index": 14,
            "annotations": []
        },
        {
            "sentence": "Reps. Peter DeFazio of Oregon, and Jim McDermott and Jay Inslee of Washington state are crafting a letter to share with the House Democratic Caucus that would try to block the bill from seeing the light of day.",
            "sentence-index": 15,
            "annotations": [
                {
                    "start": 181,
                    "end": 209,
                    "target": "Senate Democrats",
                    "polarity": "Negative",
                    "aim": "Direct",
                    "indirect-target-name": "",
                    "indirect-ally-opponent-sentiment": "",
                    "bias": "Lexical",
                    "quote": "No",
                    "speaker": "",
                    "text": "from seeing the light of day"
                }
            ]
        },
        {
            "sentence": "They're hoping to get 60 signatures on their letter and then force a vote in the caucus.",
            "sentence-index": 16,
            "annotations": []
        },
        {
            "sentence": "\"There does not seem to be a majority of the Democrats who support the deal negotiated by Vice President Biden,\" he told Fox News.",
            "sentence-index": 17,
            "annotations": []
        },
        {
            "sentence": "\"So we want to have a record vote in the caucus on a resolution that says this resolution should not go to the floor without a majority of Democratic votes.\"",
            "sentence-index": 18,
            "annotations": []
        },
        {
            "sentence": "DeFazio said House Democrats aren't going to keep rubber-stamping deals they don't like.",
            "sentence-index": 19,
            "annotations": []
        },
        {
            "sentence": "\"All through this administration, the White House has been a spear carrier for the president,\" he said.",
            "sentence-index": 20,
            "annotations": []
        },
        {
            "sentence": "\"They sent something over, the speaker has jammed it through and then Obama has negotiated with the Senate.",
            "sentence-index": 21,
            "annotations": []
        },
        {
            "sentence": "And they're trying to get us to jam it through again.",
            "sentence-index": 22,
            "annotations": []
        },
        {
            "sentence": "And a number of us are just saying that's enough.\"",
            "sentence-index": 23,
            "annotations": []
        },
        {
            "sentence": "Obama rejected claims that he betrayed Democrats by cutting a deal with Republicans.",
            "sentence-index": 24,
            "annotations": []
        },
        {
            "sentence": "Speaking to reporters at a joint appearance with Polish President Bronislaw Komorowski, Obama said economists predict higher job growth in 2011 and 2012 if Congress passes the agreement and urged lawmakers to examine the details of the deal and \"get this done.\"",
            "sentence-index": 25,
            "annotations": []
        },
        {
            "sentence": "But House Democrats are not listening.",
            "sentence-index": 26,
            "annotations": [
                {
                    "start": 0,
                    "end": 38,
                    "target": "Senate Democrats",
                    "polarity": "Negative",
                    "aim": "Direct",
                    "indirect-target-name": "",
                    "indirect-ally-opponent-sentiment": "",
                    "bias": "Informational",
                    "quote": "No",
                    "speaker": "",
                    "text": "But House Democrats are not listening."
                }
            ]
        },
        {
            "sentence": "\"So far, the response has not been very good,\" Pelosi said.",
            "sentence-index": 27,
            "annotations": []
        },
        {
            "sentence": "She called the estate tax provision \"a bridge too far.\"",
            "sentence-index": 28,
            "annotations": []
        }
    ]
}