{
    "source": "fox",
    "main-entities": [
        "Mitt Romney",
        "Barack Obama"
    ],
    "main-event": "Romney reaffirms opposition to same sex marriage",
    "title": "Romney reaffirms belief in marriage as between man, woman",
    "url": "http://www.foxnews.com/politics/2012/05/09/romney-reaffirms-belief-in-marriage-as-between-man-woman/",
    "word-count": 352,
    "date": "2012-05-09",
    "article-level-annotations": {
        "author-sentiment": {
            "main-event": "Neutral",
            "Mitt Romney": "Neutral",
            "Barack Obama": "Neutral"
        },
        "stance": "Right"
    },
    "annotators": [
        "A",
        "C"
    ],
    "body": [
        {
            "sentence": "Following President Obama's comments in a TV interview expressing his support for same-sex marriage, his likely GOP rival Mitt Romney said Wednedsay he maintains his opposition to it -- the same position he's had since he \"started running for office\"",
            "sentence-index": 0,
            "annotations": []
        },
        {
            "sentence": "\"I have the same view on marriage that I had when I was governor and that I expressed many times.",
            "sentence-index": 1,
            "annotations": []
        },
        {
            "sentence": "I believe marriage is between a man and a woman,\" he told reporters following an event at the Oklahoma Republican Party headquartersk, where he garnered the endorsement of Oklahoma Gov. Mary Fallin.",
            "sentence-index": 2,
            "annotations": []
        },
        {
            "sentence": "Obama made the groundbreaking news in an interview with ABC.",
            "sentence-index": 3,
            "annotations": []
        },
        {
            "sentence": "\"It is important for me personally to go ahead and affirm that same-sex couples should be able to get married,\" Obama stated.",
            "sentence-index": 4,
            "annotations": []
        },
        {
            "sentence": "He previously had said he supported equal rights for same-sex couples but stopped short of endorsing gay marriage.",
            "sentence-index": 5,
            "annotations": []
        },
        {
            "sentence": "When asked if he believed the president had flip-flopped on the issue, Romney said it's up to the public to be the judge.",
            "sentence-index": 6,
            "annotations": []
        },
        {
            "sentence": "\u201cI believe that based upon the interview that he gave today on ABC it said that he had changed his view, but you\u2019re a better judge of that than I,\" Romney said.",
            "sentence-index": 7,
            "annotations": []
        },
        {
            "sentence": "\"I just saw the reports that he had previously said he opposed same-sex marriage and now according to ABC News he saying that he supports it.",
            "sentence-index": 8,
            "annotations": []
        },
        {
            "sentence": "If that\u2019s the case then you\u2019ll be able to make that determination on your own.\"",
            "sentence-index": 9,
            "annotations": []
        },
        {
            "sentence": "Last year Romney had signed a pledge sponsored by the National Organization for Marriage promising to support a federal ammendment defining marriage as the union of one man and one woman.",
            "sentence-index": 10,
            "annotations": []
        },
        {
            "sentence": "On Wednedsay, though, he said that the rights of domestic partners should be decided by the states.",
            "sentence-index": 11,
            "annotations": []
        },
        {
            "sentence": "\u201cStates are able to make decisions with regards to domestic partnership benefits such as hospital visitation rights, benefits and so forth of various kinds can be determined state by state,\" Romney said.",
            "sentence-index": 12,
            "annotations": []
        },
        {
            "sentence": "Following Romney's news conference, Obama's campaign immediately pounced on the former governor's comments.",
            "sentence-index": 13,
            "annotations": [
                {
                    "start": 53,
                    "end": 72,
                    "target": "Barack Obama",
                    "polarity": "Negative",
                    "aim": "Indirect (Ally)",
                    "indirect-target-name": "Obama campaign",
                    "indirect-ally-opponent-sentiment": "Negative",
                    "bias": "Lexical",
                    "quote": "No",
                    "speaker": "",
                    "text": "immediately pounced"
                }
            ]
        },
        {
            "sentence": "Ben Labolt tweeted, \"@MittRomney just refused to say he supports hospital visitation rights at a federal level for gays and lesbians.\"",
            "sentence-index": 14,
            "annotations": [
                {
                    "start": 21,
                    "end": 132,
                    "target": "Mitt Romney",
                    "polarity": "Negative",
                    "aim": "Direct",
                    "indirect-target-name": "",
                    "indirect-ally-opponent-sentiment": "",
                    "bias": "Informational",
                    "quote": "Yes",
                    "speaker": "Other (Anti-target)",
                    "text": "@MittRomney just refused to say he supports hospital visitation rights at a federal level for gays and lesbians"
                }
            ]
        }
    ]
}