{
    "date": "2010-07-13",
    "title": "NAACP Condemns Tea Party Racism In Resolution",
    "word-count": 600,
    "main-event": "N.A.A.C.P. Challenges Tea Party on Racism",
    "source": "hpo",
    "url": "http://www.huffingtonpost.com/2010/07/13/naacp-tea-party-racism-re_n_644832.html",
    "main-entities": [
        "NAACP",
        "Tea Party"
    ],
    "article-level-annotations": {
        "author-sentiment": {
            "main-event": "Neutral",
            "NAACP": "Neutral",
            "Tea Party": "Neutral"
        },
        "stance": "Left"
    },
    "annotators": [
        "A",
        "C"
    ],
    "body": [
        {
            "sentence": "KANSAS CITY, Mo. \u2014 Leaders of the country's largest civil rights organization accused tea party activists on Tuesday of tolerating bigotry and approved a resolution condemning racism within the political movement.",
            "sentence-index": 0,
            "annotations": []
        },
        {
            "sentence": "The resolution was adopted during the annual convention in Kansas City of the National Association for the Advancement of Colored People, spokesman Chris Fleming said.",
            "sentence-index": 1,
            "annotations": []
        },
        {
            "sentence": "Tea party organizers disputed claims of racism and called on the NAACP to withdraw the resolution.",
            "sentence-index": 2,
            "annotations": []
        },
        {
            "sentence": "Debate was mostly closed to the public, but the final version \"calls on the tea party and all people of good will to repudiate the racist element and activities within the tea party,\" said Hilary Shelton, director of the NAACP's Washington bureau.",
            "sentence-index": 3,
            "annotations": []
        },
        {
            "sentence": "\"I hope it will empower the tea party to actually look at itself and see that there are those who are noticing things that I think most tea partiers don't want,\" he said.",
            "sentence-index": 4,
            "annotations": []
        },
        {
            "sentence": "Sarah Palin, a vocal tea party supporter, said in a statement late Tuesday that she was \"saddened by the NAACP's claim that patriotic Americans ... are somehow 'racists.'\"",
            "sentence-index": 5,
            "annotations": []
        },
        {
            "sentence": "The former Alaska governor said claims that tea party activists \"judge people by the color of their skin\" were false and appalling.",
            "sentence-index": 6,
            "annotations": [
                {
                    "start": 121,
                    "end": 130,
                    "target": "NAACP",
                    "polarity": "Negative",
                    "aim": "Direct",
                    "indirect-target-name": "",
                    "indirect-ally-opponent-sentiment": "",
                    "bias": "Lexical",
                    "quote": "No",
                    "speaker": "",
                    "text": "appalling"
                }
            ]
        },
        {
            "sentence": "The final wording won't be released until the NAACP's national board of directors approves the resolution during its meeting in October.",
            "sentence-index": 7,
            "annotations": []
        },
        {
            "sentence": "But the original called for the NAACP to \"educate its membership and the community that this movement is not just about higher taxes and limited government.\"",
            "sentence-index": 8,
            "annotations": []
        },
        {
            "sentence": "It said something could evolve \"and become more dangerous for that small percentage of people that really think our country has been taken away from them.\"",
            "sentence-index": 9,
            "annotations": []
        },
        {
            "sentence": "\"We felt the time had come to stand up and say, 'It's time for the tea party to be responsible members of this democracy and make sure they don't tolerate bigots or bigotry among their members,'\" NAACP President Ben Jealous said ahead of the debate.",
            "sentence-index": 10,
            "annotations": []
        },
        {
            "sentence": "\"We don't have a problem with the tea party's existence.",
            "sentence-index": 11,
            "annotations": []
        },
        {
            "sentence": "We have an issue with their acceptance and welcoming of white supremacists into their organizations,\" he said.",
            "sentence-index": 12,
            "annotations": [
                {
                    "start": 0,
                    "end": 99,
                    "target": "Tea Party",
                    "polarity": "Negative",
                    "aim": "Direct",
                    "indirect-target-name": "",
                    "indirect-ally-opponent-sentiment": "",
                    "bias": "Informational",
                    "quote": "Yes",
                    "speaker": "NAACP",
                    "text": "We have an issue with their acceptance and welcoming of white supremacists into their organizations"
                }
            ]
        },
        {
            "sentence": "Tea party activist Alex Poulter, who co-founded a Kansas City-area group called Political Chips, also disputed the allegations.",
            "sentence-index": 13,
            "annotations": []
        },
        {
            "sentence": "He said the movement is made up of a \"diverse group of folks who are upset with what is going on with this country.\"",
            "sentence-index": 14,
            "annotations": []
        },
        {
            "sentence": "Poulter said he has seen no evidence of racism within the movement.",
            "sentence-index": 15,
            "annotations": []
        },
        {
            "sentence": "\"It's unfounded, but people are running with these accusations like they are true,\" he said.",
            "sentence-index": 16,
            "annotations": []
        },
        {
            "sentence": "A group called the St. Louis Tea Party issued its own resolution Tuesday calling on the NAACP to withdraw the proposal.",
            "sentence-index": 17,
            "annotations": []
        },
        {
            "sentence": "Though not affiliated with either major political party, tea party activists espouse a political philosophy of less government, a free market, lower taxes, individual rights and political activism.",
            "sentence-index": 18,
            "annotations": []
        },
        {
            "sentence": "The group has faced occasional claims of racism, most notably in March near the end of the bitter health care debate.",
            "sentence-index": 19,
            "annotations": []
        },
        {
            "sentence": "U.S. Reps. John Lewis, Andre Carson and Emanuel Cleaver said some demonstrators, many of them tea party activists, yelled a racial epithet as the black congressmen walked from House office buildings to the Capitol.",
            "sentence-index": 20,
            "annotations": []
        },
        {
            "sentence": "Cleaver, D-Mo., also said he was spit on.",
            "sentence-index": 21,
            "annotations": [
                {
                    "start": 0,
                    "end": 41,
                    "target": "Tea Party",
                    "polarity": "Negative",
                    "aim": "Direct",
                    "indirect-target-name": "",
                    "indirect-ally-opponent-sentiment": "",
                    "bias": "Informational",
                    "quote": "No",
                    "speaker": "",
                    "text": "Cleaver, D-Mo., also said he was spit on."
                }
            ]
        },
        {
            "sentence": "A white lawmaker said he also heard the epithets, but conservative activists said the lawmakers were lying.",
            "sentence-index": 22,
            "annotations": []
        },
        {
            "sentence": "\"They are pulling people together and focusing on the negative, and then it's hard to make anything positive out of that,\" said Anita L. Russell, president of the Kansas City, Mo., branch of the NAACP, which introduced the resolution.",
            "sentence-index": 23,
            "annotations": []
        },
        {
            "sentence": "\"And then these groups, these extremist groups, are looking for something, and they are latching on to this.\"",
            "sentence-index": 24,
            "annotations": [
                {
                    "start": 30,
                    "end": 39,
                    "target": "NAACP",
                    "polarity": "Negative",
                    "aim": "Direct",
                    "indirect-target-name": "",
                    "indirect-ally-opponent-sentiment": "",
                    "bias": "Lexical",
                    "quote": "Yes",
                    "speaker": "Tea Party",
                    "text": "extremist"
                }
            ]
        }
    ]
}