{
    "date": "2011-11-02",
    "main-entities": [
        "Barack Obama",
        "Senate Republicans"
    ],
    "main-event": "Obama taunts GOP for ignoring jobs",
    "source": "nyt",
    "url": "http://thecaucus.blogs.nytimes.com/2011/11/02/obama-taunts-house-for-ignoring-jobs-bill/",
    "title": "Obama Taunts G.O.P.  for Ignoring Jobs Bill",
    "word-count": 765,
    "article-level-annotations": {
        "author-sentiment": {
            "main-event": "Neutral",
            "Barack Obama": "Neutral",
            "Senate Republicans": "Neutral"
        },
        "stance": "Center"
    },
    "annotators": [
        "A",
        "B"
    ],
    "body": [
        {
            "sentence": "President Obama on Wednesday visited another bridge in need of repair \u2013 this one somewhat closer to home, between Washington and Virginia \u2014 to promote his job-creation proposals as the Senate began the latest partisan debate over his plans.",
            "sentence-index": 0,
            "annotations": []
        },
        {
            "sentence": "But in pressing for approval of $60 billion in infrastructure spending, Mr. Obama took his biggest shot not at the measure\u2019s Republican opponents in the Senate, but at those in the House.",
            "sentence-index": 1,
            "annotations": []
        },
        {
            "sentence": "He tweaked House Republicans for passing a resolution on Tuesday reaffirming the national motto, \u201cIn God We Trust,\u201d when they should be creating jobs.",
            "sentence-index": 2,
            "annotations": []
        },
        {
            "sentence": "\u201cI trust in God,\u201d Mr. Obama said, \u201cbut God wants to see us help ourselves by putting people back to work!\u201d",
            "sentence-index": 3,
            "annotations": []
        },
        {
            "sentence": "Invoking patriotism as well as divine intervention \u2013 Mr. Obama stood against the backdrop of a giant American flag \u2013 he spoke before an audience that included unemployed construction workers, whose industry is among the hardest hit by the housing bust.",
            "sentence-index": 4,
            "annotations": []
        },
        {
            "sentence": "\u201cI\u2019m joining many of these workers to say that it makes absolutely no sense when there\u2019s so much work to be done that they\u2019re not doing the work,\u201d Mr. Obama said to their applause.",
            "sentence-index": 5,
            "annotations": [
                {
                    "start": 147,
                    "end": 179,
                    "target": "Barack Obama",
                    "polarity": "Positive",
                    "aim": "Direct",
                    "indirect-target-name": "",
                    "indirect-ally-opponent-sentiment": "",
                    "bias": "Informational",
                    "quote": "No",
                    "speaker": "",
                    "text": "Mr. Obama said to their applause"
                }
            ]
        },
        {
            "sentence": "\u201cNot when there are so many roads and bridges and runways waiting to be repaired and waiting to be rebuilt.\u201d",
            "sentence-index": 6,
            "annotations": []
        },
        {
            "sentence": "The president\u2019s short trip from the White House to the event stage on the Potomac riverfront came more than a month after he began campaigning throughout the country for his jobs plan, building public pressure on Republicans but winning no votes from them.",
            "sentence-index": 7,
            "annotations": []
        },
        {
            "sentence": "Mr. Obama singled out the Republican leaders of the House and Senate \u2013 Speaker John A. Boehner of Ohio and Senator Mitch McConnell of Kentucky, the minority leader \u2013 just as he did in September when he visited an aging bridge over the Ohio River that connects their two states.",
            "sentence-index": 8,
            "annotations": []
        },
        {
            "sentence": "Mr. Obama said the two leaders and other Republicans had supported public-works investments in the past.",
            "sentence-index": 9,
            "annotations": []
        },
        {
            "sentence": "But Republicans oppose Mr. Obama\u2019s $447 billion job-creation plan, which also includes tax cuts for workers and employers and state aid to avoid layoffs of teachers, police officers and firefighters, because the package would be paid for with higher taxes on those with taxable income of more than $1 million a year.",
            "sentence-index": 10,
            "annotations": []
        },
        {
            "sentence": "For the same reason, some leading business groups, including the U.S. Chamber of Commerce and the Associated General Contractors of America, have withdrawn support for the infrastructure spending bill, though Mr. Obama cited the Chamber as a supporter in his remarks.",
            "sentence-index": 11,
            "annotations": []
        },
        {
            "sentence": "The House has declined to take up Mr. Obama\u2019s jobs package, while Senate Democrats could not muster the 60 votes needed to block a Republican filibuster against either the full $447 billion package or a $35 billion piece providing state aid, mostly for teachers\u2019 pay.",
            "sentence-index": 12,
            "annotations": []
        },
        {
            "sentence": "With White House support, Senate Democrats have broken the measure into its main parts to force Republicans to take a series of tough votes on proposals, each of which has broad public support, according to polls.",
            "sentence-index": 13,
            "annotations": []
        },
        {
            "sentence": "\u201cThe American people are with me with this,\u201d Mr. Obama said.",
            "sentence-index": 14,
            "annotations": []
        },
        {
            "sentence": "\u201cAnd it\u2019s time for folks running around spending all their time talking about what\u2019s wrong with America to spend some time rolling up their sleeves to help us make it right.",
            "sentence-index": 15,
            "annotations": [
                {
                    "start": 0,
                    "end": 173,
                    "target": "Senate Republicans",
                    "polarity": "Negative",
                    "aim": "Direct",
                    "indirect-target-name": "",
                    "indirect-ally-opponent-sentiment": "",
                    "bias": "Informational",
                    "quote": "Yes",
                    "speaker": "Barack Obama",
                    "text": "\u201cAnd it\u2019s time for folks running around spending all their time talking about what\u2019s wrong with America to spend some time rolling up their sleeves to help us make it right."
                }
            ]
        },
        {
            "sentence": "There\u2019s nothing wrong in this country that we can\u2019t fix.\u201d",
            "sentence-index": 16,
            "annotations": []
        },
        {
            "sentence": "The outcome in the Senate on the infrastructure spending provision, however, is not expected to be any different from the previous two votes.",
            "sentence-index": 17,
            "annotations": []
        },
        {
            "sentence": "Mr. Obama\u2019s transportation secretary, Ray LaHood, a former Republican congressman from Illinois, appeared with him at the Key Bridge and then went to the Capitol to meet with lawmakers.",
            "sentence-index": 18,
            "annotations": []
        },
        {
            "sentence": "In response to Mr. Obama, House Republicans said the Democratic-controlled Senate should take up some 16 House-passed measures; most would attack federal regulations or spending and would have long-term impact, analysts say, but they would not spur job creation in the coming year or two.",
            "sentence-index": 19,
            "annotations": []
        },
        {
            "sentence": "Mr. Boehner facetiously said that Mr. Obama, as a former Democratic senator, could help: \u201cI\u2019m sure he has great influence over there in terms of getting them to take up these bills that really will help put the American people back to work.\u201d",
            "sentence-index": 20,
            "annotations": [
                {
                    "start": 12,
                    "end": 23,
                    "target": "Senate Republicans",
                    "polarity": "Negative",
                    "aim": "Indirect (Ally)",
                    "indirect-target-name": "John Boehner",
                    "indirect-ally-opponent-sentiment": "Negative",
                    "bias": "Lexical",
                    "quote": "No",
                    "speaker": "",
                    "text": "facetiously"
                }
            ]
        }
    ]
}