{
    "source": "fox",
    "main-entities": [
        "John Boehner",
        "Democrats",
        "Republicans"
    ],
    "main-event": "John Boehner discusses chance GOP will lose House",
    "title": "Boehner: '1-in-3 chance' Republicans could lose House in November",
    "url": "http://www.foxnews.com/politics/2012/04/23/boehner-1-in-3-chance-gop-could-lose-house/?intcmp=related",
    "word-count": 371,
    "date": "2012-04-23",
    "article-level-annotations": {
        "author-sentiment": {
            "main-event": "Neutral",
            "John Boehner": "Neutral",
            "Democrats": "Neutral",
            "Republicans": "Neutral"
        },
        "stance": "Center"
    },
    "annotators": [
        "A",
        "C"
    ],
    "body": [
        {
            "sentence": "John Boehner is setting expectations high -- but apparently not too high -- for this year's congressional elections, telling Fox News that the Democrats have a chance of retaking the House.",
            "sentence-index": 0,
            "annotations": []
        },
        {
            "sentence": "The House speaker, in an interview with Fox News to air Tuesday morning, gave his Republican Party a \"two-in-three chance\" of holding on to control of the House after taking power in the 2010 elections.",
            "sentence-index": 1,
            "annotations": []
        },
        {
            "sentence": "\"But there's a one-in-three chance we could lose,\" Boehner said.",
            "sentence-index": 2,
            "annotations": []
        },
        {
            "sentence": "\"I'm being myself -- frank.",
            "sentence-index": 3,
            "annotations": []
        },
        {
            "sentence": "We've got a big challenge, and we've got work to do.\"",
            "sentence-index": 4,
            "annotations": []
        },
        {
            "sentence": "Democrats face an uphill battle in their efforts to take back the House, where Republicans hold a 242-190 seat advantage.",
            "sentence-index": 5,
            "annotations": []
        },
        {
            "sentence": "And control of the Senate could be up for grabs this year, too, with Democrats clinging to a fragile six-vote majority.",
            "sentence-index": 6,
            "annotations": [
                {
                    "start": 79,
                    "end": 100,
                    "target": "Democrats",
                    "polarity": "Negative",
                    "aim": "Direct",
                    "indirect-target-name": "",
                    "indirect-ally-opponent-sentiment": "",
                    "bias": "Lexical",
                    "quote": "No",
                    "speaker": "",
                    "text": "clinging to a fragile"
                }
            ]
        },
        {
            "sentence": "The oddsmakers who track congressional races with obsessive dedication project a handful of pickups for Republicans in the Senate -- but not necessarily enough to get to 51.",
            "sentence-index": 7,
            "annotations": []
        },
        {
            "sentence": "In the House, a flurry of redistricting decisions appears to be working as of late in the Democrats' favor, though the chaotic process has stung both parties repeatedly.",
            "sentence-index": 8,
            "annotations": []
        },
        {
            "sentence": "The Democrats would need 25 seats in the House to regain the majority -- a very steep climb in a year when neither party is particularly popular.",
            "sentence-index": 9,
            "annotations": []
        },
        {
            "sentence": "However, Democrats are thought to have far more safe seats than Republicans going into November.",
            "sentence-index": 10,
            "annotations": []
        },
        {
            "sentence": "Earlier this year, the Rothenberg Political Report projected a Democratic pick-up of between five and 12 seats.",
            "sentence-index": 11,
            "annotations": []
        },
        {
            "sentence": "In total, 33 Senate seats are in play this year, with 23 currently held by Democrats and 10 held by Republicans.",
            "sentence-index": 12,
            "annotations": []
        },
        {
            "sentence": "Ten of those 33 seats are open -- again, the state of play is in the Republicans' favor, with seven held by Democrats and three held by Republicans.",
            "sentence-index": 13,
            "annotations": []
        },
        {
            "sentence": "But while Republicans have several opportunities to pick off those Democrat-held seats, three races in particular could undermine those potential gains for the GOP. Republican Sens. Scott Brown in Massachusetts and Dean Heller in Nevada, who was appointed to fill the vacancy left by John Ensign, are both considered vulnerable.",
            "sentence-index": 14,
            "annotations": []
        },
        {
            "sentence": "And Sen. Olympia Snowe, a Republican from Maine, said she wouldn't seek re-election this year.",
            "sentence-index": 15,
            "annotations": []
        }
    ]
}