{
    "source": "hpo",
    "main-entities": [
        "John Boehner",
        "Democrats",
        "Republicans"
    ],
    "main-event": "John Boehner discusses chance GOP will lose House",
    "title": "John Boehner: '1 In 3 Chance' Republicans Lose Control Of House",
    "url": "https://www.huffingtonpost.com/2012/04/23/john-boehner-house-majority_n_1446992.html",
    "word-count": 273,
    "date": "2012-04-23",
    "article-level-annotations": {
        "author-sentiment": {
            "main-event": "Neutral",
            "John Boehner": "Neutral",
            "Democrats": "Neutral",
            "Republicans": "Neutral"
        },
        "stance": "Right"
    },
    "annotators": [
        "A",
        "C"
    ],
    "body": [
        {
            "sentence": "House Speaker John Boehner (R-Ohio) admitted there's a \"1 in 3\" chance that the Republicans will lose their majority in the House of Representatives in an interview Tuesday on Fox News' \"America\u2019s Newsroom.\"",
            "sentence-index": 0,
            "annotations": []
        },
        {
            "sentence": "\"I would say that there is a 2 in 3 chance that we win control of the House again.",
            "sentence-index": 1,
            "annotations": []
        },
        {
            "sentence": "But there\u2019s a 1 in 3 chance that we could lose.",
            "sentence-index": 2,
            "annotations": []
        },
        {
            "sentence": "And I\u2019m being myself, frank, we\u2019ve got a big challenge and we\u2019ve got work to do,\" he said to Fox News' Bill Hemmer.",
            "sentence-index": 3,
            "annotations": []
        },
        {
            "sentence": "Expanding on tough races, Boehner said, \"We have 50 of our members in tough races; 89 freshmen running for their first re-elections.",
            "sentence-index": 4,
            "annotations": []
        },
        {
            "sentence": "And we have 32 districts that are in states where there is no presidential campaign going to be run, no big Senate race and we call these orphan districts.\"",
            "sentence-index": 5,
            "annotations": []
        },
        {
            "sentence": "He went on, \"You take 18 of them -- California, Illinois and New York, where you know we\u2019re not likely to do well at the top of the ticket -- and those districts are frankly pretty vulnerable.\"",
            "sentence-index": 6,
            "annotations": []
        },
        {
            "sentence": "Boehner also dismissed top Obama campaign strategist David Axelrod's comment on Sunday that House Republicans are under a \"reign of terror\" brought about by the far right of their party.",
            "sentence-index": 7,
            "annotations": [
                {
                    "start": 123,
                    "end": 138,
                    "target": "Republicans",
                    "polarity": "Negative",
                    "aim": "Direct",
                    "indirect-target-name": "",
                    "indirect-ally-opponent-sentiment": "",
                    "bias": "Lexical",
                    "quote": "Yes",
                    "speaker": "Other (Anti-target)",
                    "text": "reign of terror"
                }
            ]
        },
        {
            "sentence": "\"That that is just outrageous talk,\" Boehner said.",
            "sentence-index": 8,
            "annotations": [
                {
                    "start": 1,
                    "end": 34,
                    "target": "Democrats",
                    "polarity": "Negative",
                    "aim": "Indirect (Ally)",
                    "indirect-target-name": "David Axelrod",
                    "indirect-ally-opponent-sentiment": "Negative",
                    "bias": "Informational",
                    "quote": "Yes",
                    "speaker": "John Boehner",
                    "text": "That that is just outrageous talk"
                }
            ]
        },
        {
            "sentence": "\"They\u2019re trying to make this election, as I said earlier, about anything other than the president\u2019s failed economic policies.",
            "sentence-index": 9,
            "annotations": [
                {
                    "start": 84,
                    "end": 124,
                    "target": "Democrats",
                    "polarity": "Negative",
                    "aim": "Indirect (Ally)",
                    "indirect-target-name": "Barack Obama",
                    "indirect-ally-opponent-sentiment": "Negative",
                    "bias": "Informational",
                    "quote": "Yes",
                    "speaker": "John Boehner",
                    "text": "the president\u2019s failed economic policies"
                }
            ]
        },
        {
            "sentence": "And so they\u2019re going to look for every boogeyman known to man,\" he said.",
            "sentence-index": 10,
            "annotations": [
                {
                    "start": 0,
                    "end": 61,
                    "target": "Democrats",
                    "polarity": "Negative",
                    "aim": "Direct",
                    "indirect-target-name": "",
                    "indirect-ally-opponent-sentiment": "",
                    "bias": "Informational",
                    "quote": "Yes",
                    "speaker": "John Boehner",
                    "text": "And so they\u2019re going to look for every boogeyman known to man"
                }
            ]
        },
        {
            "sentence": "\"Listen, if Republicans were walking in lockstep, my job would be a whole lot easier,\" he added.",
            "sentence-index": 11,
            "annotations": []
        }
    ]
}