{
    "main-event": "Flynn pleaded guilty",
    "main-entities": [
        "Michael Flynn",
        "Donald Trump"
    ],
    "title": "Trump calls Flynn treatment 'unfair,' claims Clinton 'lied many times' with impunity",
    "source": "fox",
    "url": "https://www.foxnews.com/politics/trump-calls-flynn-treatment-unfair-claims-clinton-lied-many-times-with-impunity",
    "date": "2017-12-04",
    "article-level-annotations": {
        "author-sentiment": {
            "main-event": "Neutral",
            "Michael Flynn": "Neutral",
            "Donald Trump": "Positive"
        },
        "stance": "Right"
    },
    "annotators": [
        "A",
        "B"
    ],
    "body": [
        {
            "sentence": "President Trump on Monday called the criminal case against former national security adviser Michael Flynn \u201cvery unfair,\u201d claiming he and Hillary Clinton both \u201clied\u201d to the FBI but only Flynn faced consequences.",
            "sentence-index": 0,
            "annotations": []
        },
        {
            "sentence": "The president\u2019s comments, made to reporters as he left Washington for a policy announcement in Utah, saw Trump wading deeper into the Flynn investigation even after a weekend tweet landed the White House in hot water.",
            "sentence-index": 1,
            "annotations": []
        },
        {
            "sentence": "On Monday, Trump said he feels \u201cbadly\u201d for Flynn, who pleaded guilty on Friday to giving false statements to the FBI about his Russia contacts.",
            "sentence-index": 2,
            "annotations": []
        },
        {
            "sentence": "\u201cHillary Clinton lied many times to the FBI, nothing happened to her. Flynn lied and they destroyed his life,\u201d Trump said. ",
            "sentence-index": 3,
            "annotations": [
                {
                    "start": 1,
                    "end": 108,
                    "target": "Michael Flynn",
                    "polarity": "Positive",
                    "aim": "Indirect (Opponent)",
                    "indirect-target-name": "Hillary Clinton",
                    "bias": "Informational",
                    "quote": "Yes",
                    "speaker": "Donald Trump",
                    "indirect-ally-opponent-sentiment": "Negative",
                    "text": "Hillary Clinton lied many times to the FBI, nothing happened to her. Flynn lied and they destroyed his life"
                }
            ]
        },
        {
            "sentence": "The president, without offering specifics, said his 2016 Democratic rival \u201clied many times\u201d during her FBI interview in early July.",
            "sentence-index": 4,
            "annotations": [
                {
                    "start": 15,
                    "end": 41,
                    "target": "Donald Trump",
                    "polarity": "Negative",
                    "aim": "Direct",
                    "bias": "Informational",
                    "quote": "No",
                    "speaker": "",
                    "indirect-ally-opponent-sentiment": "",
                    "text": "without offering specifics"
                }
            ]
        },
        {
            "sentence": "\u201cNothing happened to her. Flynn lied and it\u2019s like they ruined his life. Very unfair,\u201d Trump said, echoing a weekend tweet in which he asked whether a \u201cdouble standard\u201d was at play.",
            "sentence-index": 5,
            "annotations": [
                {
                    "start": 73,
                    "end": 84,
                    "target": "Michael Flynn",
                    "polarity": "Positive",
                    "aim": "Indirect (Opponent)",
                    "indirect-target-name": "Hillary Clinton",
                    "bias": "Informational",
                    "quote": "Yes",
                    "speaker": "Donald Trump",
                    "indirect-ally-opponent-sentiment": "Negative",
                    "text": "Very unfair"
                }
            ]
        },
        {
            "sentence": "Clinton was interviewed by FBI agents as part of the investigation into her exclusive use of a private email system while secretary of state. ",
            "sentence-index": 6,
            "annotations": []
        },
        {
            "sentence": "After that interview, then-FBI Director James Comey called her actions extremely careless without recommending criminal charges.",
            "sentence-index": 7,
            "annotations": []
        },
        {
            "sentence": "Trump also noted over the weekend that Clinton was not recorded or under oath during that interview.",
            "sentence-index": 8,
            "annotations": []
        },
        {
            "sentence": "On Sunday, Sen. Lindsey Graham, R-S.C., suggested Trump might want to think twice before tweeting and commenting on the Russia case. ",
            "sentence-index": 9,
            "annotations": []
        },
        {
            "sentence": "\u201cYou tweet and comment regarding ongoing criminal investigations at your own peril,\u201d he said on CBS\u2019 \u201cFace the Nation.\u201d",
            "sentence-index": 10,
            "annotations": []
        },
        {
            "sentence": "This was after Trump\u2019s account tweeted Saturday: \u201cI had to fire General Flynn because he lied to the Vice President and the FBI. ",
            "sentence-index": 11,
            "annotations": []
        },
        {
            "sentence": "He has pled guilty to those lies. ",
            "sentence-index": 12,
            "annotations": []
        },
        {
            "sentence": "It is a shame because his actions during the transition were lawful. ",
            "sentence-index": 13,
            "annotations": [
                {
                    "start": 0,
                    "end": 68,
                    "target": "Michael Flynn",
                    "polarity": "Negative",
                    "aim": "Direct",
                    "bias": "Informational",
                    "quote": "Yes",
                    "speaker": "Donald Trump",
                    "indirect-ally-opponent-sentiment": "",
                    "text": "It is a shame because his actions during the transition were lawful."
                }
            ]
        },
        {
            "sentence": "There was nothing to hide!\u201d",
            "sentence-index": 14,
            "annotations": []
        },
        {
            "sentence": "That tweet immediately caused problems for the White House, as some legal experts said it potentially exposed the president to obstruction of justice allegations \u2013 since, according to the tweet, he would have known Flynn lied to agents when he allegedly asked Comey to lay off the Flynn investigation and later fired Comey. ",
            "sentence-index": 15,
            "annotations": []
        },
        {
            "sentence": "Trump said earlier this year that he fired Flynn only for lying to Vice President Pence about the issue.",
            "sentence-index": 16,
            "annotations": []
        },
        {
            "sentence": "Trump\u2019s personal lawyer John Dowd later said he was the one who wrote that tweet, saying he \u201cdid not mean to break news.\u201d",
            "sentence-index": 17,
            "annotations": []
        },
        {
            "sentence": "Dowd attempted to explain Sunday that the tweet was referring to then-acting Attorney General Sally Yates telling White House Counsel Don McGahn in January that Flynn had \u201cgiven the agents the same story he gave the vice president.\u201d",
            "sentence-index": 18,
            "annotations": []
        },
        {
            "sentence": "He also said the agents seemed to think Flynn was confused. ",
            "sentence-index": 19,
            "annotations": []
        },
        {
            "sentence": "\u201cAll the president knew was that the department was not accusing him of lying,\u201d Dowd said.",
            "sentence-index": 20,
            "annotations": []
        },
        {
            "sentence": "Trump over the weekend denied that he asked Comey to stop investigating Flynn.",
            "sentence-index": 21,
            "annotations": []
        },
        {
            "sentence": "Sen. Dianne Feinstein, D-Calif., the top Democrat on the Senate Judiciary Committee, said on NBC\u2019s \u201cMeet the Press\u201d on Sunday that the panel has begun to see \"the putting together of a case of obstruction of justice\" against Trump.",
            "sentence-index": 22,
            "annotations": []
        },
        {
            "sentence": "Flynn is now cooperating with Special Counsel Robert Mueller\u2019s investigators in the Russia meddling case, though it\u2019s unclear what exactly he might reveal about Trump and his associates.",
            "sentence-index": 23,
            "annotations": [
                {
                    "start": 106,
                    "end": 185,
                    "target": "Donald Trump",
                    "polarity": "Negative",
                    "aim": "Direct",
                    "bias": "Informational",
                    "quote": "No",
                    "speaker": "",
                    "indirect-ally-opponent-sentiment": "",
                    "text": "though it\u2019s unclear what exactly he might reveal about Trump and his associates"
                }
            ]
        },
        {
            "sentence": "",
            "sentence-index": 24,
            "annotations": []
        }
    ]
}