{
    "main-event": "Rep Etheridge apologizes for grabbing a young man",
    "main-entities": [
        "Bob Etheridge"
    ],
    "title": "N.C. Congressman Apologizes for Physical Confrontation With Man in Washington",
    "source": "fox",
    "url": "https://www.foxnews.com/politics/n-c-congressman-apologizes-for-physical-confrontation-with-man-in-washington",
    "date": "2010-06-14",
    "article-level-annotations": {
        "author-sentiment": {
            "main-event": "Neutral",
            "Bob Etheridge": "Negative"
        },
        "stance": "Center"
    },
    "annotators": [
        "A",
        "B"
    ],
    "body": [
        {
            "sentence": "Three days after an Internet video surfaced showing North Carolina Rep. Bob Etheridge in a physical confrontation with a young man, the lawmaker said he is \"profoundly\" sorry for the tussle on a Washington street.",
            "sentence-index": 0,
            "annotations": []
        },
        {
            "sentence": "Etheridge, a Democrat, is seen in an amateur video grabbing the wrist and neck of an unidentified young man after the man approached the congressman and asked if he supported the \"Obama agenda.\"",
            "sentence-index": 1,
            "annotations": []
        },
        {
            "sentence": "\"No matter how partisan and no matter how difficult things get sometimes, that's no excuse for my response,\" he added, shortly after releasing a written statement in which he said he \"profoundly\" regrets the incident.",
            "sentence-index": 2,
            "annotations": []
        },
        {
            "sentence": "The video, posted to YouTube last Friday, shows the man, who appears to be in his early 20s and who identifies himself as a student, approaching Etheridge on the sidewalk.",
            "sentence-index": 3,
            "annotations": []
        },
        {
            "sentence": "Etheridge is then seen trying to snatch a cell phone camera out of the student's hands. He then grabs the man's wrist and refuses to let go.",
            "sentence-index": 4,
            "annotations": [
                {
                    "start": 0,
                    "end": 140,
                    "target": "Bob Etheridge",
                    "polarity": "Negative",
                    "aim": "Direct",
                    "bias": "Informational",
                    "quote": "No",
                    "speaker": "",
                    "indirect-ally-opponent-sentiment": "",
                    "text": "Etheridge is then seen trying to snatch a cell phone camera out of the student's hands. He then grabs the man's wrist and refuses to let go."
                }
            ]
        },
        {
            "sentence": "\"Who are you!\" the seven-term congressman demands.",
            "sentence-index": 5,
            "annotations": [
                {
                    "start": 12,
                    "end": 13,
                    "target": "Bob Etheridge",
                    "polarity": "Negative",
                    "aim": "Direct",
                    "bias": "Lexical",
                    "quote": "No",
                    "speaker": "",
                    "indirect-ally-opponent-sentiment": "",
                    "text": "!"
                },
                {
                    "start": 42,
                    "end": 49,
                    "target": "Bob Etheridge",
                    "polarity": "Negative",
                    "aim": "Direct",
                    "bias": "Lexical",
                    "quote": "No",
                    "speaker": "",
                    "indirect-ally-opponent-sentiment": "",
                    "text": "demands"
                }
            ]
        },
        {
            "sentence": "\"Tell me who you are ... I have a right to know who you are.\"",
            "sentence-index": 6,
            "annotations": []
        },
        {
            "sentence": "Another man, not seen on camera, then tells Etheridge, \"We're just here for a project.\"",
            "sentence-index": 7,
            "annotations": []
        },
        {
            "sentence": "When the man asks Etheridge to \"please let go of me,\" the congressman then grabs him by the neck.",
            "sentence-index": 8,
            "annotations": [
                {
                    "start": 0,
                    "end": 97,
                    "target": "Bob Etheridge",
                    "polarity": "Negative",
                    "aim": "Direct",
                    "bias": "Informational",
                    "quote": "No",
                    "speaker": "",
                    "indirect-ally-opponent-sentiment": "",
                    "text": "When the man asks Etheridge to \"please let go of me,\" the congressman then grabs him by the neck."
                }
            ]
        },
        {
            "sentence": "Etheridge told reporters that he hasn't apologized to the young men involved because \"I dont know who they are.\"",
            "sentence-index": 9,
            "annotations": []
        },
        {
            "sentence": "\"I would if I knew who they were,\" he said.",
            "sentence-index": 10,
            "annotations": []
        },
        {
            "sentence": "\"I've been spat at, pushed and threatened before but that's no excuse,\" he added, saying that the incident occurred after a \"long day.\"",
            "sentence-index": 11,
            "annotations": [
                {
                    "start": 124,
                    "end": 135,
                    "target": "Bob Etheridge",
                    "polarity": "Negative",
                    "aim": "Direct",
                    "bias": "Lexical",
                    "quote": "No",
                    "speaker": "",
                    "indirect-ally-opponent-sentiment": "",
                    "text": "\"long day.\""
                }
            ]
        },
        {
            "sentence": "\"His conduct is unbecoming of a member of Congress.",
            "sentence-index": 12,
            "annotations": [
                {
                    "start": 0,
                    "end": 51,
                    "target": "Bob Etheridge",
                    "polarity": "Negative",
                    "aim": "Direct",
                    "bias": "Informational",
                    "quote": "Yes",
                    "speaker": "Other (Anti-target)",
                    "indirect-ally-opponent-sentiment": "",
                    "text": "\"His conduct is unbecoming of a member of Congress."
                }
            ]
        },
        {
            "sentence": "It's bad enough that he's joined Obama's assault on North Carolina jobs, but his physical assault on a college student goes beyond the pale.\"",
            "sentence-index": 13,
            "annotations": [
                {
                    "start": 0,
                    "end": 141,
                    "target": "Bob Etheridge",
                    "polarity": "Negative",
                    "aim": "Direct",
                    "bias": "Informational",
                    "quote": "Yes",
                    "speaker": "Other (Anti-target)",
                    "indirect-ally-opponent-sentiment": "",
                    "text": "It's bad enough that he's joined Obama's assault on North Carolina jobs, but his physical assault on a college student goes beyond the pale.\""
                }
            ]
        },
        {
            "sentence": "Mike Flynn, a conservative blogger for biggovernment.com, wrote that the confrontation occurred last week outside a fundraiser headlined by House Speaker Nancy Pelosi.",
            "sentence-index": 14,
            "annotations": []
        },
        {
            "sentence": "The video, which was posted on YouTube by \"DCCameraGuy,\" does not reveal the identity of the men making the tape.",
            "sentence-index": 15,
            "annotations": []
        },
        {
            "sentence": "Etheridge, who has represented North Carolina's 2nd Congressional District since 1997, is running for re-election against Republican Renee Ellmers, a registered nurse, in November.",
            "sentence-index": 16,
            "annotations": []
        },
        {
            "sentence": "Political observers have predicted that the 68-year-old congressman will likely hold on to his seat.",
            "sentence-index": 17,
            "annotations": []
        },
        {
            "sentence": "Etheridge, a member of the House Ways and Means and Budget committees, voted in favor of President Obama's health care overhaul legislation as well as the Democratic climate change bill known by opponents as cap-and-trade.",
            "sentence-index": 18,
            "annotations": []
        },
        {
            "sentence": "",
            "sentence-index": 19,
            "annotations": []
        }
    ]
}