{
    "main-event": "Rep Etheridge apologizes for grabbing a young man",
    "main-entities": [
        "Bob Etheridge"
    ],
    "source": "nyt",
    "url": "https://archive.nytimes.com/query.nytimes.com/gst/fullpage-9E03E1D61E3DF936A25755C0A9669D8B63.html",
    "date": "2010-06-15",
    "title": "Etheridge, Caught on Video, Apologizes ",
    "article-level-annotations": {
        "author-sentiment": {
            "main-event": "Neutral",
            "Bob Etheridge": "Negative"
        },
        "stance": "Center"
    },
    "annotators": [
        "A",
        "B"
    ],
    "body": [
        {
            "sentence": "Representative Bob Etheridge, Democrat of North Carolina, issued an apology on Monday for grabbing a young man by the hand, arm and neck \u2013 as a video camera rolled \u2013 as the man tried to ask him whether he supports President Obama\u2019s agenda.",
            "sentence-index": 0,
            "annotations": []
        },
        {
            "sentence": "\u201cI deeply and profoundly regret my reaction and I apologize to all involved,\u201d Mr. Etheridge said in a statement. ",
            "sentence-index": 1,
            "annotations": []
        },
        {
            "sentence": "\u201cThroughout my many years of service to the people of North Carolina, I have always tried to treat people from all viewpoints with respect. ",
            "sentence-index": 2,
            "annotations": []
        },
        {
            "sentence": "No matter how intrusive and partisan our politics can become, this does not justify a poor response.\u201d",
            "sentence-index": 3,
            "annotations": []
        },
        {
            "sentence": "He added, \u201cI have and I will always work to promote a civil public discourse.\u201d",
            "sentence-index": 4,
            "annotations": []
        },
        {
            "sentence": "A young man, dressed in a jacket and tie, approached the congressman on a sidewalk, saying: \u201cHi, Congressman. How are you? Do you fully support the Obama agenda?\u201d",
            "sentence-index": 5,
            "annotations": [
                {
                    "start": 13,
                    "end": 40,
                    "target": "Bob Etheridge",
                    "polarity": "Negative",
                    "aim": "Indirect (Opponent)",
                    "indirect-target-name": "young man",
                    "bias": "Informational",
                    "quote": "No",
                    "speaker": "",
                    "indirect-ally-opponent-sentiment": "Positive",
                    "text": "dressed in a jacket and tie"
                }
            ]
        },
        {
            "sentence": "Mr. Etheridge, a seven-term House member, can be seen on the video repeatedly asking the young man to identify himself. ",
            "sentence-index": 6,
            "annotations": []
        },
        {
            "sentence": "After a few seconds, the congressman grabs the camera and the young man.",
            "sentence-index": 7,
            "annotations": []
        },
        {
            "sentence": "\u201cTell me who you are,\u201d Mr. Etheridge said. \u201cTell me who you are.\u201d",
            "sentence-index": 8,
            "annotations": []
        },
        {
            "sentence": "The young man is not identified in the video, which was made last week. ",
            "sentence-index": 9,
            "annotations": []
        },
        {
            "sentence": "A second person accompanying him pulled out another camera to record the congressman\u2019s actions. ",
            "sentence-index": 10,
            "annotations": []
        },
        {
            "sentence": "The video received widespread attention on Monday after it was posted on the Web site of Andrew Breitbart, a conservative Web publisher and former editor of The Drudge Report. ",
            "sentence-index": 11,
            "annotations": []
        },
        {
            "sentence": "It was circulated by the National Republican Congressional Committee.",
            "sentence-index": 12,
            "annotations": []
        },
        {
            "sentence": "\u201cBob Etheridge has lost it,\u201d said Jon Thompson, a Republican spokesman. ",
            "sentence-index": 13,
            "annotations": [
                {
                    "start": 1,
                    "end": 26,
                    "target": "Bob Etheridge",
                    "polarity": "Negative",
                    "aim": "Direct",
                    "bias": "Informational",
                    "quote": "Yes",
                    "speaker": "Other (Anti-target)",
                    "indirect-ally-opponent-sentiment": "",
                    "text": "Bob Etheridge has lost it"
                }
            ]
        },
        {
            "sentence": "\u201cHis conduct is unbecoming of a member of Congress.\u201d",
            "sentence-index": 14,
            "annotations": [
                {
                    "start": 0,
                    "end": 52,
                    "target": "Bob Etheridge",
                    "polarity": "Negative",
                    "aim": "Direct",
                    "bias": "Informational",
                    "quote": "Yes",
                    "speaker": "Other (Anti-target)",
                    "indirect-ally-opponent-sentiment": "",
                    "text": "\u201cHis conduct is unbecoming of a member of Congress.\u201d"
                }
            ]
        },
        {
            "sentence": "Mr. Etheridge, who represents a conservative district south of Raleigh, faces a re-election challenge, but his race is not among the top Republican targets in the country. ",
            "sentence-index": 15,
            "annotations": []
        },
        {
            "sentence": "He won two years ago by 36 percentage points, and Mr. Obama carried his district by 6 percent.",
            "sentence-index": 16,
            "annotations": []
        },
        {
            "sentence": "Vice President Joseph R. Biden Jr. resumed the White House campaign for gun control on Tuesday by reporting on executive action taken unilaterally by the administration and pressing Congress to take up legislation again.",
            "sentence-index": 17,
            "annotations": []
        }
    ]
}