{
    "source": "fox",
    "main-entities": [
        "Elizabeth Lauten",
        "Barack Obama",
        "Sasha and Malia Obama"
    ],
    "main-event": "Elizabeth Lauten apologizes for criticizing Obama daughters",
    "title": "Aide to GOP lawmaker apologizes for Facebook post ripping Obama daughters",
    "url": "http://www.foxnews.com/politics/2014/11/30/aide-to-gop-lawmaker-apologizes-for-facebook-post-ripping-obama-daughters.html",
    "word-count": 288,
    "date": "2014-11-30",
    "article-level-annotations": {
        "author-sentiment": {
            "main-event": "Neutral",
            "Elizabeth Lauten": "Neutral",
            "Barack Obama": "Neutral",
            "Sasha and Malia Obama": "Neutral"
        },
        "stance": "Center"
    },
    "annotators": [
        "A",
        "C"
    ],
    "body": [
        {
            "sentence": "The communications director for a Republican member of Congress had to apologize Saturday for a Facebook post critical of the first daughters during President Barack Obama's Thanksgiving address earlier this week.",
            "sentence-index": 0,
            "annotations": []
        },
        {
            "sentence": "Elizabeth Lauten wrote in a now-deleted Facebook post Friday that Malia and Sasha Obama, aged 16 and 13 respectively, should \"try showing a little class\" and described their outfits as more appropriate for \"a spot at the bar.\"",
            "sentence-index": 1,
            "annotations": [
                {
                    "start": 126,
                    "end": 152,
                    "target": "Sasha and Malia Obama",
                    "polarity": "Negative",
                    "aim": "Direct",
                    "indirect-target-name": "",
                    "indirect-ally-opponent-sentiment": "",
                    "bias": "Informational",
                    "quote": "Yes",
                    "speaker": "Elizabeth Lauten",
                    "text": "try showing a little class"
                },
                {
                    "start": 28,
                    "end": 39,
                    "target": "Elizabeth Lauten",
                    "polarity": "Negative",
                    "aim": "Direct",
                    "indirect-target-name": "",
                    "indirect-ally-opponent-sentiment": "",
                    "bias": "Informational",
                    "quote": "No",
                    "speaker": "",
                    "text": "now-deleted"
                }
            ]
        },
        {
            "sentence": "\"Rise to the occasion.",
            "sentence-index": 2,
            "annotations": []
        },
        {
            "sentence": "Dress like you deserve respect ... And certainly don\u2019t make faces during televised, public events.\" added Lauten, who works for Rep. Stephen Fincher, R-Tenn.",
            "sentence-index": 3,
            "annotations": [
                {
                    "start": 0,
                    "end": 30,
                    "target": "Sasha and Malia Obama",
                    "polarity": "Negative",
                    "aim": "Direct",
                    "indirect-target-name": "",
                    "indirect-ally-opponent-sentiment": "",
                    "bias": "Informational",
                    "quote": "Yes",
                    "speaker": "Elizabeth Lauten",
                    "text": "Dress like you deserve respect"
                }
            ]
        },
        {
            "sentence": "The communications pro also took a shot at President Obama and the first lady, writing \"your mother and father don\u2019t respect their positions very much, or the nation for that matter, so I\u2019m guessing you\u2019re coming up a little short in the 'good role model' department.\u201d",
            "sentence-index": 4,
            "annotations": [
                {
                    "start": 88,
                    "end": 181,
                    "target": "Barack Obama",
                    "polarity": "Negative",
                    "aim": "Direct",
                    "indirect-target-name": "",
                    "indirect-ally-opponent-sentiment": "",
                    "bias": "Informational",
                    "quote": "Yes",
                    "speaker": "Elizabeth Lauten",
                    "text": "your mother and father don\u2019t respect their positions very much, or the nation for that matter"
                },
                {
                    "start": 28,
                    "end": 39,
                    "target": "Elizabeth Lauten",
                    "polarity": "Negative",
                    "aim": "Direct",
                    "indirect-target-name": "",
                    "indirect-ally-opponent-sentiment": "",
                    "bias": "Lexical",
                    "quote": "No",
                    "speaker": "",
                    "text": "took a shot"
                }
            ]
        },
        {
            "sentence": "The girls accompanied their daughter to Wednesday's ceremony, in which he pardoned two turkeys named Mac and Cheese.",
            "sentence-index": 5,
            "annotations": []
        },
        {
            "sentence": "The tradition of Thanksgiving turkeys being presented to the president dates back to 1947, with the turkey pardon being permanently instituted in 1989.",
            "sentence-index": 6,
            "annotations": []
        },
        {
            "sentence": "Lauten later apologized for her original post, writing \"I quickly judged the two young ladies in a way that I would never have wanted to be judged myself as a teenager.",
            "sentence-index": 7,
            "annotations": []
        },
        {
            "sentence": "After many hours of prayer, talking to my parents, and re-reading my words online I can see more clearly just how hurtful my words were. ...",
            "sentence-index": 8,
            "annotations": [
                {
                    "start": 0,
                    "end": 140,
                    "target": "Elizabeth Lauten",
                    "polarity": "Positive",
                    "aim": "Direct",
                    "indirect-target-name": "",
                    "indirect-ally-opponent-sentiment": "",
                    "bias": "Informational",
                    "quote": "Yes",
                    "speaker": "Elizabeth Lauten",
                    "text": "After many hours of prayer, talking to my parents, and re-reading my words online I can see more clearly just how hurtful my words were. ..."
                }
            ]
        },
        {
            "sentence": "I pledge to learn and grow (and I assure you I have) from this experience.\"",
            "sentence-index": 9,
            "annotations": []
        },
        {
            "sentence": "The Washington Post reported that Lauten had confirmed that she had made both Facebook postings attributed to her.",
            "sentence-index": 10,
            "annotations": []
        },
        {
            "sentence": "Neither the White House nor Fincher made any public comment about the issue Saturday.",
            "sentence-index": 11,
            "annotations": []
        }
    ]
}