{
    "source": "fox",
    "main-entities": [
        "Rick Santorum",
        "Barack Obama"
    ],
    "main-event": "Rick Santorum defends his comments on Obama",
    "title": "Santorum: 'Phony theology' comment was about energy policy, not Christian faith",
    "url": "http://www.foxnews.com/politics/2012/02/19/santorum-talks-economy-with-phony-theology-comment-but-social-debate-ensues/",
    "word-count": 581,
    "date": "2012-02-19",
    "article-level-annotations": {
        "author-sentiment": {
            "main-event": "Neutral",
            "Rick Santorum": "Neutral",
            "Barack Obama": "Neutral"
        },
        "stance": "Left"
    },
    "annotators": [
        "A",
        "C"
    ],
    "body": [
        {
            "sentence": "Rick Santorum said Sunday he wasn't questioning whether President Obama is a Christian when he referred to his \"phony theology\" over the weekend, but was in fact challenging policies that he says place the stewardship of the Earth above the welfare of people living on it.",
            "sentence-index": 0,
            "annotations": []
        },
        {
            "sentence": "\"I wasn't suggesting the president's not a Christian.",
            "sentence-index": 1,
            "annotations": []
        },
        {
            "sentence": "I accept the fact that the president is a Christian,\" Santorum said.",
            "sentence-index": 2,
            "annotations": []
        },
        {
            "sentence": "\"I was talking about the radical environmentalist,\" he said.",
            "sentence-index": 3,
            "annotations": []
        },
        {
            "sentence": "\"I was talking about energy, this idea that man is here to serve the Earth as opposed to husband its resources and be good stewards of the Earth.",
            "sentence-index": 4,
            "annotations": []
        },
        {
            "sentence": "And I think that is a phony ideal.",
            "sentence-index": 5,
            "annotations": []
        },
        {
            "sentence": "\"I don't believe that that's what we're here to do.",
            "sentence-index": 6,
            "annotations": []
        },
        {
            "sentence": "That man is here to use the resources and use them wisely, to care for the Earth, to be a steward of the Earth, but we're not here to serve the Earth.",
            "sentence-index": 7,
            "annotations": []
        },
        {
            "sentence": "The Earth is not the objective. Man is the objective.",
            "sentence-index": 8,
            "annotations": []
        },
        {
            "sentence": "And I think a lot of radical environmentalists have it upside down,\" Santorum said.",
            "sentence-index": 9,
            "annotations": []
        },
        {
            "sentence": "But the president's campaign, responding forcefully to the new frontrunner in the GOP race, said the remark is a personal affront.",
            "sentence-index": 10,
            "annotations": []
        },
        {
            "sentence": "\"I can't help but think that those remarks are well over the line.",
            "sentence-index": 11,
            "annotations": []
        },
        {
            "sentence": "It's wrong. It's destructive,\" said Robert Gibbs, the president's former press secretary who is now working on Obama's reelection effort.",
            "sentence-index": 12,
            "annotations": [
                {
                    "start": 0,
                    "end": 28,
                    "target": "Rick Santorum",
                    "polarity": "Negative",
                    "aim": "Direct",
                    "indirect-target-name": "",
                    "indirect-ally-opponent-sentiment": "",
                    "bias": "Lexical",
                    "quote": "Yes",
                    "speaker": "Other (Anti-target)",
                    "text": "It's wrong. It's destructive"
                }
            ]
        },
        {
            "sentence": "\"It's time to get rid of this.",
            "sentence-index": 13,
            "annotations": []
        },
        {
            "sentence": "It's time to have a debate on our political positions, but not question each other's character and faith,\" he said.",
            "sentence-index": 14,
            "annotations": []
        },
        {
            "sentence": "Obama campaign deputy press secretary Ben Labolt also issued a statement Saturday shortly after Santorum told voters that Obama's agenda is \"not about you.",
            "sentence-index": 15,
            "annotations": []
        },
        {
            "sentence": "It's not about your quality of life. It's not about your jobs. It's about some phony ideal.",
            "sentence-index": 16,
            "annotations": [
                {
                    "start": 79,
                    "end": 84,
                    "target": "Barack Obama",
                    "polarity": "Negative",
                    "aim": "Direct",
                    "indirect-target-name": "",
                    "indirect-ally-opponent-sentiment": "",
                    "bias": "Lexical",
                    "quote": "Yes",
                    "speaker": "Rick Santorum",
                    "text": "phony"
                }
            ]
        },
        {
            "sentence": "Some phony theology. Not a theology based on the Bible. A different theology.\"",
            "sentence-index": 17,
            "annotations": [
                {
                    "start": 5,
                    "end": 10,
                    "target": "Barack Obama",
                    "polarity": "Negative",
                    "aim": "Direct",
                    "indirect-target-name": "",
                    "indirect-ally-opponent-sentiment": "",
                    "bias": "Lexical",
                    "quote": "Yes",
                    "speaker": "Rick Santorum",
                    "text": "phony"
                }
            ]
        },
        {
            "sentence": "The comment was \"the latest low in a Republican primary campaign that has been fueled by distortions, ugliness, and searing pessimism and negativity.\"",
            "sentence-index": 18,
            "annotations": [
                {
                    "start": 17,
                    "end": 148,
                    "target": "Rick Santorum",
                    "polarity": "Negative",
                    "aim": "Direct",
                    "indirect-target-name": "",
                    "indirect-ally-opponent-sentiment": "",
                    "bias": "Informational",
                    "quote": "Yes",
                    "speaker": "Other (Anti-target)",
                    "text": "the latest low in a Republican primary campaign that has been fueled by distortions, ugliness, and searing pessimism and negativity"
                }
            ]
        },
        {
            "sentence": "It was \"a stark contrast with the president who is focused everyday on creating jobs and restoring economic security for the middle class,\" LaBolt said.",
            "sentence-index": 19,
            "annotations": [
                {
                    "start": 8,
                    "end": 137,
                    "target": "Barack Obama",
                    "polarity": "Positive",
                    "aim": "Direct",
                    "indirect-target-name": "",
                    "indirect-ally-opponent-sentiment": "",
                    "bias": "Informational",
                    "quote": "Yes",
                    "speaker": "Other (Pro-target)",
                    "text": "a stark contrast with the president who is focused everyday on creating jobs and restoring economic security for the middle class"
                }
            ]
        },
        {
            "sentence": "Santorum, who has pulled ahead of Mitt Romney in polling for the 2012 Republican presidential primary nod, said Sunday that when he used the word \"theology\" he was referring to a \"world view that elevates the Earth above man.\"",
            "sentence-index": 20,
            "annotations": []
        },
        {
            "sentence": "That world view, Santorum continued, suggests that man could harm the Earth by using the resources available even while relying on claims that \"frankly are just not scientifically proven, for example, the politicization of the whole global warming debate.\"",
            "sentence-index": 21,
            "annotations": []
        },
        {
            "sentence": "\"I mean, this is just all an attempt to, you know, to centralize power and to give more power to the government,\" Santorum said.",
            "sentence-index": 22,
            "annotations": []
        },
        {
            "sentence": "Santorum said he never questioned the president's faith and repeatedly said he believes Obama is a Christian.",
            "sentence-index": 23,
            "annotations": []
        },
        {
            "sentence": "\"He says he is a Christian.",
            "sentence-index": 24,
            "annotations": []
        },
        {
            "sentence": "But I am talking about his world view or his -- the way he approaches problems in this country.",
            "sentence-index": 25,
            "annotations": []
        },
        {
            "sentence": "And I think they're different than how most people do in America,\" he said.",
            "sentence-index": 26,
            "annotations": []
        },
        {
            "sentence": "But while Gibbs said it's time to get off the \"mindset that if we disagree, we have to disqualify each other\" comments like Santorum's show that the GOP primary \"has been a race to the bottom.",
            "sentence-index": 27,
            "annotations": [
                {
                    "start": 162,
                    "end": 191,
                    "target": "Rick Santorum",
                    "polarity": "Negative",
                    "aim": "Indirect (Ally)",
                    "indirect-target-name": "GOP",
                    "indirect-ally-opponent-sentiment": "Negative",
                    "bias": "Informational",
                    "quote": "Yes",
                    "speaker": "Other (Anti-target)",
                    "text": "has been a race to the bottom"
                }
            ]
        },
        {
            "sentence": "We have seen nastiness, divisiveness, ugliness, distortions of opponents' records, of the president's record.\"",
            "sentence-index": 28,
            "annotations": [
                {
                    "start": 0,
                    "end": 108,
                    "target": "Rick Santorum",
                    "polarity": "Negative",
                    "aim": "Direct",
                    "indirect-target-name": "",
                    "indirect-ally-opponent-sentiment": "",
                    "bias": "Informational",
                    "quote": "Yes",
                    "speaker": "Other (Anti-target)",
                    "text": "We have seen nastiness, divisiveness, ugliness, distortions of opponents' records, of the president's record"
                }
            ]
        },
        {
            "sentence": "Santorum appeared on CBS' \"Face the Nation.\"",
            "sentence-index": 29,
            "annotations": []
        },
        {
            "sentence": "Gibbs was on ABC's \"This Week.\"",
            "sentence-index": 30,
            "annotations": []
        }
    ]
}