{
    "source": "hpo",
    "main-entities": [
        "Kathy Griffin",
        "Donald Trump"
    ],
    "main-event": "Kathy Griffin apologizes for photo shoot with a fake bloody Donald Trump head",
    "title": "Kathy Griffin Apologizes For Controversial Images Of Bloodied Trump Head",
    "url": "https://www.huffingtonpost.com/entry/so-heres-a-photo-of-kathy-griffin-beheading-donald-trump_us_592dbd5ce4b0c0608e8bdb08",
    "word-count": 647,
    "date": "2017-05-30",
    "article-level-annotations": {
        "author-sentiment": {
            "main-event": "Neutral",
            "Kathy Griffin": "Negative",
            "Donald Trump": "Neutral"
        },
        "stance": "Center"
    },
    "annotators": [
        "A",
        "B"
    ],
    "body": [
        {
            "sentence": "Kathy Griffin Apologizes For Controversial Images Of Bloodied Trump Head",
            "sentence-index": 0,
            "annotations": []
        },
        {
            "sentence": "This feels like an \u201cAmerica\u2019s Next Top Model\u201d challenge gone so horribly wrong.",
            "sentence-index": 1,
            "annotations": []
        },
        {
            "sentence": "Kathy Griffin has made a career out of shocking her public by telling stories of Lindsay Lohan\u2019s fire crotch and simulating oral sex with Anderson Cooper on CNN, but she took things to a whole new level with a controversial photo shoot.",
            "sentence-index": 2,
            "annotations": [
                {
                    "start": 62,
                    "end": 160,
                    "target": "Kathy Griffin",
                    "polarity": "Negative",
                    "aim": "Direct",
                    "indirect-target-name": "",
                    "indirect-ally-opponent-sentiment": "",
                    "bias": "Informational",
                    "quote": "No",
                    "speaker": "",
                    "text": "telling stories of Lindsay Lohan\u2019s fire crotch and simulating oral sex with Anderson Cooper on CNN"
                }
            ]
        },
        {
            "sentence": "Shot by celebrity photographer and director Tyler Shields, the comedian stares the camera down in one photo, as she holds what resembles the bloody head of President Donald Trump.",
            "sentence-index": 3,
            "annotations": []
        },
        {
            "sentence": "\u201cKathy is all about pushing the limits and she went above and beyond on this one.",
            "sentence-index": 4,
            "annotations": []
        },
        {
            "sentence": "Now lets just hope she stays out of jail,\u201d a representative for Shields told HuffPost.",
            "sentence-index": 5,
            "annotations": []
        },
        {
            "sentence": "In other (and considerably less gory) photos shot by Shields, Griffin poses by the pool in a revealing leather getup as a man holding a camera stands above her.",
            "sentence-index": 6,
            "annotations": []
        },
        {
            "sentence": "According to New York Magazine writer Yashar Ali, Griffin claims that the image is an \u201cexpression of art\u201d inspired by Trump\u2019s comments about former Fox News correspondent Megyn Kelly having \u201cblood coming out of her eyes\u201d and \u201cout of her \u2014 wherever.\u201d",
            "sentence-index": 7,
            "annotations": []
        },
        {
            "sentence": "After news of the photo shoot broke, Griffin took to Twitter to explain her motivations behind the image and reiterate that she does not condone violence in any way.",
            "sentence-index": 8,
            "annotations": []
        },
        {
            "sentence": "She does, however, condone \u201cmocking the Mocker in Chief.\u201d",
            "sentence-index": 9,
            "annotations": []
        },
        {
            "sentence": "UPDATE - May 30, 10 p.m.: Kathy Griffin issued a formal apology for the controversial images on Twitter.",
            "sentence-index": 10,
            "annotations": []
        },
        {
            "sentence": "\u201cI went way too far,\u201d she said in a video on the social media site.",
            "sentence-index": 11,
            "annotations": []
        },
        {
            "sentence": "UPDATE - May 30, 5:20 p.m.: Hours after Kathy Griffin\u2019s photo shoot with a fake bloody Donald Trump head made the internet rounds, the official Twitter account for the U.S. Secret Service has issued a statement.",
            "sentence-index": 12,
            "annotations": []
        },
        {
            "sentence": "A Secret Service representative confirmed to HuffPost that the following tweets were in direct response to the controversial image.",
            "sentence-index": 13,
            "annotations": []
        },
        {
            "sentence": "\u201cOn it! @SecretService has a robust protective intelligence division that monitors open source reporting & social media to evaluate threats,\u201d the tweets read.",
            "sentence-index": 14,
            "annotations": []
        },
        {
            "sentence": "\u201cThreats made against @SecretService protectees receive the highest priority of all of our investigations,\u201d with the hashtag #ProtectionNeverRests.",
            "sentence-index": 15,
            "annotations": []
        }
    ]
}