{
    "source": "hpo",
    "main-entities": [
        "BuzzFeed",
        "Robert Mueller",
        "Donald Trump",
        "Michael Cohen"
    ],
    "main-event": "Mueller\u2019s office disputes BuzzFeed report",
    "title": "Mueller Disputes BuzzFeed Report That Trump Told Michael Cohen To Lie To Congress",
    "url": "https://www.huffingtonpost.com/entry/mueller-denial-buzzfeed-trump-cohen_us_5c427385e4b027c3bbc1d076",
    "word-count": 584,
    "date": "2019-01-18",
    "article-level-annotations": {
        "author-sentiment": {
            "main-event": "Neutral",
            "BuzzFeed": "Neutral",
            "Robert Mueller": "Neutral",
            "Donald Trump": "Neutral",
            "Michael Cohen": "Neutral"
        },
        "stance": "Center"
    },
    "annotators": [
        "A",
        "B"
    ],
    "body": [
        {
            "sentence": "In a rare statement issued Friday night, special counsel Robert Mueller\u2019s team disputed BuzzFeed\u2019s explosive report Thursday that said President Donald Trump directed attorney Michael Cohen to lie to Congress.",
            "sentence-index": 0,
            "annotations": []
        },
        {
            "sentence": "Peter Carr, a spokesman for the special counsel, told BuzzFeed that its \u201cdescription\u201d of statements to Mueller\u2019s office, as well as the \u201ccharacterization\u201d of documents and testimony the office obtained, was inaccurate.",
            "sentence-index": 1,
            "annotations": [
                {
                    "start": 72,
                    "end": 85,
                    "target": "BuzzFeed",
                    "polarity": "Positive",
                    "aim": "Indirect (General)",
                    "indirect-target-name": "Robert Mueller",
                    "indirect-ally-opponent-sentiment": "Neutral",
                    "bias": "Lexical",
                    "quote": "No",
                    "speaker": "",
                    "text": "\u201cdescription\u201d"
                },
                {
                    "start": 136,
                    "end": 154,
                    "target": "BuzzFeed",
                    "polarity": "Positive",
                    "aim": "Indirect (General)",
                    "indirect-target-name": "Robert Mueller",
                    "indirect-ally-opponent-sentiment": "Neutral",
                    "bias": "Lexical",
                    "quote": "No",
                    "speaker": "",
                    "text": "\u201ccharacterization\u201d"
                }
            ]
        },
        {
            "sentence": "\u201cBuzzFeed\u2019s description of specific statements to the Special Counsel\u2019s Office, and characterization of documents and testimony obtained by this office, regarding Michael Cohen\u2019s Congressional testimony are not accurate,\u201d Carr told BuzzFeed.",
            "sentence-index": 2,
            "annotations": []
        },
        {
            "sentence": "The special counsel\u2019s statement adds more confusion over what Mueller\u2019s team knows in its ongoing investigation into President Donald Trump\u2019s ties to Russia.",
            "sentence-index": 3,
            "annotations": []
        },
        {
            "sentence": "Citing two federal law enforcement officials involved in the investigation, BuzzFeed\u2019s Thursday night report claimed that Trump directed Cohen to lie about negotiations over a Trump Tower in Moscow.",
            "sentence-index": 4,
            "annotations": []
        },
        {
            "sentence": "Mueller\u2019s office, the report said, learned of Trump\u2019s orders to Cohen \u201cthrough interviews with multiple witnesses from the Trump Organization and internal company emails, text messages, and a cache of other documents.\u201d",
            "sentence-index": 5,
            "annotations": []
        },
        {
            "sentence": "According to BuzzFeed, \u201cCohen then acknowledged those instructions during his interviews with that office.\u201d",
            "sentence-index": 6,
            "annotations": []
        },
        {
            "sentence": "Responding to the statement from Mueller\u2019s office on their report, BuzzFeed Editor-in-Chief Ben Smith said it stands by its reporting and asked the special counsel\u2019s office to clarify its statement.",
            "sentence-index": 7,
            "annotations": []
        },
        {
            "sentence": "\u201cWe stand by our reporting and the sources who informed it, and we urge the Special Counsel to make clear what he\u2019s disputing,\u201d Smith tweeted.",
            "sentence-index": 8,
            "annotations": []
        },
        {
            "sentence": "In a follow-up statement on Saturday, a BuzzFeed spokesman told The New York Times that the news site had \u201cre-confirmed\u201d its reporting and seen \u201cno indication that any specific aspect of our story is inaccurate.\u201d",
            "sentence-index": 9,
            "annotations": []
        },
        {
            "sentence": "The special counsel\u2019s statement Friday homed in on the statements, documents and testimony that was obtained by Mueller, but it did not directly dispute that Trump had directed Cohen to lie to Congress, nor did it make mention of the Trump Tower deal in Moscow.",
            "sentence-index": 10,
            "annotations": []
        },
        {
            "sentence": "BuzzFeed\u2019s original reporting sent Democrats on Capitol Hill into a furor as it suggested that Trump may have obstructed justice, thus providing grounds for impeachment or criminal charges.",
            "sentence-index": 11,
            "annotations": []
        },
        {
            "sentence": "Some top Democrats called on Mueller to release what his team knows about Trump\u2019s Moscow deal as a matter of public duty.",
            "sentence-index": 12,
            "annotations": []
        },
        {
            "sentence": "In a strong statement issued Friday night, Sen. Dianne Feinstein joined a chorus of her Democratic colleagues in threatening serious action, including impeachment, against Trump if the allegations proved true.",
            "sentence-index": 13,
            "annotations": []
        },
        {
            "sentence": "Feinstein is a ranking member of the Senate Judiciary Committee.",
            "sentence-index": 14,
            "annotations": [
                {
                    "start": 0,
                    "end": 64,
                    "target": "Donald Trump",
                    "polarity": "Negative",
                    "aim": "Indirect (Opponent)",
                    "indirect-target-name": "Dianne Feinstein",
                    "indirect-ally-opponent-sentiment": "Positive",
                    "bias": "Informational",
                    "quote": "No",
                    "speaker": "",
                    "text": "Feinstein is a ranking member of the Senate Judiciary Committee."
                }
            ]
        },
        {
            "sentence": "\u201cWe\u2019ve previously known about attempts to develop Trump Tower Moscow and the misrepresentations surrounding those efforts,\u201d Feinstein said.",
            "sentence-index": 15,
            "annotations": []
        },
        {
            "sentence": "\u201cNow, media reports say President Trump directed Michael Cohen to lie to Congress about that business deal,\u201d Feinstein continued.",
            "sentence-index": 16,
            "annotations": []
        },
        {
            "sentence": "\u201cIf true, the president committed a crime and must be held accountable.\u201d",
            "sentence-index": 17,
            "annotations": []
        },
        {
            "sentence": "Earlier Friday, chairman of the House Intelligence Committee Rep. Adam Schiff (D-Calif.) revealed that his committee had already begun searching for witnesses and documents to confirm BuzzFeed\u2019s report. ",
            "sentence-index": 18,
            "annotations": []
        },
        {
            "sentence": "\u201cOur committee is already working to secure additional witness testimony and documents related to the Trump Tower Moscow deal and other investigative matters,\u201d Schiff said.",
            "sentence-index": 19,
            "annotations": []
        },
        {
            "sentence": "\u201cAs a counterintelligence concern of the greatest magnitude, and given that these alleged efforts were intended to interfere with our investigation, our Committee is determined to get to the bottom of this and follow the evidence wherever it may lead,\u201d he added.",
            "sentence-index": 20,
            "annotations": []
        },
        {
            "sentence": "Trump has maintained he is innocent and on Friday accused Cohen of lying to the special counsel in order to reduce his jail time.",
            "sentence-index": 21,
            "annotations": [
                {
                    "start": 58,
                    "end": 128,
                    "target": "Michael Cohen",
                    "polarity": "Negative",
                    "aim": "Direct",
                    "indirect-target-name": "",
                    "indirect-ally-opponent-sentiment": "",
                    "bias": "Informational",
                    "quote": "No",
                    "speaker": "",
                    "text": "Cohen of lying to the special counsel in order to reduce his jail time"
                }
            ]
        }
    ]
}