{
    "main-event": "Mueller\u2019s office disputes BuzzFeed report",
    "main-entities": [
        "BuzzFeed",
        "Robert Mueller",
        "Donald Trump",
        "Michael Cohen"
    ],
    "title": "Mueller Statement Disputes Report That Trump Directed Cohen to Lie",
    "source": "nyt",
    "url": "https://www.nytimes.com/2019/01/18/us/politics/buzzfeed-cohen-russia-tower.html",
    "date": "2019-01-18",
    "article-level-annotations": {
        "author-sentiment": {
            "main-event": "Neutral",
            "BuzzFeed": "Neutral",
            "Robert Mueller": "Neutral",
            "Donald Trump": "Neutral",
            "Michael Cohen": "Negative"
        },
        "stance": "Left"
    },
    "annotators": [
        "A",
        "B"
    ],
    "body": [
        {
            "sentence": "WASHINGTON \u2014 The special counsel investigating Russian interference in the 2016 election disputed on Friday a report that said President Trump had directed Michael D. Cohen, his longtime lawyer and fixer, to lie to Congress about his role in negotiations to build a skyscraper in Moscow.",
            "sentence-index": 0,
            "annotations": []
        },
        {
            "sentence": "The rare public statement by a spokesman for the special counsel, Robert S. Mueller III, challenged the facts of an article published by BuzzFeed News on Thursday saying that Mr. Cohen had told prosecutors about being pressured by the president before his congressional testimony.",
            "sentence-index": 1,
            "annotations": []
        },
        {
            "sentence": "\u201cBuzzFeed\u2019s description of specific statements to the special counsel\u2019s office, and characterization of documents and testimony obtained by this office, regarding Michael Cohen\u2019s congressional testimony are not accurate,\u201d said the spokesman, Peter Carr.",
            "sentence-index": 2,
            "annotations": []
        },
        {
            "sentence": "Before Mr. Carr\u2019s statement, the BuzzFeed report led to a flurry of reactions by senior members of Congress who said that the allegations, if true, could be grounds for initiating impeachment proceedings against Mr. Trump.",
            "sentence-index": 3,
            "annotations": []
        },
        {
            "sentence": "The president himself responded on Twitter late Friday, calling the special counsel\u2019s statement \u201ca very sad day for journalism, but a great day for our Country!\u201d",
            "sentence-index": 4,
            "annotations": [
                {
                    "start": 97,
                    "end": 159,
                    "target": "BuzzFeed",
                    "polarity": "Negative",
                    "aim": "Direct",
                    "indirect-target-name": "",
                    "indirect-ally-opponent-sentiment": "",
                    "bias": "Informational",
                    "quote": "Yes",
                    "speaker": "Donald Trump",
                    "text": "a very sad day for journalism, but a great day for our Country"
                }
            ]
        },
        {
            "sentence": "A proven effort by Mr. Trump to pressure a witness to commit perjury would be one of the most damning revelations so far in the investigation into Russia\u2019s attempts to sabotage the 2016 presidential election and could be the cornerstone of a case that the president obstructed justice to keep investigators at bay.",
            "sentence-index": 5,
            "annotations": []
        },
        {
            "sentence": "Both the White House and lawyers for Mr. Trump vigorously denied the BuzzFeed report even before the special counsel\u2019s office weighed in.",
            "sentence-index": 6,
            "annotations": [
                {
                    "start": 47,
                    "end": 57,
                    "target": "BuzzFeed",
                    "polarity": "Negative",
                    "aim": "Direct",
                    "indirect-target-name": "",
                    "indirect-ally-opponent-sentiment": "",
                    "bias": "Lexical",
                    "quote": "No",
                    "speaker": "",
                    "text": "vigorously"
                }
            ]
        },
        {
            "sentence": "\u201cTwo words sum it up better than anything anybody else can say, and that is \u2019categorically false,\u2019\u201d the White House press secretary, Sarah Huckabee Sanders, told reporters on Friday.",
            "sentence-index": 7,
            "annotations": []
        },
        {
            "sentence": "BuzzFeed News maintained that its report was accurate, its editor, Ben Smith, said after Mr. Mueller\u2019s office disputed the account.",
            "sentence-index": 8,
            "annotations": []
        },
        {
            "sentence": "\u201cWe stand by our reporting and the sources who informed it, and we urge the Special Counsel to make clear what he\u2019s disputing,\u201d Mr. Smith said on Twitter.",
            "sentence-index": 9,
            "annotations": [
                {
                    "start": 64,
                    "end": 125,
                    "target": "Robert Mueller",
                    "polarity": "Negative",
                    "aim": "Direct",
                    "indirect-target-name": "",
                    "indirect-ally-opponent-sentiment": "",
                    "bias": "Informational",
                    "quote": "Yes",
                    "speaker": "BuzzFeed",
                    "text": "we urge the Special Counsel to make clear what he\u2019s disputing"
                }
            ]
        },
        {
            "sentence": "The statement by Mr. Carr, the special counsel\u2019s spokesman, was unusual because it appeared to be the first time he had publicly challenged the facts of a news media account that had generated significant attention for its revelations about the president.",
            "sentence-index": 10,
            "annotations": []
        },
        {
            "sentence": "The New York Times has not independently confirmed the BuzzFeed report.",
            "sentence-index": 11,
            "annotations": []
        },
        {
            "sentence": "One person familiar with Mr. Cohen\u2019s testimony to the special counsel\u2019s prosecutors said that Mr. Cohen did not state that the president had pressured him to lie to Congress.",
            "sentence-index": 12,
            "annotations": []
        },
        {
            "sentence": "Representative Adam B. Schiff, Democrat of California and chairman of the House Intelligence Committee, said that his panel would investigate the BuzzFeed report and was \u201calready working to secure additional witness testimony and documents related to the Trump Tower Moscow deal and other investigative matters.\u201d",
            "sentence-index": 13,
            "annotations": []
        },
        {
            "sentence": "If true, Mr. Schiff said, the allegations \u201cwould constitute both the subornation of perjury as well as obstruction of justice.\u201d",
            "sentence-index": 14,
            "annotations": []
        },
        {
            "sentence": "Representative Joaquin Castro of Texas, another Democratic member of the House Intelligence Committee, wrote in a tweet that \u201cif the @BuzzFeed story is true, President Trump must resign or be impeached.\u201d",
            "sentence-index": 15,
            "annotations": []
        },
        {
            "sentence": "Senator Mark Warner of Virginia, the top Democrat on the Senate Intelligence Committee, told reporters on Friday that the panel expected Mr. Cohen to be back to testify privately in early February.",
            "sentence-index": 16,
            "annotations": []
        },
        {
            "sentence": "The report added another jolt to a chaotic week for the White House, which has had to fend off questions about recent revelations that F.B.I. counterintelligence agents began investigating Mr. Trump in 2017 and that Mr. Trump has tried to conceal the details from senior administration officials about his interactions with President Vladimir V. Putin of Russia.",
            "sentence-index": 17,
            "annotations": []
        },
        {
            "sentence": "In a December court filing, prosecutors working for Mr. Mueller described how Mr. Cohen had repeatedly lied to Congress both about the length of negotiations over the Trump Tower Moscow deal and about Mr. Trump\u2019s involvement in the project.",
            "sentence-index": 18,
            "annotations": []
        },
        {
            "sentence": "Mr. Cohen had told lawmakers that the negotiations ended in January 2016 \u2014 before the first presidential primaries \u2014 and were never discussed extensively among executives of the Trump Organization.",
            "sentence-index": 19,
            "annotations": []
        },
        {
            "sentence": "In fact, according to prosecutors, the discussions continued as late as June 2016, after Mr. Trump was the presumptive Republican presidential nominee.",
            "sentence-index": 20,
            "annotations": []
        },
        {
            "sentence": "They also said Mr. Cohen discussed the progress of the Moscow project with Mr. Trump more frequently than he had told the committee and had briefed members of Mr. Trump\u2019s family about the negotiations.",
            "sentence-index": 21,
            "annotations": []
        },
        {
            "sentence": "When he appeared in court to plead guilty to lying to Congress, Mr. Cohen said he had concealed his interactions with Russian officials and the fact that he asked Mr. Trump to travel to Russia to promote the deal because he wanted to support Mr. Trump\u2019s \u201cpolitical messaging.\u201d",
            "sentence-index": 22,
            "annotations": []
        },
        {
            "sentence": "That day, Mr. Trump defended his role in the Trump Tower Moscow discussions, brushing aside concerns that he was advancing his business interests at the time he was hoping to become president.",
            "sentence-index": 23,
            "annotations": []
        },
        {
            "sentence": "\u201cThere was a good chance that I wouldn\u2019t have won, in which case I would have gotten back into the business, and why should I lose lots of opportunities?\u201d he told reporters.",
            "sentence-index": 24,
            "annotations": []
        },
        {
            "sentence": "Mr. Cohen drafted his statement to Congress in August 2017 along with Steven Ryan, his lawyer at the time, according to people familiar with how the testimony was put together.",
            "sentence-index": 25,
            "annotations": []
        },
        {
            "sentence": "Mr. Ryan was working with lawyers for the Trump family as part of a joint defense agreement.",
            "sentence-index": 26,
            "annotations": []
        },
        {
            "sentence": "At least one of Mr. Trump\u2019s personal lawyers saw Mr. Cohen\u2019s congressional testimony before he delivered it in August and October 2017, according to people with knowledge of the discussions.",
            "sentence-index": 27,
            "annotations": []
        },
        {
            "sentence": "Mr. Cohen initially repeated his false statements about the Moscow tower to prosecutors working for Mr. Mueller after he pleaded guilty in August to campaign finance violations and financial crimes.",
            "sentence-index": 28,
            "annotations": []
        },
        {
            "sentence": "But he corrected himself during subsequent interviews and proved credible, the special counsel\u2019s office said in a December sentencing memo.",
            "sentence-index": 29,
            "annotations": []
        },
        {
            "sentence": "Mr. Cohen said he initially lied because he did not want to contradict his congressional testimony, prosecutors said.",
            "sentence-index": 30,
            "annotations": []
        },
        {
            "sentence": "Subsequently, he took care \u201cnot to overstate his knowledge or the role of others in the conduct under investigation\u201d and provided \u201cuseful information\u201d about his contacts with \u201cpersons connected to the White House\u201d in 2017 and 2018, the special counsel\u2019s filing said.",
            "sentence-index": 31,
            "annotations": []
        },
        {
            "sentence": "That truthfulness was a departure from Mr. Cohen\u2019s pattern of deception throughout his professional life, according to a separate sentencing memo by federal prosecutors in New York, filed at the same time as Mr. Mueller\u2019s.",
            "sentence-index": 32,
            "annotations": [
                {
                    "start": 0,
                    "end": 104,
                    "target": "Michael Cohen",
                    "polarity": "Negative",
                    "aim": "Direct",
                    "indirect-target-name": "",
                    "indirect-ally-opponent-sentiment": "",
                    "bias": "Informational",
                    "quote": "No",
                    "speaker": "",
                    "text": "That truthfulness was a departure from Mr. Cohen\u2019s pattern of deception throughout his professional life"
                }
            ]
        },
        {
            "sentence": "Driven by greed, they said, he \u201crepeatedly used his power and influence for deceptive ends.\u201d",
            "sentence-index": 33,
            "annotations": [
                {
                    "start": 0,
                    "end": 92,
                    "target": "Michael Cohen",
                    "polarity": "Negative",
                    "aim": "Direct",
                    "indirect-target-name": "",
                    "indirect-ally-opponent-sentiment": "",
                    "bias": "Informational",
                    "quote": "No",
                    "speaker": "",
                    "text": "Driven by greed, they said, he \u201crepeatedly used his power and influence for deceptive ends.\u201d"
                }
            ]
        },
        {
            "sentence": "Mr. Cohen was sentenced in December to three years in prison for lying to Congress, campaign finance violations and financial crimes.",
            "sentence-index": 34,
            "annotations": []
        },
        {
            "sentence": "He said he took full responsibility for his crimes, but said he acted out of blind loyalty to Mr. Trump, who he said \u201cled me to choose a path of darkness over light.\u201d",
            "sentence-index": 35,
            "annotations": [
                {
                    "start": 118,
                    "end": 164,
                    "target": "Donald Trump",
                    "polarity": "Negative",
                    "aim": "Direct",
                    "indirect-target-name": "",
                    "indirect-ally-opponent-sentiment": "",
                    "bias": "Informational",
                    "quote": "Yes",
                    "speaker": "Michael Cohen",
                    "text": "led me to choose a path of darkness over light"
                }
            ]
        },
        {
            "sentence": "During his nomination hearing this week to become attorney general, William P. Barr was asked if the president would have committed a crime if he had coached a witness to testify falsely \u2014 or not to testify at all.",
            "sentence-index": 36,
            "annotations": []
        },
        {
            "sentence": "\u201cYes,\u201d Mr. Barr said. \u201cUnder an obstruction statute, yes.\u201d",
            "sentence-index": 37,
            "annotations": []
        }
    ]
}