{
    "source": "fox",
    "main-entities": [
        "Paul Ryan",
        "Catholics"
    ],
    "main-event": "Georgetown Catholics challenge Paul Ryan",
    "title": "Ryan facing Catholic prof complaints over budget comments ahead of Georgetown speech",
    "url": "http://www.foxnews.com/politics/2012/04/25/gop-ryan-set-for-georgetown-speech-says-budget-addresses-poor-needs",
    "word-count": 456,
    "date": "2012-04-25",
    "article-level-annotations": {
        "author-sentiment": {
            "main-event": "Neutral",
            "Paul Ryan": "Neutral",
            "Catholics": "Neutral"
        },
        "stance": "Center"
    },
    "annotators": [
        "A",
        "C"
    ],
    "body": [
        {
            "sentence": "GOP Rep. Paul Ryan is heading to Georgetown University for a speech Thursday morning, but not before an old-fashioned, Catholic school knuckle-rapping.",
            "sentence-index": 0,
            "annotations": [
                {
                    "start": 104,
                    "end": 150,
                    "target": "Catholics",
                    "polarity": "Negative",
                    "aim": "Direct",
                    "indirect-target-name": "",
                    "indirect-ally-opponent-sentiment": "",
                    "bias": "Lexical",
                    "quote": "No",
                    "speaker": "",
                    "text": "old-fashioned, Catholic school knuckle-rapping"
                }
            ]
        },
        {
            "sentence": "A group of nearly 90 professors and administrators connected to the Jesuit-founded school in Washington, D.C., has sent Ryan, R-Wis., a letter saying he\u2019s misused Catholic doctrine to support his deficit-reducing, GOP House budget.",
            "sentence-index": 1,
            "annotations": []
        },
        {
            "sentence": "\u201cWe appreciate your willingness to talk about how Catholic social teaching can help inform effective policy in dealing with the urgent challenges facing our country,\u201d the letter states.",
            "sentence-index": 2,
            "annotations": []
        },
        {
            "sentence": "\u201cHowever, we would be remiss \u2026 if we did not challenge your continuing misuse of Catholic teaching to defend a budget plan that decimates food programs for struggling families, radically weakens protections for the elderly and sick and gives more tax breaks to the wealthiest few.\u201d",
            "sentence-index": 3,
            "annotations": [
                {
                    "start": 55,
                    "end": 279,
                    "target": "Paul Ryan",
                    "polarity": "Negative",
                    "aim": "Direct",
                    "indirect-target-name": "",
                    "indirect-ally-opponent-sentiment": "",
                    "bias": "Informational",
                    "quote": "Yes",
                    "speaker": "Catholics",
                    "text": "your continuing misuse of Catholic teaching to defend a budget plan that decimates food programs for struggling families, radically weakens protections for the elderly and sick and gives more tax breaks to the wealthiest few"
                }
            ]
        },
        {
            "sentence": "Ryan, since introducing the budget last month, has talked about the doctrine in several interviews including one a couple weeks ago on the Christian Broadcasting Network.",
            "sentence-index": 4,
            "annotations": []
        },
        {
            "sentence": "In that interview, he invoked the Catholic teaching of \"subsidiarity,\" saying it means \"not having big government crowd out civic society, but ... having enough space in our communities so that we can interact with each other\" and take care of people.",
            "sentence-index": 5,
            "annotations": []
        },
        {
            "sentence": "\"To me, the principle of subsidiarity, which is really federalism, meaning government closest to the people governs best,\" he said.",
            "sentence-index": 6,
            "annotations": []
        },
        {
            "sentence": "The Georgetown University letter argues, though, that Ryan misappropriated the Catholic teaching as a \u201crationale for gutting government programs.\u201d",
            "sentence-index": 7,
            "annotations": [
                {
                    "start": 59,
                    "end": 146,
                    "target": "Paul Ryan",
                    "polarity": "Negative",
                    "aim": "Direct",
                    "indirect-target-name": "",
                    "indirect-ally-opponent-sentiment": "",
                    "bias": "Informational",
                    "quote": "No",
                    "speaker": "",
                    "text": "misappropriated the Catholic teaching as a \u201crationale for gutting government programs.\u201d"
                }
            ]
        },
        {
            "sentence": "The writers acknowledge that the teaching indeed calls for local-level solutions to problems but say it is \u201cnot a free pass to dismantle government\u201d and requires higher levels of government.",
            "sentence-index": 8,
            "annotations": []
        },
        {
            "sentence": "The statement also quotes from the U.S. Conference of Catholic Bishops' letters to Congress saying budgets cannot rely on disproportionate cuts in essential services to the poor.",
            "sentence-index": 9,
            "annotations": []
        },
        {
            "sentence": "Ryan, a Catholic and chairman of the House Budget Committee, said last week the letters do not express the views of all U.S. bishops, a point on which the conference disagrees.",
            "sentence-index": 10,
            "annotations": []
        },
        {
            "sentence": "Georgetown's Public Policy Institute, which is hosting the upcoming Ryan lecture, said Wednesday the event is still scheduled for Thursday morning.",
            "sentence-index": 11,
            "annotations": []
        },
        {
            "sentence": "\"Chairman Ryan remains grateful for Georgetown's invitation to advance a thoughtful dialogue this week on his efforts to avert a looming debt crisis that would hurt the poor the first and the worst,\u201d a Ryan spokesman said.",
            "sentence-index": 12,
            "annotations": []
        },
        {
            "sentence": "\u201cHe looks forward to affirming our shared commitment to a preferential option for the poor, which of course does not mean a preferential option for bigger government.\"",
            "sentence-index": 13,
            "annotations": []
        },
        {
            "sentence": "Ryan, who was raised on Social Security benefits after his father died, also on Fox News defended his budget against the conference, saying for instance that the concept of denying tax credits to illegal immigrants is merely \"following through on policy\" that has had bipartisan support.",
            "sentence-index": 14,
            "annotations": [
                {
                    "start": 6,
                    "end": 70,
                    "target": "Paul Ryan",
                    "polarity": "Negative",
                    "aim": "Direct",
                    "indirect-target-name": "",
                    "indirect-ally-opponent-sentiment": "",
                    "bias": "Informational",
                    "quote": "No",
                    "speaker": "",
                    "text": "who was raised on Social Security benefits after his father died"
                }
            ]
        }
    ]
}