{
    "source": "fox",
    "main-entities": [
        "Vicente Fox",
        "Felipe Calder",
        "Donald Trump"
    ],
    "main-event": "Fox and Calder say Mexico isn't paying for border wall",
    "title": "Former Mexican President Fox to Trump: We won't pay for 'that f***ing wall!'",
    "url": "http://latino.foxnews.com/latino/politics/2016/02/25/former-mexican-president-fox-to-trump-wont-pay-for-that-fing-wall/",
    "word-count": 551,
    "date": "2016-02-25",
    "article-level-annotations": {
        "author-sentiment": {
            "main-event": "Neutral",
            "Vicente Fox": "Neutral",
            "Felipe Calder": "Neutral",
            "Donald Trump": "Neutral"
        },
        "stance": "Right"
    },
    "annotators": [
        "A",
        "C"
    ],
    "body": [
        {
            "sentence": "Former Mexican President Vincente Fox made it loud and clear that he won\u2019t be chipping in for any part of Donald Trump\u2019s proposed wall along the U.S.-Mexico border.",
            "sentence-index": 0,
            "annotations": []
        },
        {
            "sentence": "\"I\u2019m not going to pay for that f***ing wall!\u201d Fox told Jorge Ramos in an interview for Fusion.",
            "sentence-index": 1,
            "annotations": []
        },
        {
            "sentence": "\u201cHe should pay for it. He\u2019s got the money.\u201d",
            "sentence-index": 2,
            "annotations": []
        },
        {
            "sentence": "While Fox said that he believes that Americans will not elect the real estate tycoon to the White House, he is concerned about the results of the Nevada caucus, in which, according to entrance polls, Trump won 44 percent of the Hispanic vote.",
            "sentence-index": 3,
            "annotations": []
        },
        {
            "sentence": "\"I would like to know who those Hispanics are, because they are followers of a false prophet,\" Fox said.",
            "sentence-index": 4,
            "annotations": [
                {
                    "start": 79,
                    "end": 92,
                    "target": "Donald Trump",
                    "polarity": "Negative",
                    "aim": "Direct",
                    "indirect-target-name": "",
                    "indirect-ally-opponent-sentiment": "",
                    "bias": "Lexical",
                    "quote": "Yes",
                    "speaker": "Vicente Fox",
                    "text": "false prophet"
                }
            ]
        },
        {
            "sentence": "\"He\u2019s going to take them to the desert, and if they think that they will benefit with an administration led by Donald Trump, they\u2019re wrong.",
            "sentence-index": 5,
            "annotations": []
        },
        {
            "sentence": "They must open their eyes. Please, you Hispanics in the U.S. \u2013 open your eyes.\"",
            "sentence-index": 6,
            "annotations": []
        },
        {
            "sentence": "Fox added, \"It is not to defend our race, it is not to defend our creed, but to defend the same nation that is hosting you.",
            "sentence-index": 7,
            "annotations": []
        },
        {
            "sentence": "This nation is going to fail if it falls into the hands of a crazy man.\"",
            "sentence-index": 8,
            "annotations": [
                {
                    "start": 61,
                    "end": 70,
                    "target": "Donald Trump",
                    "polarity": "Negative",
                    "aim": "Direct",
                    "indirect-target-name": "",
                    "indirect-ally-opponent-sentiment": "",
                    "bias": "Lexical",
                    "quote": "Yes",
                    "speaker": "Vicente Fox",
                    "text": "crazy man"
                }
            ]
        },
        {
            "sentence": "The former Mexican president, who led the country from 2000 to 2006, also questioned Trump\u2019s allegiance to the Republican party, or, for that matter, any political party.",
            "sentence-index": 9,
            "annotations": []
        },
        {
            "sentence": "\"He\u2019s not a Republican. Absolutely not,\u201d Fox said.",
            "sentence-index": 10,
            "annotations": []
        },
        {
            "sentence": "\u201cThose are not Republican principles. He is not a Democrat. He is just himself. He is egocentric.\"",
            "sentence-index": 11,
            "annotations": [
                {
                    "start": 60,
                    "end": 96,
                    "target": "Donald Trump",
                    "polarity": "Negative",
                    "aim": "Direct",
                    "indirect-target-name": "",
                    "indirect-ally-opponent-sentiment": "",
                    "bias": "Informational",
                    "quote": "Yes",
                    "speaker": "Vicente Fox",
                    "text": "He is just himself. He is egocentric"
                }
            ]
        },
        {
            "sentence": "The comments from Fox echo those of his successor, Felipe Calder\u00f3n, who a week ago asserted that Mexico will not pay for a border wall.",
            "sentence-index": 12,
            "annotations": []
        },
        {
            "sentence": "\u201cMexican people, we are not going to pay a single cent for such a stupid wall!",
            "sentence-index": 13,
            "annotations": [
                {
                    "start": 66,
                    "end": 72,
                    "target": "Donald Trump",
                    "polarity": "Negative",
                    "aim": "Indirect (Ally)",
                    "indirect-target-name": "border wall",
                    "indirect-ally-opponent-sentiment": "Negative",
                    "bias": "Lexical",
                    "quote": "Yes",
                    "speaker": "Felipe Calder",
                    "text": "stupid"
                }
            ]
        },
        {
            "sentence": "And it's going to be completely useless,\u201d Calder\u00f3n told CNBC.",
            "sentence-index": 14,
            "annotations": [
                {
                    "start": 0,
                    "end": 39,
                    "target": "Donald Trump",
                    "polarity": "Negative",
                    "aim": "Indirect (Ally)",
                    "indirect-target-name": "border wall",
                    "indirect-ally-opponent-sentiment": "Negative",
                    "bias": "Informational",
                    "quote": "Yes",
                    "speaker": "Felipe Calder",
                    "text": "And it's going to be completely useless"
                }
            ]
        },
        {
            "sentence": "For months, Trump has stood by his initial comments about building a border wall and getting Mexico to pay for it.",
            "sentence-index": 15,
            "annotations": []
        },
        {
            "sentence": "The morning after Calder\u00f3n made the comments, the GOP front-runner appeared on MSNBC's \"Morning Joe.\"",
            "sentence-index": 16,
            "annotations": []
        },
        {
            "sentence": "\u201cI heard the head of Mexico said \u2018no way,\u2019 and I said, \u2018Now the wall just got taller,\u201d Trump said.",
            "sentence-index": 17,
            "annotations": []
        },
        {
            "sentence": "Fox\u2019s interview on Fusion comes about 6 months after Ramos had his own very public skirmish with Trump in which the Spanish-language news icon confronted the billionaire during a press conference in Iowa \u2013 prompting the candidate's security team to remove Ramos from the room.",
            "sentence-index": 18,
            "annotations": []
        },
        {
            "sentence": "Ramos later returned and Trump took several of his questions.",
            "sentence-index": 19,
            "annotations": []
        },
        {
            "sentence": "\u201cHe tried to silence me,\u201d the Mexican-born journalist told Fox News\u2019 Megyn Kelly in August.",
            "sentence-index": 20,
            "annotations": []
        },
        {
            "sentence": "\u201cAnd in this country, you cannot do that.",
            "sentence-index": 21,
            "annotations": []
        },
        {
            "sentence": "I\u2019m a citizen. I\u2019m an immigrant. I\u2019m a reporter.",
            "sentence-index": 22,
            "annotations": []
        },
        {
            "sentence": "And I have the right in this country to ask any question I want, to whomever I want.\u201d",
            "sentence-index": 23,
            "annotations": []
        },
        {
            "sentence": "Ramos\u2019 interview with Fox also occurred as U.S. Vice President Joe Biden paid a visit to Mexico for an economic summit.",
            "sentence-index": 24,
            "annotations": []
        },
        {
            "sentence": "Biden made a thinly-veiled attack on Trump on Thursday, decrying the reality TV star\u2019s \"dangerous\" rhetoric.",
            "sentence-index": 25,
            "annotations": [
                {
                    "start": 65,
                    "end": 86,
                    "target": "Donald Trump",
                    "polarity": "Negative",
                    "aim": "Direct",
                    "indirect-target-name": "",
                    "indirect-ally-opponent-sentiment": "",
                    "bias": "Informational",
                    "quote": "No",
                    "speaker": "",
                    "text": "the reality TV star\u2019s"
                }
            ]
        },
        {
            "sentence": "\"Some of the rhetoric coming from some presidential candidates of the other team are, I think, dangerous, damaging and incredibly ill-advised,\" Biden said, according to AFP.",
            "sentence-index": 26,
            "annotations": [
                {
                    "start": 95,
                    "end": 141,
                    "target": "Donald Trump",
                    "polarity": "Negative",
                    "aim": "Direct",
                    "indirect-target-name": "",
                    "indirect-ally-opponent-sentiment": "",
                    "bias": "Informational",
                    "quote": "Yes",
                    "speaker": "Other (Anti-target)",
                    "text": "dangerous, damaging and incredibly ill-advised"
                }
            ]
        },
        {
            "sentence": "\"I'm here to tell you: They do not, they do not, they do not represent the view of the vast majority of the American people.\u201d",
            "sentence-index": 27,
            "annotations": []
        }
    ]
}