{
    "source": "hpo",
    "main-entities": [
        "Vicente Fox",
        "Felipe Calder",
        "Donald Trump"
    ],
    "main-event": "Fox and Calder say Mexico isn't paying for border wall",
    "title": "Former Mexican President: 'I'm Not Going To Pay For That F**king Wall'",
    "url": "https://www.huffingtonpost.com/entry/vicente-fox-donald-trump-mexico-wall_us_56cf5008e4b0bf0dab3132b5",
    "word-count": 256,
    "date": "2016-02-25",
    "article-level-annotations": {
        "author-sentiment": {
            "main-event": "Neutral",
            "Vicente Fox": "Neutral",
            "Felipe Calder": "Neutral",
            "Donald Trump": "Negative"
        },
        "stance": "Left"
    },
    "annotators": [
        "A",
        "C"
    ],
    "body": [
        {
            "sentence": "Former Mexican President Vicente Fox says Mexico will not pay for a wall along the U.S. border, despite what GOP presidential hopeful Donald Trump may claim.",
            "sentence-index": 0,
            "annotations": []
        },
        {
            "sentence": "Fox said, as a taxpayer, he\u2019s not willing to fund Trump\u2019s big idea.",
            "sentence-index": 1,
            "annotations": []
        },
        {
            "sentence": "\u201cI\u2019m not going to pay for that fucking wall,\u201d Fox told Fusion\u2019s Jorge Ramos in an interview airing Thursday.",
            "sentence-index": 2,
            "annotations": []
        },
        {
            "sentence": "\u201cHe should pay [for] it. He\u2019s got the money.\u201d",
            "sentence-index": 3,
            "annotations": []
        },
        {
            "sentence": "The GOP front-runner, who has made many outrageous comments about Latinos including calling Mexican immigrants \"criminals\" and \"rapists,\" insists he'll coerce Mexico into paying for a wall to keep undocumented migrants out of the U.S. if he's elected.",
            "sentence-index": 4,
            "annotations": [
                {
                    "start": 22,
                    "end": 137,
                    "target": "Donald Trump",
                    "polarity": "Negative",
                    "aim": "Direct",
                    "indirect-target-name": "",
                    "indirect-ally-opponent-sentiment": "",
                    "bias": "Informational",
                    "quote": "No",
                    "speaker": "",
                    "text": "who has made many outrageous comments about Latinos including calling Mexican immigrants \"criminals\" and \"rapists,\""
                },
                {
                    "start": 152,
                    "end": 158,
                    "target": "Donald Trump",
                    "polarity": "Negative",
                    "aim": "Direct",
                    "indirect-target-name": "",
                    "indirect-ally-opponent-sentiment": "",
                    "bias": "Lexical",
                    "quote": "No",
                    "speaker": "",
                    "text": "coerce"
                }
            ]
        },
        {
            "sentence": "(The real estate mogul estimates the price tag at around $8 billion.)",
            "sentence-index": 5,
            "annotations": []
        },
        {
            "sentence": "Fox, however, isn't worried that Trump will actually win the presidency.",
            "sentence-index": 6,
            "annotations": []
        },
        {
            "sentence": "\"Democracy cannot pick crazy people that doesn't know what's going on in the world today,\" he said.",
            "sentence-index": 7,
            "annotations": [
                {
                    "start": 23,
                    "end": 35,
                    "target": "Donald Trump",
                    "polarity": "Negative",
                    "aim": "Direct",
                    "indirect-target-name": "",
                    "indirect-ally-opponent-sentiment": "",
                    "bias": "Lexical",
                    "quote": "Yes",
                    "speaker": "Vicente Fox",
                    "text": "crazy people"
                }
            ]
        },
        {
            "sentence": "Ramos pointed out that Trump likely won among Hispanics during Tuesday\u2019s Nevada caucus -- a statistic that has a few caveats.",
            "sentence-index": 8,
            "annotations": []
        },
        {
            "sentence": "\"I'd like to know who those Hispanics are,\" Fox said.",
            "sentence-index": 9,
            "annotations": []
        },
        {
            "sentence": "\"They're followers of a false prophet.\"",
            "sentence-index": 10,
            "annotations": [
                {
                    "start": 24,
                    "end": 37,
                    "target": "Donald Trump",
                    "polarity": "Negative",
                    "aim": "Direct",
                    "indirect-target-name": "",
                    "indirect-ally-opponent-sentiment": "",
                    "bias": "Lexical",
                    "quote": "Yes",
                    "speaker": "Vicente Fox",
                    "text": "false prophet"
                }
            ]
        },
        {
            "sentence": "Felipe Calderon, who was president of Mexico from 2006 to 2012, has also dismissed Trump's idea.",
            "sentence-index": 11,
            "annotations": []
        },
        {
            "sentence": "\"Mexican people, we are not going to pay any single cent for such a stupid wall,\" he said earlier this month.",
            "sentence-index": 12,
            "annotations": [
                {
                    "start": 68,
                    "end": 74,
                    "target": "Donald Trump",
                    "polarity": "Negative",
                    "aim": "Indirect (Ally)",
                    "indirect-target-name": "border wall",
                    "indirect-ally-opponent-sentiment": "Negative",
                    "bias": "Lexical",
                    "quote": "Yes",
                    "speaker": "Felipe Calder",
                    "text": "stupid"
                }
            ]
        },
        {
            "sentence": "\"And it's going to be completely useless. ...",
            "sentence-index": 13,
            "annotations": [
                {
                    "start": 0,
                    "end": 45,
                    "target": "Donald Trump",
                    "polarity": "Negative",
                    "aim": "Direct",
                    "indirect-target-name": "",
                    "indirect-ally-opponent-sentiment": "",
                    "bias": "Informational",
                    "quote": "Yes",
                    "speaker": "Felipe Calder",
                    "text": "\"And it's going to be completely useless. ..."
                }
            ]
        },
        {
            "sentence": "If this guy pretends that closing the borders to anywhere either for trade [or] for people is going to provide prosperity to the United States, he is completely crazy.\"",
            "sentence-index": 14,
            "annotations": [
                {
                    "start": 144,
                    "end": 166,
                    "target": "Donald Trump",
                    "polarity": "Negative",
                    "aim": "Direct",
                    "indirect-target-name": "",
                    "indirect-ally-opponent-sentiment": "",
                    "bias": "Informational",
                    "quote": "Yes",
                    "speaker": "Felipe Calder",
                    "text": "he is completely crazy"
                }
            ]
        }
    ]
}