{
    "source": "fox",
    "main-entities": [
        "Ruth Bader Ginsburg",
        "Donald Trump"
    ],
    "main-event": "Ruth Bader Ginsburg criticizes Trump",
    "title": "Ginsburg under fire from both sides over \u2018highly inappropriate\u2019 Trump comments",
    "url": "http://www.foxnews.com/politics/2016/07/13/ginsburg-under-fire-from-both-sides-over-highly-inappropriate-trump-comments.html",
    "word-count": 615,
    "date": "2016-07-13",
    "article-level-annotations": {
        "author-sentiment": {
            "main-event": "Negative",
            "Ruth Bader Ginsburg": "Negative",
            "Donald Trump": "Neutral"
        },
        "stance": "Center"
    },
    "annotators": [
        "A",
        "C"
    ],
    "body": [
        {
            "sentence": "Supreme Court Justice Ruth Bader Ginsburg faced a growing and bipartisan backlash Wednesday -- including a call from Donald Trump to resign -- as she doubled down on her criticism of the presumptive GOP nominee, calling him a \u201cfaker\u201d who is unqualified to be president.",
            "sentence-index": 0,
            "annotations": [
                {
                    "start": 150,
                    "end": 162,
                    "target": "Ruth Bader Ginsburg",
                    "polarity": "Negative",
                    "aim": "Direct",
                    "indirect-target-name": "",
                    "indirect-ally-opponent-sentiment": "",
                    "bias": "Lexical",
                    "quote": "No",
                    "speaker": "",
                    "text": "doubled down"
                },
                {
                    "start": 224,
                    "end": 268,
                    "target": "Donald Trump",
                    "polarity": "Negative",
                    "aim": "Direct",
                    "indirect-target-name": "",
                    "indirect-ally-opponent-sentiment": "",
                    "bias": "Informational",
                    "quote": "No",
                    "speaker": "",
                    "text": "a \u201cfaker\u201d who is unqualified to be president"
                }
            ]
        },
        {
            "sentence": "Even political figures and newspaper editorial writers who might agree with the comments swiftly said they were out of line for a high court justice.",
            "sentence-index": 1,
            "annotations": [
                {
                    "start": 0,
                    "end": 149,
                    "target": "Ruth Bader Ginsburg",
                    "polarity": "Negative",
                    "aim": "Direct",
                    "indirect-target-name": "",
                    "indirect-ally-opponent-sentiment": "",
                    "bias": "Informational",
                    "quote": "No",
                    "speaker": "",
                    "text": "Even political figures and newspaper editorial writers who might agree with the comments swiftly said they were out of line for a high court justice."
                }
            ]
        },
        {
            "sentence": "And Trump himself lashed out on Twitter, saying:",
            "sentence-index": 2,
            "annotations": []
        },
        {
            "sentence": "Justice Ginsburg of the U.S. Supreme Court has embarrassed all by making very dumb political statements about me.",
            "sentence-index": 3,
            "annotations": [
                {
                    "start": 0,
                    "end": 113,
                    "target": "Ruth Bader Ginsburg",
                    "polarity": "Negative",
                    "aim": "Direct",
                    "indirect-target-name": "",
                    "indirect-ally-opponent-sentiment": "",
                    "bias": "Informational",
                    "quote": "Yes",
                    "speaker": "Donald Trump",
                    "text": "Justice Ginsburg of the U.S. Supreme Court has embarrassed all by making very dumb political statements about me."
                }
            ]
        },
        {
            "sentence": "Her mind is shot - resign!",
            "sentence-index": 4,
            "annotations": [
                {
                    "start": 0,
                    "end": 26,
                    "target": "Ruth Bader Ginsburg",
                    "polarity": "Negative",
                    "aim": "Direct",
                    "indirect-target-name": "",
                    "indirect-ally-opponent-sentiment": "",
                    "bias": "Informational",
                    "quote": "Yes",
                    "speaker": "Donald Trump",
                    "text": "Her mind is shot - resign!"
                }
            ]
        },
        {
            "sentence": "The liberal icon justice had kicked off the storm with comments to The New York Times published Saturday.",
            "sentence-index": 5,
            "annotations": []
        },
        {
            "sentence": "\u201cI can\u2019t imagine what this place would be \u2014 I can\u2019t imagine what the country would be -- with Donald Trump as our president.",
            "sentence-index": 6,
            "annotations": [
                {
                    "start": 0,
                    "end": 124,
                    "target": "Donald Trump",
                    "polarity": "Negative",
                    "aim": "Direct",
                    "indirect-target-name": "",
                    "indirect-ally-opponent-sentiment": "",
                    "bias": "Informational",
                    "quote": "Yes",
                    "speaker": "Ruth Bader Ginsburg",
                    "text": "\u201cI can\u2019t imagine what this place would be \u2014 I can\u2019t imagine what the country would be -- with Donald Trump as our president."
                }
            ]
        },
        {
            "sentence": "For the country, it could be four years.",
            "sentence-index": 7,
            "annotations": []
        },
        {
            "sentence": "For the court, it could be -- I don\u2019t even want to contemplate that,\u201d she said.",
            "sentence-index": 8,
            "annotations": []
        },
        {
            "sentence": "She doubled down late Monday, telling CNN: \u201cHe is a faker.\u201d",
            "sentence-index": 9,
            "annotations": [
                {
                    "start": 4,
                    "end": 16,
                    "target": "Ruth Bader Ginsburg",
                    "polarity": "Negative",
                    "aim": "Direct",
                    "indirect-target-name": "",
                    "indirect-ally-opponent-sentiment": "",
                    "bias": "Lexical",
                    "quote": "No",
                    "speaker": "",
                    "text": "doubled down"
                },
                {
                    "start": 44,
                    "end": 57,
                    "target": "Donald Trump",
                    "polarity": "Negative",
                    "aim": "Direct",
                    "indirect-target-name": "",
                    "indirect-ally-opponent-sentiment": "",
                    "bias": "Informational",
                    "quote": "Yes",
                    "speaker": "Ruth Bader Ginsburg",
                    "text": "He is a faker"
                }
            ]
        },
        {
            "sentence": "\"He has no consistency about him.",
            "sentence-index": 10,
            "annotations": [
                {
                    "start": 0,
                    "end": 33,
                    "target": "Donald Trump",
                    "polarity": "Negative",
                    "aim": "Direct",
                    "indirect-target-name": "",
                    "indirect-ally-opponent-sentiment": "",
                    "bias": "Informational",
                    "quote": "Yes",
                    "speaker": "Ruth Bader Ginsburg",
                    "text": "\"He has no consistency about him."
                }
            ]
        },
        {
            "sentence": "He says whatever comes into his head at the moment.",
            "sentence-index": 11,
            "annotations": [
                {
                    "start": 0,
                    "end": 51,
                    "target": "Donald Trump",
                    "polarity": "Negative",
                    "aim": "Direct",
                    "indirect-target-name": "",
                    "indirect-ally-opponent-sentiment": "",
                    "bias": "Informational",
                    "quote": "Yes",
                    "speaker": "Ruth Bader Ginsburg",
                    "text": "He says whatever comes into his head at the moment."
                }
            ]
        },
        {
            "sentence": "He really has an ego.",
            "sentence-index": 12,
            "annotations": [
                {
                    "start": 0,
                    "end": 21,
                    "target": "Donald Trump",
                    "polarity": "Negative",
                    "aim": "Direct",
                    "indirect-target-name": "",
                    "indirect-ally-opponent-sentiment": "",
                    "bias": "Informational",
                    "quote": "Yes",
                    "speaker": "Ruth Bader Ginsburg",
                    "text": "He really has an ego."
                }
            ]
        },
        {
            "sentence": "... How has he gotten away with not turning over his tax returns?",
            "sentence-index": 13,
            "annotations": [
                {
                    "start": 0,
                    "end": 65,
                    "target": "Donald Trump",
                    "polarity": "Negative",
                    "aim": "Direct",
                    "indirect-target-name": "",
                    "indirect-ally-opponent-sentiment": "",
                    "bias": "Informational",
                    "quote": "Yes",
                    "speaker": "Ruth Bader Ginsburg",
                    "text": "... How has he gotten away with not turning over his tax returns?"
                }
            ]
        },
        {
            "sentence": "The press seems to be very gentle with him on that,\" she said.",
            "sentence-index": 14,
            "annotations": []
        },
        {
            "sentence": "Trump swiftly responded Tuesday, telling the Times it was \u201chighly inappropriate that a United States Supreme Court judge gets involved in a political campaign.\u201d",
            "sentence-index": 15,
            "annotations": [
                {
                    "start": 59,
                    "end": 158,
                    "target": "Ruth Bader Ginsburg",
                    "polarity": "Negative",
                    "aim": "Direct",
                    "indirect-target-name": "",
                    "indirect-ally-opponent-sentiment": "",
                    "bias": "Informational",
                    "quote": "Yes",
                    "speaker": "Donald Trump",
                    "text": "highly inappropriate that a United States Supreme Court judge gets involved in a political campaign"
                }
            ]
        },
        {
            "sentence": "\u201cI think it\u2019s a disgrace to the court and I think she should apologize to the court.",
            "sentence-index": 16,
            "annotations": [
                {
                    "start": 0,
                    "end": 84,
                    "target": "Ruth Bader Ginsburg",
                    "polarity": "Negative",
                    "aim": "Direct",
                    "indirect-target-name": "",
                    "indirect-ally-opponent-sentiment": "",
                    "bias": "Informational",
                    "quote": "Yes",
                    "speaker": "Donald Trump",
                    "text": "\u201cI think it\u2019s a disgrace to the court and I think she should apologize to the court."
                }
            ]
        },
        {
            "sentence": "I couldn\u2019t believe it when I saw it,\u201d the presumptive Republican nominee said.",
            "sentence-index": 17,
            "annotations": []
        },
        {
            "sentence": "Trump\u2019s criticisms were echoed by Republican congressional leaders.",
            "sentence-index": 18,
            "annotations": []
        },
        {
            "sentence": "Senate Majority Leader Mitch McConnell said Tuesday Ginsburg\u2019s comments were \u201ctotally inappropriate.\u201d",
            "sentence-index": 19,
            "annotations": [
                {
                    "start": 78,
                    "end": 99,
                    "target": "Ruth Bader Ginsburg",
                    "polarity": "Negative",
                    "aim": "Direct",
                    "indirect-target-name": "",
                    "indirect-ally-opponent-sentiment": "",
                    "bias": "Informational",
                    "quote": "Yes",
                    "speaker": "Other (Anti-target)",
                    "text": "totally inappropriate"
                }
            ]
        },
        {
            "sentence": "\"It raises a level of skepticism that the American people have from time to time about just how objective the Supreme Court is, whether they're over there to call the balls and strikes, or weigh in on one side or another,\" he said.",
            "sentence-index": 20,
            "annotations": [
                {
                    "start": 1,
                    "end": 80,
                    "target": "Ruth Bader Ginsburg",
                    "polarity": "Negative",
                    "aim": "Direct",
                    "indirect-target-name": "",
                    "indirect-ally-opponent-sentiment": "",
                    "bias": "Informational",
                    "quote": "Yes",
                    "speaker": "Other (Anti-target)",
                    "text": "It raises a level of skepticism that the American people have from time to time"
                }
            ]
        },
        {
            "sentence": "House Speaker Paul Ryan used similar language at a CNN event Tuesday.",
            "sentence-index": 21,
            "annotations": []
        },
        {
            "sentence": "\"For someone on the Supreme Court who is going to be calling balls and strikes in the future based upon whatever the next president and Congress does, that strikes me as inherently biased and out of the realm,\" Ryan said.",
            "sentence-index": 22,
            "annotations": [
                {
                    "start": 170,
                    "end": 208,
                    "target": "Ruth Bader Ginsburg",
                    "polarity": "Negative",
                    "aim": "Direct",
                    "indirect-target-name": "",
                    "indirect-ally-opponent-sentiment": "",
                    "bias": "Informational",
                    "quote": "Yes",
                    "speaker": "Other (Anti-target)",
                    "text": "inherently biased and out of the realm"
                }
            ]
        },
        {
            "sentence": "Ginsburg\u2019s comments also left Democratic lawmakers squirming.",
            "sentence-index": 23,
            "annotations": [
                {
                    "start": 51,
                    "end": 60,
                    "target": "Ruth Bader Ginsburg",
                    "polarity": "Negative",
                    "aim": "Indirect (Ally)",
                    "indirect-target-name": "Democrats",
                    "indirect-ally-opponent-sentiment": "Negative",
                    "bias": "Lexical",
                    "quote": "No",
                    "speaker": "",
                    "text": "squirming"
                }
            ]
        },
        {
            "sentence": "\u201cWe all know that the justices on the Supreme Court have political views.",
            "sentence-index": 24,
            "annotations": []
        },
        {
            "sentence": "I\u2019m not sure we\u2019re well served by them airing them out in the open,\u201d Sen. Chris Murphy, D-Conn., told Politico.",
            "sentence-index": 25,
            "annotations": []
        },
        {
            "sentence": "\u201cShe may have got out over her skis a little bit and more forthright and political than she should have been.",
            "sentence-index": 26,
            "annotations": []
        },
        {
            "sentence": "It\u2019s very unusual,\u201d Senate Minority Whip Dick Durbin, D-Ill., told the outlet.",
            "sentence-index": 27,
            "annotations": []
        },
        {
            "sentence": "Mainstream media outlets also joined in the chorus of criticism.",
            "sentence-index": 28,
            "annotations": []
        },
        {
            "sentence": "\u201cHowever valid her comments may have been, though, and however in keeping with her known political bent, they were still much, much better left unsaid by a member of the Supreme Court,\u201d The Washington Post\u2019s editorial board said Tuesday.",
            "sentence-index": 29,
            "annotations": []
        },
        {
            "sentence": "\u201cPoliticization, real or perceived, undermines public faith in the impartiality of the courts.\u201d",
            "sentence-index": 30,
            "annotations": [
                {
                    "start": 0,
                    "end": 95,
                    "target": "Ruth Bader Ginsburg",
                    "polarity": "Negative",
                    "aim": "Direct",
                    "indirect-target-name": "",
                    "indirect-ally-opponent-sentiment": "",
                    "bias": "Informational",
                    "quote": "Yes",
                    "speaker": "Other (Neutral)",
                    "text": "\u201cPoliticization, real or perceived, undermines public faith in the impartiality of the courts.\u201d"
                }
            ]
        },
        {
            "sentence": "The board noted the Code of Conduct for U.S. judges says that a \u201cjudge should not ... publicly endorse or oppose a candidate for public office.\u201d",
            "sentence-index": 31,
            "annotations": []
        },
        {
            "sentence": "The New York Times also chimed in: \u201cWashington is more than partisan enough without the spectacle of a Supreme Court justice flinging herself into the mosh pit.\"",
            "sentence-index": 32,
            "annotations": [
                {
                    "start": 84,
                    "end": 159,
                    "target": "Ruth Bader Ginsburg",
                    "polarity": "Negative",
                    "aim": "Direct",
                    "indirect-target-name": "",
                    "indirect-ally-opponent-sentiment": "",
                    "bias": "Informational",
                    "quote": "Yes",
                    "speaker": "Other (Neutral)",
                    "text": "the spectacle of a Supreme Court justice flinging herself into the mosh pit"
                }
            ]
        },
        {
            "sentence": "Wednesday morning brought some relief for the under-fire justice, with Vermont Sen. Bernie Sanders giving qualified support for her comments.",
            "sentence-index": 33,
            "annotations": []
        },
        {
            "sentence": "While the Democratic presidential candidate declined to comment on whether her comments were appropriate, he said on ABC he agrees Trump is a \"total opportunist\" and said \"the record is quite clear that he lies just a whole lot of the time.\"",
            "sentence-index": 34,
            "annotations": [
                {
                    "start": 203,
                    "end": 239,
                    "target": "Donald Trump",
                    "polarity": "Negative",
                    "aim": "Direct",
                    "indirect-target-name": "",
                    "indirect-ally-opponent-sentiment": "",
                    "bias": "Informational",
                    "quote": "Yes",
                    "speaker": "Other (Anti-target)",
                    "text": "he lies just a whole lot of the time"
                }
            ]
        }
    ]
}