{
    "main-event": "Lawmakers react to Trump's immigration proposal",
    "main-entities": [
        "Donald Trump",
        "Democractic lawmakers",
        "Republican lawmakers"
    ],
    "title": "Trump\u2019s immigration offer brings sharp reactions from Dems and GOP",
    "source": "fox",
    "url": "https://www.foxnews.com/politics/trumps-immigration-offer-brings-polarized-reactions-from-dems-and-gop.print",
    "date": "2019-01-20",
    "article-level-annotations": {
        "author-sentiment": {
            "main-event": "Neutral",
            "Donald Trump": "Neutral",
            "Democractic lawmakers": "Neutral",
            "Republican lawmakers": "Neutral"
        },
        "stance": "Center"
    },
    "annotators": [
        "A",
        "B"
    ],
    "body": [
        {
            "sentence": "President Trump\u2019s immigration compromise package to end the partial government shutdown drew sharp reactions from Democratic and Republican lawmakers alike.",
            "sentence-index": 0,
            "annotations": []
        },
        {
            "sentence": "In a televised White House address on Saturday afternoon, Trump offered Democrats a three-year extension of protections for 700,000 Deferred Action for Childhood Arrivals (DACA) recipients, in exchange for the $5.7 billion he has been seeking for a barrier along the nation's southern border with Mexico.",
            "sentence-index": 1,
            "annotations": []
        },
        {
            "sentence": "\u201cOur immigration system should be a source of pride ... not a source of shame as it is all over the world,\u201d Trump said in his plea.",
            "sentence-index": 2,
            "annotations": [
                {
                    "start": 126,
                    "end": 130,
                    "target": "Donald Trump",
                    "polarity": "Negative",
                    "aim": "Direct",
                    "bias": "Lexical",
                    "quote": "No",
                    "speaker": "",
                    "indirect-ally-opponent-sentiment": "",
                    "text": "plea"
                }
            ]
        },
        {
            "sentence": "The president\u2019s proposal was met with disdain from an array of top Democratic lawmakers.",
            "sentence-index": 3,
            "annotations": []
        },
        {
            "sentence": "Many used the same language in their critiques, accusing Trump of holding the government and federal workers \"hostage.\"",
            "sentence-index": 4,
            "annotations": []
        },
        {
            "sentence": "House Speaker Nancy Pelosi, D-Calif., tweeted, \u201cWhat we didn\u2019t hear from the President was any sympathy for the federal workers who face so much uncertainty because of the chaos of the #TrumpShutdown.\u201d",
            "sentence-index": 5,
            "annotations": [
                {
                    "start": 48,
                    "end": 199,
                    "target": "Donald Trump",
                    "polarity": "Negative",
                    "aim": "Direct",
                    "bias": "Informational",
                    "quote": "Yes",
                    "speaker": "Democractic lawmakers",
                    "indirect-ally-opponent-sentiment": "",
                    "text": "What we didn\u2019t hear from the President was any sympathy for the federal workers who face so much uncertainty because of the chaos of the #TrumpShutdown"
                }
            ]
        },
        {
            "sentence": "Before Trump made his announcement, Pelosi had called his anticipated proposal \u201ca non-starter.\u201d",
            "sentence-index": 6,
            "annotations": []
        },
        {
            "sentence": "\u201cFor one thing, this proposal does not include the permanent solution for the Dreamers and TPS recipients that our country needs and supports.\u201d",
            "sentence-index": 7,
            "annotations": []
        },
        {
            "sentence": "For his part, Chuck Schumer, the Senate minority leader, called Trump's proposal \"one-sided and ineffective.\"",
            "sentence-index": 8,
            "annotations": [
                {
                    "start": 82,
                    "end": 107,
                    "target": "Donald Trump",
                    "polarity": "Negative",
                    "aim": "Direct",
                    "bias": "Informational",
                    "quote": "Yes",
                    "speaker": "Democractic lawmakers",
                    "indirect-ally-opponent-sentiment": "",
                    "text": "one-sided and ineffective"
                }
            ]
        },
        {
            "sentence": "\"It's clear the President realizes that by closing the government and hurting so many American workers and their families, he has put himself and the country in an untenable position.",
            "sentence-index": 9,
            "annotations": [
                {
                    "start": 0,
                    "end": 183,
                    "target": "Donald Trump",
                    "polarity": "Negative",
                    "aim": "Direct",
                    "bias": "Informational",
                    "quote": "Yes",
                    "speaker": "Democractic lawmakers",
                    "indirect-ally-opponent-sentiment": "",
                    "text": "\"It's clear the President realizes that by closing the government and hurting so many American workers and their families, he has put himself and the country in an untenable position."
                }
            ]
        },
        {
            "sentence": "Unfortunately, he keeps putting forward one-sided and ineffective remedies.",
            "sentence-index": 10,
            "annotations": []
        },
        {
            "sentence": "There's only one way out: open the government, Mr. President, and then Democrats and Republicans can have a civil discussion and come up with bipartisan solutions.\"",
            "sentence-index": 11,
            "annotations": []
        },
        {
            "sentence": "Schumer, D-N.Y., concluded, \"It was the President who single-handedly took away DACA and TPS protections in the first place \u2013 offering some protections back in exchange for the wall is not a compromise but more hostage taking.\"",
            "sentence-index": 12,
            "annotations": [
                {
                    "start": 202,
                    "end": 225,
                    "target": "Donald Trump",
                    "polarity": "Negative",
                    "aim": "Direct",
                    "bias": "Informational",
                    "quote": "Yes",
                    "speaker": "Democractic lawmakers",
                    "indirect-ally-opponent-sentiment": "",
                    "text": "but more hostage taking"
                }
            ]
        },
        {
            "sentence": "House Majority Leader Steny Hoyer shared a similar sentiment, urging Trump and Sen. Mitch McConnell to \"stop holding government hostage and end the shutdown\" immediately.",
            "sentence-index": 13,
            "annotations": []
        },
        {
            "sentence": "\u201cThe president must stop holding government hostage and end the shutdown so federal employees can get back to work serving the American people.",
            "sentence-index": 14,
            "annotations": [
                {
                    "start": 104,
                    "end": 135,
                    "target": "Donald Trump",
                    "polarity": "Negative",
                    "aim": "Direct",
                    "bias": "Informational",
                    "quote": "Yes",
                    "speaker": "Democractic lawmakers",
                    "indirect-ally-opponent-sentiment": "",
                    "text": "stop holding government hostage"
                },
                {
                    "start": 20,
                    "end": 51,
                    "target": "Donald Trump",
                    "polarity": "Negative",
                    "aim": "Direct",
                    "bias": "Informational",
                    "quote": "Yes",
                    "speaker": "Democractic lawmakers",
                    "indirect-ally-opponent-sentiment": "",
                    "text": "stop holding government hostage"
                }
            ]
        },
        {
            "sentence": "There is no reason for Americans to be shut out of work and without a paycheck while negotiations take place on the best way to secure our borders,\u201d he said.",
            "sentence-index": 15,
            "annotations": [
                {
                    "start": 0,
                    "end": 146,
                    "target": "Donald Trump",
                    "polarity": "Negative",
                    "aim": "Direct",
                    "bias": "Informational",
                    "quote": "Yes",
                    "speaker": "Democractic lawmakers",
                    "indirect-ally-opponent-sentiment": "",
                    "text": "There is no reason for Americans to be shut out of work and without a paycheck while negotiations take place on the best way to secure our borders"
                }
            ]
        },
        {
            "sentence": "Hoyer said negotiation can progress after the government reopens.",
            "sentence-index": 16,
            "annotations": []
        },
        {
            "sentence": "\u201cWith the government open, we can negotiate an agreement to strengthen border security that both sides can support and that is in the best interests of the American people.\u201d",
            "sentence-index": 17,
            "annotations": []
        },
        {
            "sentence": "Another leading Dem, Sen. Kristen Gillibrand of New York, who announced her White House bid on Jan. 15 in an episode of \"The Late Show with Stephen Colbert,\" said Trump's offer was a \"bad deal.\"",
            "sentence-index": 18,
            "annotations": []
        },
        {
            "sentence": "Gillibrand tweeted: \"Trump ordered the end of DACA and TPS.",
            "sentence-index": 19,
            "annotations": []
        },
        {
            "sentence": "Then he shut down the government.",
            "sentence-index": 20,
            "annotations": []
        },
        {
            "sentence": "Now he's holding federal workers hostage, saying he'll temporarily give back what he took away -- only if we give him a pointless, ineffective wall he falsely promised Mexico would pay for.",
            "sentence-index": 21,
            "annotations": [
                {
                    "start": 0,
                    "end": 189,
                    "target": "Donald Trump",
                    "polarity": "Negative",
                    "aim": "Direct",
                    "bias": "Informational",
                    "quote": "Yes",
                    "speaker": "Democractic lawmakers",
                    "indirect-ally-opponent-sentiment": "",
                    "text": "Now he's holding federal workers hostage, saying he'll temporarily give back what he took away -- only if we give him a pointless, ineffective wall he falsely promised Mexico would pay for."
                }
            ]
        },
        {
            "sentence": "This is a bad deal.\"",
            "sentence-index": 22,
            "annotations": [
                {
                    "start": 0,
                    "end": 20,
                    "target": "Donald Trump",
                    "polarity": "Negative",
                    "aim": "Direct",
                    "bias": "Informational",
                    "quote": "Yes",
                    "speaker": "Democractic lawmakers",
                    "indirect-ally-opponent-sentiment": "",
                    "text": "This is a bad deal.\""
                }
            ]
        },
        {
            "sentence": "Then there was New Jersey Sen. Bob Menendez's response. He bluntly accused Trump of forcing \"a pointless shutdown\" to pay for the border wall.",
            "sentence-index": 23,
            "annotations": [
                {
                    "start": 59,
                    "end": 74,
                    "target": "Democractic lawmakers",
                    "polarity": "Negative",
                    "aim": "Direct",
                    "bias": "Lexical",
                    "quote": "No",
                    "speaker": "",
                    "indirect-ally-opponent-sentiment": "",
                    "text": "bluntly accused"
                }
            ]
        },
        {
            "sentence": "\"This is about more than 800,000 Americans who are being held hostage by a President who has forced a pointless shutdown to pay for an expensive, ineffective wall.",
            "sentence-index": 24,
            "annotations": [
                {
                    "start": 0,
                    "end": 163,
                    "target": "Donald Trump",
                    "polarity": "Negative",
                    "aim": "Direct",
                    "bias": "Informational",
                    "quote": "Yes",
                    "speaker": "Democractic lawmakers",
                    "indirect-ally-opponent-sentiment": "",
                    "text": "\"This is about more than 800,000 Americans who are being held hostage by a President who has forced a pointless shutdown to pay for an expensive, ineffective wall."
                }
            ]
        },
        {
            "sentence": "This is not about immigration.",
            "sentence-index": 25,
            "annotations": []
        },
        {
            "sentence": "Dreamers and TPS recipients are not bargaining chips.",
            "sentence-index": 26,
            "annotations": []
        },
        {
            "sentence": "It's unacceptable that after taking away DACA protections, eliminating the TPS program for thousands of immigrants and creating a humanitarian crisis at the border, President Trump is offering temporary solutions in exchange for a permanent wall.\"",
            "sentence-index": 27,
            "annotations": [
                {
                    "start": 0,
                    "end": 247,
                    "target": "Donald Trump",
                    "polarity": "Negative",
                    "aim": "Direct",
                    "bias": "Informational",
                    "quote": "Yes",
                    "speaker": "Donald Trump",
                    "indirect-ally-opponent-sentiment": "",
                    "text": "It's unacceptable that after taking away DACA protections, eliminating the TPS program for thousands of immigrants and creating a humanitarian crisis at the border, President Trump is offering temporary solutions in exchange for a permanent wall.\""
                }
            ]
        },
        {
            "sentence": "The Democratic senator also said \"a legitimate negotiation\" can proceed after the government is reopened.",
            "sentence-index": 28,
            "annotations": []
        },
        {
            "sentence": "Fellow Democratic Sen. Chris Coons of Delaware slammed McConnell for refusing \"to meaningfully negotiate with Senate Democrats,\" but also called Trump's offer \"a first step toward comprehensive immigration reform.\"",
            "sentence-index": 29,
            "annotations": [
                {
                    "start": 47,
                    "end": 54,
                    "target": "Republican lawmakers",
                    "polarity": "Negative",
                    "aim": "Direct",
                    "bias": "Lexical",
                    "quote": "No",
                    "speaker": "",
                    "indirect-ally-opponent-sentiment": "",
                    "text": "slammed"
                }
            ]
        },
        {
            "sentence": "\"This senseless government shutdown is hurting millions of Americans, and its impacts are only getting worse. The President should re-open the government so that Republicans and Democrats in Congress can work with the White House to find a sensible solution on border security and immigration.",
            "sentence-index": 30,
            "annotations": [
                {
                    "start": 6,
                    "end": 15,
                    "target": "Donald Trump",
                    "polarity": "Negative",
                    "aim": "Direct",
                    "bias": "Lexical",
                    "quote": "Yes",
                    "speaker": "Democractic lawmakers",
                    "indirect-ally-opponent-sentiment": "",
                    "text": "senseless"
                }
            ]
        },
        {
            "sentence": "I am confident that a reasonable compromise can be reached, but not while President Trump continues to keep significant parts of the government shut down and Leader McConnell refuses to meaningfully negotiate with Senate Democrats,\" he said.",
            "sentence-index": 31,
            "annotations": [
                {
                    "start": 64,
                    "end": 153,
                    "target": "Donald Trump",
                    "polarity": "Negative",
                    "aim": "Direct",
                    "bias": "Informational",
                    "quote": "Yes",
                    "speaker": "Donald Trump",
                    "indirect-ally-opponent-sentiment": "",
                    "text": "not while President Trump continues to keep significant parts of the government shut down"
                },
                {
                    "start": 158,
                    "end": 230,
                    "target": "Republican lawmakers",
                    "polarity": "Negative",
                    "aim": "Direct",
                    "bias": "Informational",
                    "quote": "Yes",
                    "speaker": "Democractic lawmakers",
                    "indirect-ally-opponent-sentiment": "",
                    "text": "Leader McConnell refuses to meaningfully negotiate with Senate Democrats"
                }
            ]
        },
        {
            "sentence": "\"Some relief for Dreamers and an extension of Temporary Protected Status represent a first step toward comprehensive immigration reform, but more ideas from members of both parties should be taken up and debated.",
            "sentence-index": 32,
            "annotations": []
        },
        {
            "sentence": "Republicans and Democrats stand ready to work toward a solution, but the fact remains that there is no reason to have large parts of the federal government shut down while we debate appropriate border security and immigration policies.\"",
            "sentence-index": 33,
            "annotations": []
        },
        {
            "sentence": "Republican lawmakers, at the opposite end of the reaction spectrum, praised the president for his willingness to negotiate.",
            "sentence-index": 34,
            "annotations": []
        },
        {
            "sentence": "Senate Majority Leader McConnell, for instance, commended the president \"for taking bipartisan steps toward addressing current immigration issues.\"",
            "sentence-index": 35,
            "annotations": []
        },
        {
            "sentence": "In his statement, he said; \u201cCompromise in divided government means that everyone can\u2019t get everything they want every time.",
            "sentence-index": 36,
            "annotations": []
        },
        {
            "sentence": "The president\u2019s proposal reflects that.",
            "sentence-index": 37,
            "annotations": []
        },
        {
            "sentence": "It strikes a fair compromise by incorporating priorities from both sides of the aisle.\"",
            "sentence-index": 38,
            "annotations": []
        },
        {
            "sentence": "\u201cThis bill takes a bipartisan approach to re-opening the closed portions of the federal government.",
            "sentence-index": 39,
            "annotations": []
        },
        {
            "sentence": "It pairs the border security investment that our nation needs with additional immigration measures that both Democrat and Republican members of Congress believe are necessary.",
            "sentence-index": 40,
            "annotations": []
        },
        {
            "sentence": "Unlike the bills that have come from the House over the past few weeks, this proposal could actually resolve this impasse.",
            "sentence-index": 41,
            "annotations": []
        },
        {
            "sentence": "It has the full support of the President and could be signed into law to quickly reopen the government.\"",
            "sentence-index": 42,
            "annotations": []
        },
        {
            "sentence": "Republican Whip Steve Scalise called on Democrats to match Trump's willingness to negotiate.",
            "sentence-index": 43,
            "annotations": []
        },
        {
            "sentence": "\"The time for political games has long passed.",
            "sentence-index": 44,
            "annotations": []
        },
        {
            "sentence": "Democrats must put their personal dislike of the president aside, end their obstruction, and finally come to the negotiating table.",
            "sentence-index": 45,
            "annotations": []
        },
        {
            "sentence": "It's time Democrats do what is right for the functioning and security of our nation and agree to a deal that opens our government, and includes funding for a border wall and other measures to solve this serious immigration crisis at our southern border,\" he said in a statement.",
            "sentence-index": 46,
            "annotations": [
                {
                    "start": 0,
                    "end": 83,
                    "target": "Democractic lawmakers",
                    "polarity": "Negative",
                    "aim": "Direct",
                    "bias": "Informational",
                    "quote": "Yes",
                    "speaker": "Republican lawmakers",
                    "indirect-ally-opponent-sentiment": "",
                    "text": "It's time Democrats do what is right for the functioning and security of our nation"
                }
            ]
        },
        {
            "sentence": "Also on the Republican side, Sen. Susan Collins of Maine said she was \"hopeful\" for a \"constructive debate\" with Democrats.",
            "sentence-index": 47,
            "annotations": []
        },
        {
            "sentence": "\u201cCompromise is not a sign of weakness \u2014 it\u2019s a sign of strength, particularly when hundreds of thousands of families are being harmed.",
            "sentence-index": 48,
            "annotations": []
        },
        {
            "sentence": "The Administration, Senate Republicans, and Democrats must now resolve this stalemate before 800,000 federal workers and their families miss yet another paycheck, and our economy is further damaged,\u201d she said.",
            "sentence-index": 49,
            "annotations": []
        },
        {
            "sentence": "Sen. Mitt Romney, R-Utah, whose views on the president and his policies have fluctuated, said Trump \"put forth a reasonable, good faith proposal that will reopen the government and help secure the border.\"",
            "sentence-index": 50,
            "annotations": [
                {
                    "start": 113,
                    "end": 135,
                    "target": "Donald Trump",
                    "polarity": "Positive",
                    "aim": "Direct",
                    "bias": "Lexical",
                    "quote": "Yes",
                    "speaker": "Republican lawmakers",
                    "indirect-ally-opponent-sentiment": "",
                    "text": "reasonable, good faith"
                }
            ]
        },
        {
            "sentence": "He tweeted, \"I look forward to voting for it and will work to encourage my Republican and Democratic colleagues to do the same.",
            "sentence-index": 51,
            "annotations": []
        },
        {
            "sentence": "Earlier, while speaking in Ogden, Utah, Romney said he did not understand Pelosi's position on border security.",
            "sentence-index": 52,
            "annotations": []
        },
        {
            "sentence": "\"You (Pelosi) and your fellow Democrats have voted for over 600 miles of border fence in the past, why won't you vote for another few miles now? I don't understand their position, I really don't,\" the Republican senator said.",
            "sentence-index": 53,
            "annotations": [
                {
                    "start": 1,
                    "end": 194,
                    "target": "Democractic lawmakers",
                    "polarity": "Negative",
                    "aim": "Direct",
                    "bias": "Informational",
                    "quote": "Yes",
                    "speaker": "Republican lawmakers",
                    "indirect-ally-opponent-sentiment": "",
                    "text": "You (Pelosi) and your fellow Democrats have voted for over 600 miles of border fence in the past, why won't you vote for another few miles now? I don't understand their position, I really don't"
                }
            ]
        },
        {
            "sentence": "Florida Sen. Marco Rubio took a positive view of Trump's proposed deal, like his fellow Republicans.",
            "sentence-index": 54,
            "annotations": []
        },
        {
            "sentence": "He said Trump made \"a very reasonable offer\" and urged Democrats to work with him.",
            "sentence-index": 55,
            "annotations": []
        },
        {
            "sentence": "\u201cThe way to end this shutdown is for both sides to make mutual concessions in order to reach an agreement.",
            "sentence-index": 56,
            "annotations": []
        },
        {
            "sentence": "The president has made a very reasonable offer to extend DACA and TPS protections in exchange for the border security measures he supports.",
            "sentence-index": 57,
            "annotations": []
        },
        {
            "sentence": "I hope that instead of choosing the road of endless obstruction, Democrats will decide to work with him to reach an agreement and end the shutdown,\u201d he said.",
            "sentence-index": 58,
            "annotations": [
                {
                    "start": 12,
                    "end": 63,
                    "target": "Democractic lawmakers",
                    "polarity": "Negative",
                    "aim": "Direct",
                    "bias": "Informational",
                    "quote": "Yes",
                    "speaker": "Republican lawmakers",
                    "indirect-ally-opponent-sentiment": "",
                    "text": "instead of choosing the road of endless obstruction"
                }
            ]
        },
        {
            "sentence": "Likewise, House Republican Leader Kevin McCarthy called the president's immigration offer \"reasonable.\"",
            "sentence-index": 59,
            "annotations": []
        },
        {
            "sentence": "McCarthy tweeted: \"President Trump has put forward a serious and reasonable offer to reform parts of our broken immigration system and reopen government.",
            "sentence-index": 60,
            "annotations": []
        },
        {
            "sentence": "The moment now turns to Nancy Pelosi and Chuck Schumer. The country is watching.\"",
            "sentence-index": 61,
            "annotations": []
        },
        {
            "sentence": "",
            "sentence-index": 62,
            "annotations": []
        }
    ]
}