{
    "main-event": "Lawmakers react to Trump's immigration proposal",
    "main-entities": [
        "Donald Trump",
        "Democractic lawmakers",
        "Republican lawmakers"
    ],
    "title": "Trump Offers Temporary Protections for \u2018Dreamers\u2019 in Exchange for Wall Funding",
    "source": "nyt",
    "url": "https://www.nytimes.com/2019/01/19/us/politics/trump-proposal-daca-wall.html",
    "date": "2019-01-19",
    "article-level-annotations": {
        "author-sentiment": {
            "main-event": "Neutral",
            "Donald Trump": "Negative",
            "Democractic lawmakers": "Neutral",
            "Republican lawmakers": "Neutral"
        },
        "stance": "Center"
    },
    "annotators": [
        "A",
        "B"
    ],
    "body": [
        {
            "sentence": "WASHINGTON \u2014 President Trump, facing a growing public backlash over the partial government shutdown, shifted course on Saturday and offered Democrats a deal: temporary protections for roughly 700,000 young undocumented immigrants in exchange for $5.7 billion in funding for a wall along the southern border.",
            "sentence-index": 0,
            "annotations": []
        },
        {
            "sentence": "But the proposal, which Mr. Trump unveiled in a 13-minute address from the White House, appeared dead on arrival in the Capitol.",
            "sentence-index": 1,
            "annotations": []
        },
        {
            "sentence": "Speaker Nancy Pelosi rejected it even before Mr. Trump spoke, and Senator Chuck Schumer, the Democratic leader, denounced the offer as \u201cnot a compromise but more hostage taking.\u201d",
            "sentence-index": 2,
            "annotations": [
                {
                    "start": 136,
                    "end": 176,
                    "target": "Donald Trump",
                    "polarity": "Negative",
                    "aim": "Direct",
                    "indirect-target-name": "",
                    "indirect-ally-opponent-sentiment": "",
                    "bias": "Informational",
                    "quote": "Yes",
                    "speaker": "Democractic lawmakers",
                    "text": "not a compromise but more hostage taking"
                }
            ]
        },
        {
            "sentence": "With the shutdown entering its fifth week and polls showing a majority of the public blaming Mr. Trump, the president\u2019s advisers have been searching for an exit strategy.",
            "sentence-index": 3,
            "annotations": []
        },
        {
            "sentence": "Saturday\u2019s speech grew out of talks that Vice President Mike Pence and the president\u2019s son-in-law and senior adviser, Jared Kushner, have had in recent days with lawmakers including Senator Mitch McConnell, the majority leader.",
            "sentence-index": 4,
            "annotations": []
        },
        {
            "sentence": "The proposal was Mr. Trump\u2019s first public offer to Democrats since the partial shutdown began nearly a month ago.",
            "sentence-index": 5,
            "annotations": []
        },
        {
            "sentence": "It came after an acrimonious week of tit-for-tat politics, in which Ms. Pelosi told the president he could not deliver his State of the Union address in the Capitol until the shutdown was over, and the president retaliated by grounding a plane that was supposed to take Ms. Pelosi on a fact-finding mission to Afghanistan.",
            "sentence-index": 6,
            "annotations": [
                {
                    "start": 0,
                    "end": 322,
                    "target": "Democractic lawmakers",
                    "polarity": "Negative",
                    "aim": "Indirect (Ally)",
                    "indirect-target-name": "Nancy Pelosi",
                    "indirect-ally-opponent-sentiment": "Negative",
                    "bias": "Informational",
                    "quote": "No",
                    "speaker": "",
                    "text": "It came after an acrimonious week of tit-for-tat politics, in which Ms. Pelosi told the president he could not deliver his State of the Union address in the Capitol until the shutdown was over, and the president retaliated by grounding a plane that was supposed to take Ms. Pelosi on a fact-finding mission to Afghanistan."
                },
                {
                    "start": 0,
                    "end": 322,
                    "target": "Donald Trump",
                    "polarity": "Negative",
                    "aim": "Direct",
                    "indirect-target-name": "",
                    "indirect-ally-opponent-sentiment": "",
                    "bias": "Informational",
                    "quote": "No",
                    "speaker": "",
                    "text": "It came after an acrimonious week of tit-for-tat politics, in which Ms. Pelosi told the president he could not deliver his State of the Union address in the Capitol until the shutdown was over, and the president retaliated by grounding a plane that was supposed to take Ms. Pelosi on a fact-finding mission to Afghanistan."
                }
            ]
        },
        {
            "sentence": "In casting the plan as a compromise, the president sought to shift pressure to Democrats \u2014 who have repeatedly refused to give Mr. Trump any money for his border wall \u2014 to end the shutdown.",
            "sentence-index": 7,
            "annotations": []
        },
        {
            "sentence": "But Democrats continued to insist they will not negotiate with Mr. Trump over border security until the government reopens.",
            "sentence-index": 8,
            "annotations": []
        },
        {
            "sentence": "Over the course of his administration, Mr. Trump has repeatedly sought to curb both legal and illegal immigration.",
            "sentence-index": 9,
            "annotations": []
        },
        {
            "sentence": "He has revoked Temporary Protected Status, or T.P.S., which offers crucial protections for immigrants, for people from some Latin American and African countries.",
            "sentence-index": 10,
            "annotations": []
        },
        {
            "sentence": "And he has moved to rescind Deferred Action for Childhood Arrivals, or DACA, an Obama-era program that shielded the young undocumented immigrants known as Dreamers from deportation.",
            "sentence-index": 11,
            "annotations": []
        },
        {
            "sentence": "In the deal he outlined on Saturday, Mr. Trump offered to restore T.P.S. protection for 300,000 people, and said he would allow 700,000 Dreamers to keep their protections for three more years in exchange for $5.7 billion for a border barrier.",
            "sentence-index": 12,
            "annotations": []
        },
        {
            "sentence": "\u201cThat is our plan,\u201d Mr. Trump said.",
            "sentence-index": 13,
            "annotations": []
        },
        {
            "sentence": "\u201cBorder security, DACA, T.P.S. Many other things.",
            "sentence-index": 14,
            "annotations": []
        },
        {
            "sentence": "Straightforward, fair, reasonable and common sense with lots of compromise.\u201d",
            "sentence-index": 15,
            "annotations": []
        },
        {
            "sentence": "The proposal, Mr. Trump added, was intended to \u201cbreak the logjam and provide Congress with a path forward.\u201d",
            "sentence-index": 16,
            "annotations": []
        },
        {
            "sentence": "The speech was the second time during the shutdown that the president addressed the nation about the immigration crisis.",
            "sentence-index": 17,
            "annotations": []
        },
        {
            "sentence": "But unlike his first address, a prime-time broadcast from the Oval Office that leaned heavily on dark messaging about the dangers of crime and illegal drugs flowing across the border, Mr. Trump seemed on Saturday to soften his tone.",
            "sentence-index": 18,
            "annotations": [
                {
                    "start": 30,
                    "end": 182,
                    "target": "Donald Trump",
                    "polarity": "Negative",
                    "aim": "Direct",
                    "indirect-target-name": "",
                    "indirect-ally-opponent-sentiment": "",
                    "bias": "Informational",
                    "quote": "No",
                    "speaker": "",
                    "text": "a prime-time broadcast from the Oval Office that leaned heavily on dark messaging about the dangers of crime and illegal drugs flowing across the border"
                }
            ]
        },
        {
            "sentence": "He paired the address with his first naturalization ceremony at the White House, a move intended to underscore the idea that he supports legal immigration.",
            "sentence-index": 19,
            "annotations": []
        },
        {
            "sentence": "And his language was markedly different; instead of insisting on the \u201cbig beautiful wall\u201d he promised during his 2016 campaign, Mr. Trump took care to use the word \u201cbarrier\u201d as well \u2014 and seemed to pare back his vision for it.",
            "sentence-index": 20,
            "annotations": []
        },
        {
            "sentence": "Calling the wall \u201ca powerful and beautifully designed see-through steel barrier on our southern border,\u201d Mr. Trump said: \u201cThis is not a 2,000-mile concrete structure from sea to sea.",
            "sentence-index": 21,
            "annotations": []
        },
        {
            "sentence": "These are steel barriers in high priority locations.",
            "sentence-index": 22,
            "annotations": []
        },
        {
            "sentence": "Much of the border is already protected by natural barriers such as mountains and water.\u201d",
            "sentence-index": 23,
            "annotations": []
        },
        {
            "sentence": "Mr. Trump noted that he had adopted some Democratic proposals on border security.",
            "sentence-index": 24,
            "annotations": []
        },
        {
            "sentence": "The president proposed $800 million for humanitarian assistance and $805 million for drug detection technology, in addition to funding for 2,750 more border agents and law enforcement officials and 75 new immigration judge teams.",
            "sentence-index": 25,
            "annotations": []
        },
        {
            "sentence": "In her talking points, issued to Democrats, Ms. Pelosi said her party favored \u201cnew drug, weapons and contraband scanning technology at official ports of entry,\u201d and \u201cfilling the more than 3,000 vacancies for customs officers.\u201d",
            "sentence-index": 26,
            "annotations": []
        },
        {
            "sentence": "Ms. Pelosi also intends to bring up legislation in the coming days that includes an additional $1 billion for border security, including $563 million for 75 new immigration judges and support staff.",
            "sentence-index": 27,
            "annotations": []
        },
        {
            "sentence": "Even so, Democrats roundly criticized the president\u2019s plan.",
            "sentence-index": 28,
            "annotations": [
                {
                    "start": 0,
                    "end": 59,
                    "target": "Democractic lawmakers",
                    "polarity": "Negative",
                    "aim": "Direct",
                    "indirect-target-name": "",
                    "indirect-ally-opponent-sentiment": "",
                    "bias": "Informational",
                    "quote": "No",
                    "speaker": "",
                    "text": "Even so, Democrats roundly criticized the president\u2019s plan."
                }
            ]
        },
        {
            "sentence": "They were particularly incensed that Mr. Trump\u2019s offer extended protections to Dreamers and T.P.S. recipients that he himself revoked.",
            "sentence-index": 29,
            "annotations": []
        },
        {
            "sentence": "And they said the deal was a nonstarter because it did not offer any permanent protections for Dreamers.",
            "sentence-index": 30,
            "annotations": []
        },
        {
            "sentence": "\u201cI think it\u2019s simply more fake promises raising false hopes,\u201d Senator Richard Blumenthal, Democrat of Connecticut, said.",
            "sentence-index": 31,
            "annotations": [
                {
                    "start": 1,
                    "end": 59,
                    "target": "Donald Trump",
                    "polarity": "Negative",
                    "aim": "Direct",
                    "indirect-target-name": "",
                    "indirect-ally-opponent-sentiment": "",
                    "bias": "Informational",
                    "quote": "Yes",
                    "speaker": "Democractic lawmakers",
                    "text": "I think it\u2019s simply more fake promises raising false hopes"
                }
            ]
        },
        {
            "sentence": "\u201cIt will fool few Americans because it\u2019s neither serious nor credible as a real remedy for Dreamers.\u201d",
            "sentence-index": 32,
            "annotations": [
                {
                    "start": 0,
                    "end": 101,
                    "target": "Donald Trump",
                    "polarity": "Negative",
                    "aim": "Direct",
                    "indirect-target-name": "",
                    "indirect-ally-opponent-sentiment": "",
                    "bias": "Informational",
                    "quote": "Yes",
                    "speaker": "Democractic lawmakers",
                    "text": "\u201cIt will fool few Americans because it\u2019s neither serious nor credible as a real remedy for Dreamers.\u201d"
                }
            ]
        },
        {
            "sentence": "Some on the right also pushed back, describing the proposal as amnesty.",
            "sentence-index": 33,
            "annotations": []
        },
        {
            "sentence": "James Carafano, a national security expert at the Heritage Foundation who worked on Mr. Trump\u2019s transition, was among the critics.",
            "sentence-index": 34,
            "annotations": []
        },
        {
            "sentence": "\u201cAmnesty encourages further illegal immigration, incentivizes the tragedy of human trafficking and undermines our citizens\u2019 confidence in the rule of law,\u201d he said.",
            "sentence-index": 35,
            "annotations": []
        },
        {
            "sentence": "Mr. Pence, briefing reporters after Mr. Trump\u2019s remarks, said the speech reflected a painstaking process of listening to lawmakers, including rank-and-file Democrats who made it clear they believed that protections for DACA and T.P.S. recipients must be included in a border security deal.",
            "sentence-index": 36,
            "annotations": []
        },
        {
            "sentence": "And he pushed back forcefully against critics like Mr. Carafano who said the measure amounted to an unacceptable amnesty for undocumented immigrants.",
            "sentence-index": 37,
            "annotations": []
        },
        {
            "sentence": "\u201cThere is no pathway to citizenship in this proposal,\u201d Mr. Pence said.",
            "sentence-index": 38,
            "annotations": []
        },
        {
            "sentence": "But that was one reason many Democrats considered it unacceptable.",
            "sentence-index": 39,
            "annotations": []
        },
        {
            "sentence": "Other senior administration officials made it clear that part of Mr. Trump\u2019s strategy was to try to drive a wedge within the party between those who want to hold out for a much more generous solution and those who may feel enough political pressure to end the shutdown that they will feel obliged to support it.",
            "sentence-index": 40,
            "annotations": []
        },
        {
            "sentence": "Noting that Tuesday is the deadline for the government to reopen in time to prevent federal employees from going a second consecutive pay period without a check, Mick Mulvaney, the acting chief of staff, said Senate Democrats had a tricky decision to make.",
            "sentence-index": 41,
            "annotations": []
        },
        {
            "sentence": "He also noted that the president\u2019s ability to declare a national emergency was \u201cabsolutely\u201d still a tool available to Mr. Trump to find funds to build the wall if a legislative agreement could not be reached.",
            "sentence-index": 42,
            "annotations": []
        },
        {
            "sentence": "Now it will be up to Mr. McConnell to put legislation incorporating Mr. Trump\u2019s proposal on the Senate floor.",
            "sentence-index": 43,
            "annotations": []
        },
        {
            "sentence": "Mr. McConnell \u2014 who has insisted he will not put any legislation on the floor unless the president will sign it \u2014 spoke to Mr. Trump, Mr. Kushner and Mr. Pence on Thursday night about finding a way forward.",
            "sentence-index": 44,
            "annotations": []
        },
        {
            "sentence": "Mr. McConnell told the president that before he could bring up legislation on the Senate floor, he needed a \u201cpublic reassurance\u201d that Mr. Trump would sign it, one person close to the talks said, speaking on the condition of anonymity to describe sensitive discussions.",
            "sentence-index": 45,
            "annotations": []
        },
        {
            "sentence": "The president\u2019s proposal \u201cstrikes a fair compromise by incorporating priorities from both sides of the aisle,\u201d Mr. McConnell said in a statement after Mr. Trump\u2019s speech.",
            "sentence-index": 46,
            "annotations": []
        },
        {
            "sentence": "If Mr. McConnell does indeed put a bill on the floor, as the president said he would, Senate Democrats will have to decide whether to block it or let it come up for a vote.",
            "sentence-index": 47,
            "annotations": []
        },
        {
            "sentence": "Despite Democrats\u2019 vow to reject the measure, it could create an opening for negotiations between the two sides.",
            "sentence-index": 48,
            "annotations": []
        },
        {
            "sentence": "The shutdown stalemate is creating increasing nervousness on Capitol Hill, especially among Republicans seeking re-election in Democratic-leaning states.",
            "sentence-index": 49,
            "annotations": []
        },
        {
            "sentence": "One of them, Senator Susan Collins of Maine, is among only a handful of Republicans who have broken with the president and called for the government to reopen without a border security deal.",
            "sentence-index": 50,
            "annotations": []
        },
        {
            "sentence": "On Saturday, she praised the president, saying she hoped that Mr. Trump\u2019s offer would \u201clead to constructive debate that will end this impasse.\u201d",
            "sentence-index": 51,
            "annotations": []
        },
        {
            "sentence": "White House aides and allies of Mr. Trump said Saturday that Mr. Trump succeeded in ratcheting up the political pressure on Ms. Pelosi, especially if the Senate succeeded in passing a bill.",
            "sentence-index": 52,
            "annotations": []
        },
        {
            "sentence": "\u201cThe Democrats\u2019 talking points have been that the president is solely responsible for shutting down the government,\u201d Marc Short, the former White House legislative director, said.",
            "sentence-index": 53,
            "annotations": []
        },
        {
            "sentence": "\u201cThis puts more onus on them to come back and say why this proposal is insufficient.\u201d",
            "sentence-index": 54,
            "annotations": []
        },
        {
            "sentence": "But one reason Democrats are so leery of the deal is that they have been down this road with the president before.",
            "sentence-index": 55,
            "annotations": []
        },
        {
            "sentence": "Last year, Mr. Trump and Mr. Schumer negotiated $25 billion in wall money for a pathway to citizenship for the Dreamers.",
            "sentence-index": 56,
            "annotations": []
        },
        {
            "sentence": "But that deal fell apart when hard-line White House advisers persuaded the president to back away.",
            "sentence-index": 57,
            "annotations": []
        },
        {
            "sentence": "The standoff over the shutdown, some former aides noted, was the first time Mr. Trump has had to engage in meaningful, high-stakes negotiations.",
            "sentence-index": 58,
            "annotations": []
        },
        {
            "sentence": "But even that has come as a last resort, in what some have likened to negotiating out of desperation after failing to score political points.",
            "sentence-index": 59,
            "annotations": [
                {
                    "start": 70,
                    "end": 140,
                    "target": "Donald Trump",
                    "polarity": "Negative",
                    "aim": "Direct",
                    "indirect-target-name": "",
                    "indirect-ally-opponent-sentiment": "",
                    "bias": "Informational",
                    "quote": "No",
                    "speaker": "",
                    "text": "negotiating out of desperation after failing to score political points"
                }
            ]
        }
    ]
}