{
    "url": "http://www.foxnews.com/politics/2017/11/13/donald-trump-jr-releases-messages-with-wikileaks-from-before-election.html?utm_source=feedburner&utm_medium=feed&utm_campaign=Feed%3A+foxnews%2Fmost-popular+%28Internal+-+Most+Popular+Content%29",
    "word-count": 794,
    "source": "fox",
    "title": "Donald Trump Jr. releases messages with WikiLeaks from before election",
    "date": "2017-11-13",
    "main-event": "Donald Trump Jr. Messaged With WikiLeaks During Presidential Campaign",
    "main-entities": [
        "Donald Trump Jr.",
        "WikiLeaks"
    ],
    "article-level-annotations": {
        "author-sentiment": {
            "main-event": "Neutral",
            "Donald Trump Jr.": "Neutral",
            "WikiLeaks": "Neutral"
        },
        "stance": "Center"
    },
    "annotators": [
        "A",
        "B"
    ],
    "body": [
        {
            "sentence": "President Trump\u2019s eldest son, Donald Trump Jr., corresponded with WikiLeaks before the 2016 presidential election, a dialogue of which the president\u2019s son confirmed Monday night on Twitter.",
            "sentence-index": 0,
            "annotations": []
        },
        {
            "sentence": "In a series of tweets, Trump Jr. produced \u201cthe entire chain of messages with @wikileaks (with my whopping 3 responses) which one of the congressional committees has chosen to selectively leak.",
            "sentence-index": 1,
            "annotations": []
        },
        {
            "sentence": "How ironic!\u201d",
            "sentence-index": 2,
            "annotations": [
                {
                    "start": 0,
                    "end": 10,
                    "target": "Donald Trump Jr.",
                    "polarity": "Positive",
                    "aim": "Indirect (Opponent)",
                    "indirect-target-name": "congressional committee",
                    "indirect-ally-opponent-sentiment": "Negative",
                    "bias": "Informational",
                    "quote": "Yes",
                    "speaker": "Donald Trump Jr.",
                    "text": "How ironic"
                }
            ]
        },
        {
            "sentence": "The Atlantic first reported on Monday that Trump Jr. received a private message from the WikiLeaks Twitter account on September 20, 2016 \u2014 a message shown in the tweets produced by the president\u2019s son.",
            "sentence-index": 3,
            "annotations": []
        },
        {
            "sentence": "\u201cA PAC run anti-Trump site putintrump.org is about to launch,\u201d WikiLeaks wrote.",
            "sentence-index": 4,
            "annotations": []
        },
        {
            "sentence": "\u201cThe PAC is a recycled pro-Iraq war PAC.",
            "sentence-index": 5,
            "annotations": []
        },
        {
            "sentence": "We have guessed the password.",
            "sentence-index": 6,
            "annotations": []
        },
        {
            "sentence": "It is \u2018putintrump.\u2019 See \u2018About\u2019 for who is behind it.",
            "sentence-index": 7,
            "annotations": []
        },
        {
            "sentence": "Any comments?\u201d",
            "sentence-index": 8,
            "annotations": []
        },
        {
            "sentence": "Trump Jr. replied, \u201cOff the record I don\u2019t know who that is, but I\u2019ll ask around.",
            "sentence-index": 9,
            "annotations": []
        },
        {
            "sentence": "Thanks.\u201d",
            "sentence-index": 10,
            "annotations": []
        },
        {
            "sentence": "In a separate October 2016 exchange, WikiLeaks urged Trump Jr. to \u201ccomment on/push this story\u201d about then-Democratic presidential nominee Hillary Clinton wanting to \u201cjust drone\u201d Julian Assange, the Wikileaks founder.",
            "sentence-index": 11,
            "annotations": []
        },
        {
            "sentence": "\u201cAlready did that earlier today,\u201d Trump Jr. later replied.",
            "sentence-index": 12,
            "annotations": []
        },
        {
            "sentence": "\u201cIt\u2019s amazing what she can get away with.\u201d",
            "sentence-index": 13,
            "annotations": []
        },
        {
            "sentence": "The messages obtained by The Atlantic were turned over to investigators by Trump Jr.\u2019s attorneys.",
            "sentence-index": 14,
            "annotations": []
        },
        {
            "sentence": "The House Permanent Select Committee on Intelligence had access to the documents, a source told Fox News.",
            "sentence-index": 15,
            "annotations": []
        },
        {
            "sentence": "\u201cOver the last several months, we have worked cooperatively with each of the committees and have voluntarily turned over thousands of documents in response to their requests,\u201d Alan Futerfas, an attorney for Trump Jr., said in a statement.",
            "sentence-index": 16,
            "annotations": []
        },
        {
            "sentence": "\u201cPutting aside the question as to why or by whom such documents, provided to Congress under promises of confidentiality, have been selectively leaked, we can say with confidence that we have no concerns about these documents and any questions raised about them have been easily answered in the appropriate forum.\u201d",
            "sentence-index": 17,
            "annotations": []
        },
        {
            "sentence": "According to the report, the messages are part of a long correspondence between WikiLeaks and Trump Jr., though Trump Jr. seemed to ignore many of the messages, including some which urged him to release \u201cone or more of your father\u2019s tax returns.\u201d",
            "sentence-index": 18,
            "annotations": [
                {
                    "start": 112,
                    "end": 159,
                    "target": "Donald Trump Jr.",
                    "polarity": "Positive",
                    "aim": "Direct",
                    "indirect-target-name": "",
                    "indirect-ally-opponent-sentiment": "",
                    "bias": "Informational",
                    "quote": "No",
                    "speaker": "",
                    "text": "Trump Jr. seemed to ignore many of the messages"
                }
            ]
        },
        {
            "sentence": "President Trump\u2019s attorney Ty Cobb told Fox News on Monday that he was not aware that Donald Trump Jr.\u2019s attorneys provided these documents to congressional investigators, but said there is likely no legal issue, from what he knows of the documents.",
            "sentence-index": 19,
            "annotations": []
        },
        {
            "sentence": "Wikileaks publisher Julian Assange tweeted about the report on Monday, saying that the organization couldn\u2019t \u201cconfirm\u201d the messages with Trump Jr.",
            "sentence-index": 20,
            "annotations": []
        },
        {
            "sentence": "Wikileaks \u201cdoes not keep such records and the Atlantic\u2019s presentation is edited and clearly does not have the full context,\u201d Assange wrote.",
            "sentence-index": 21,
            "annotations": []
        },
        {
            "sentence": "\u201cWikiLeaks loves its pending publications and ignores those who ask for details,\u201d Assange continued.",
            "sentence-index": 22,
            "annotations": []
        },
        {
            "sentence": "\u201cTrump Jr. was rebuffed just like Cambridge Analytica.",
            "sentence-index": 23,
            "annotations": []
        },
        {
            "sentence": "In both cases WikiLeaks had publicly teased the publications.",
            "sentence-index": 24,
            "annotations": []
        },
        {
            "sentence": "Thousands of people asked about them.",
            "sentence-index": 25,
            "annotations": []
        },
        {
            "sentence": "WikiLeaks can be very effective at convincing even high profile people that it is their interest to promote links to its publications.",
            "sentence-index": 26,
            "annotations": []
        },
        {
            "sentence": "\u201cWikiLeaks has such chutzpah that it allegedly tried to convince Trump Jr to leak his father\u2019s tax returns & his own \u201cRussian lawyer meeting\u201d emails (he did),\u201d Assange wrote.",
            "sentence-index": 27,
            "annotations": [
                {
                    "start": 149,
                    "end": 157,
                    "target": "Donald Trump Jr.",
                    "polarity": "Negative",
                    "aim": "Direct",
                    "indirect-target-name": "",
                    "indirect-ally-opponent-sentiment": "",
                    "bias": "Informational",
                    "quote": "Yes",
                    "speaker": "Other (Neutral)",
                    "text": "(he did)"
                }
            ]
        },
        {
            "sentence": "\u201cWikiLeaks appears to beguile some people into transparency by convincing them that it is in their interest.\u201d",
            "sentence-index": 28,
            "annotations": []
        },
        {
            "sentence": "Assange also claimed that the \u201cfull text of alleged DMs with context provides a different reading, unsurprisingly.\u201d",
            "sentence-index": 29,
            "annotations": []
        },
        {
            "sentence": "This is not the first time that Trump Jr. has been in the spotlight, and has had his actions brought into question amid the larger probe into Russian meddling and potential collusion with Trump campaign associates in the 2016 presidential election.",
            "sentence-index": 30,
            "annotations": [
                {
                    "start": 0,
                    "end": 248,
                    "target": "Donald Trump Jr.",
                    "polarity": "Negative",
                    "aim": "Direct",
                    "indirect-target-name": "",
                    "indirect-ally-opponent-sentiment": "",
                    "bias": "Informational",
                    "quote": "No",
                    "speaker": "",
                    "text": "This is not the first time that Trump Jr. has been in the spotlight, and has had his actions brought into question amid the larger probe into Russian meddling and potential collusion with Trump campaign associates in the 2016 presidential election."
                }
            ]
        },
        {
            "sentence": "In June 2016, Trump Jr. accepted a now-highly scrutinized meeting with Russian attorney Natalia Veselnitskaya, after he allegedly was promised \u201cdirt\u201d on Hillary Clinton.",
            "sentence-index": 31,
            "annotations": [
                {
                    "start": 0,
                    "end": 169,
                    "target": "Donald Trump Jr.",
                    "polarity": "Negative",
                    "aim": "Direct",
                    "indirect-target-name": "",
                    "indirect-ally-opponent-sentiment": "",
                    "bias": "Informational",
                    "quote": "No",
                    "speaker": "",
                    "text": "In June 2016, Trump Jr. accepted a now-highly scrutinized meeting with Russian attorney Natalia Veselnitskaya, after he allegedly was promised \u201cdirt\u201d on Hillary Clinton."
                }
            ]
        },
        {
            "sentence": "The meeting was brokered by music publicist Rob Goldstone who promised the campaign information.",
            "sentence-index": 32,
            "annotations": []
        },
        {
            "sentence": "Jared Kushner and Paul Manafort, who was charged last month in Special Counsel Robert Mueller\u2019s probe into Russian collusion, also attended the meeting.",
            "sentence-index": 33,
            "annotations": []
        },
        {
            "sentence": "Fox News\u2019 Matt Richardson and John Roberts contributed to this report.",
            "sentence-index": 34,
            "annotations": []
        }
    ]
}