{
    "main-event": "Trump intends to end birthright citizenship",
    "main-entities": [
        "Trump",
        "birthright citizenship"
    ],
    "title": "Trump vows birthright citizenship \u2018will be ended one way or the other,\u2019 as Hill debate rages",
    "source": "fox",
    "url": "https://www.foxnews.com/politics/trump-promises-birthright-citizenship-will-be-ended-one-way-or-the-other",
    "date": "2018-10-31",
    "article-level-annotations": {
        "author-sentiment": {
            "main-event": "Neutral",
            "Trump": "Neutral",
            "birthright citizenship": "Neutral"
        },
        "stance": "Right"
    },
    "annotators": [
        "A",
        "B"
    ],
    "body": [
        {
            "sentence": "President Trump vowed Wednesday that birthright citizenship will end \u201cone way or the other,\u201d a day after it emerged he was considering killing the policy by executive order -- a development that sparked disagreement among Republicans and condemnation from Democrats.",
            "sentence-index": 0,
            "annotations": [
                {
                    "start": 135,
                    "end": 142,
                    "target": "Trump",
                    "polarity": "Negative",
                    "aim": "Direct",
                    "bias": "Lexical",
                    "quote": "No",
                    "speaker": "",
                    "indirect-ally-opponent-sentiment": "",
                    "text": "killing"
                }
            ]
        },
        {
            "sentence": "\u201cSo-called Birthright Citizenship, which costs our Country billions of dollars and is very unfair to our citizens, will be ended one way or the other,\u201d he tweeted. ",
            "sentence-index": 1,
            "annotations": [
                {
                    "start": 1,
                    "end": 10,
                    "target": "birthright citizenship",
                    "polarity": "Negative",
                    "aim": "Direct",
                    "bias": "Lexical",
                    "quote": "Yes",
                    "speaker": "Trump",
                    "indirect-ally-opponent-sentiment": "",
                    "text": "So-called"
                },
                {
                    "start": 83,
                    "end": 113,
                    "target": "birthright citizenship",
                    "polarity": "Negative",
                    "aim": "Direct",
                    "bias": "Informational",
                    "quote": "Yes",
                    "speaker": "Trump",
                    "indirect-ally-opponent-sentiment": "",
                    "text": "is very unfair to our citizens"
                }
            ]
        },
        {
            "sentence": "\"It is not covered by the 14th Amendment because of the words 'subject to the jurisdiction thereof.'\"",
            "sentence-index": 2,
            "annotations": []
        },
        {
            "sentence": "He also took aim at former Senate Democratic Leader Harry Reid, who he said \u201cwas right in 1993, before he and the Democrats went insane and started with the Open Borders (which brings massive crime) \u2018stuff.\u2019\u201d",
            "sentence-index": 3,
            "annotations": [
                {
                    "start": 129,
                    "end": 135,
                    "target": "birthright citizenship",
                    "polarity": "Negative",
                    "aim": "Indirect (General)",
                    "indirect-target-name": "Democrats",
                    "bias": "Lexical",
                    "quote": "Yes",
                    "speaker": "Trump",
                    "indirect-ally-opponent-sentiment": "Neutral",
                    "text": "insane"
                }
            ]
        },
        {
            "sentence": "He was referring to comments unearthed from 1993 in which Reid said that \"no sane country\" would award citizenship to children of illegal immigrants born on its soil and promoted legislation to end the practice.",
            "sentence-index": 4,
            "annotations": []
        },
        {
            "sentence": "\"If making it easy to be an illegal alien isn't enough, how about offering a reward for being an illegal immigrant? ",
            "sentence-index": 5,
            "annotations": [
                {
                    "start": 0,
                    "end": 115,
                    "target": "birthright citizenship",
                    "polarity": "Negative",
                    "aim": "Direct",
                    "bias": "Informational",
                    "quote": "Yes",
                    "speaker": "Other (Anti-target)",
                    "indirect-ally-opponent-sentiment": "",
                    "text": "\"If making it easy to be an illegal alien isn't enough, how about offering a reward for being an illegal immigrant?"
                }
            ]
        },
        {
            "sentence": "No sane country would do that, right?\" Reid said. ",
            "sentence-index": 6,
            "annotations": [
                {
                    "start": 0,
                    "end": 36,
                    "target": "birthright citizenship",
                    "polarity": "Negative",
                    "aim": "Direct",
                    "bias": "Informational",
                    "quote": "Yes",
                    "speaker": "Other (Anti-target)",
                    "indirect-ally-opponent-sentiment": "",
                    "text": "No sane country would do that, right"
                }
            ]
        },
        {
            "sentence": "\"Guess again. ",
            "sentence-index": 7,
            "annotations": []
        },
        {
            "sentence": "If you break our laws by entering this country without permission and give birth to a child, we reward that child with U.S. citizenship and guarantee a full access to all public and social services this society provides.\"",
            "sentence-index": 8,
            "annotations": []
        },
        {
            "sentence": "Reid later apologized for his stance and reversed it in 1999.",
            "sentence-index": 9,
            "annotations": []
        },
        {
            "sentence": "But the comments helped Trump make his controversial case, after his push first emerged in an interview with \u201cAxios on HBO\u201d. ",
            "sentence-index": 10,
            "annotations": []
        },
        {
            "sentence": "He said he wants to use an executive order to end the practice by which children born in the U.S. of non-citizen or illegal immigrant parents are immediately a citizen.",
            "sentence-index": 11,
            "annotations": []
        },
        {
            "sentence": "\u201cHow ridiculous, we\u2019re the only country in the world where a person comes in, has a baby, and the baby is essentially a citizen of the United States for 85 years with all of those benefits,\u201d Trump said.",
            "sentence-index": 12,
            "annotations": [
                {
                    "start": 5,
                    "end": 15,
                    "target": "birthright citizenship",
                    "polarity": "Negative",
                    "aim": "Direct",
                    "bias": "Lexical",
                    "quote": "Yes",
                    "speaker": "Trump",
                    "indirect-ally-opponent-sentiment": "",
                    "text": "ridiculous"
                }
            ]
        },
        {
            "sentence": "The U.S. is not the only country to grant birthright citizenship, with Canada and a number of Latin American countries also doing so, but the issue has long been a contentious one in the U.S. -- particularly for those seeking to restrict illegal immigration into the U.S.",
            "sentence-index": 13,
            "annotations": []
        },
        {
            "sentence": "The 14th Amendment states that \u201call persons born or naturalized in the United States and subject to the jurisdiction thereof, are citizens of the United States and of the State wherein they reside.\u201d ",
            "sentence-index": 14,
            "annotations": []
        },
        {
            "sentence": "Critics of birthright citizenship say that the amendment was never intended to apply to children of two non-citizens -- and particularly those who have come to the country illegally.",
            "sentence-index": 15,
            "annotations": []
        },
        {
            "sentence": "Critics say the policy encourages illegal immigrants to come to the country, give birth and then try to claim residency themselves as a result.",
            "sentence-index": 16,
            "annotations": []
        },
        {
            "sentence": "But many scholars counter that it would take a constitutional amendment to change the policy. ",
            "sentence-index": 17,
            "annotations": []
        },
        {
            "sentence": "And the announcement Tuesday was met with a mixed reception by lawmakers in Congress, particularly the idea that Trump might use an executive order to impose such a significant immigration change -- something Republicans blasted former President Barack Obama for doing with the Deferred Action for Childhood Arrivals (DACA) policy.",
            "sentence-index": 18,
            "annotations": [
                {
                    "start": 221,
                    "end": 228,
                    "target": "birthright citizenship",
                    "polarity": "Negative",
                    "aim": "Indirect (General)",
                    "indirect-target-name": "Republicans",
                    "bias": "Lexical",
                    "quote": "No",
                    "speaker": "",
                    "indirect-ally-opponent-sentiment": "Negative",
                    "text": "blasted"
                }
            ]
        },
        {
            "sentence": "Speaker Paul Ryan, R-Wis., said in an interview with WVLK that the 14th Amendment is \u201cpretty clear\u201d and said that \u201cyou cannot end birthright citizenship with an executive order.\u201d ",
            "sentence-index": 19,
            "annotations": []
        },
        {
            "sentence": "Senate Judiciary Chairman Chuck Grassley, R-Iowa, said he will \"closely review\" the proposed executive order, but said that \"as a general matter, this is an issue that Congress should take the lead to carefully consider and debate.\"",
            "sentence-index": 20,
            "annotations": []
        },
        {
            "sentence": "Sen. Lindsey Graham, R-S.C., announced he will be introducing legislation \u201cto deal with the issue of birthright citizenship for children of illegal immigrants\u201d and said it was a \u201cmagnet for illegal immigration in modern times.\u201d",
            "sentence-index": 21,
            "annotations": []
        },
        {
            "sentence": "On Wednesday, Trump appeared to shift stance somewhat by avoiding saying it would be ended by executive order, while acknowledging the matter \u201cwill be settled by the United States Supreme Court.\u201d",
            "sentence-index": 22,
            "annotations": []
        },
        {
            "sentence": "Democrats appeared united in condemnation against Trump\u2019s move this week. ",
            "sentence-index": 23,
            "annotations": [
                {
                    "start": 29,
                    "end": 41,
                    "target": "Trump",
                    "polarity": "Negative",
                    "aim": "Direct",
                    "bias": "Lexical",
                    "quote": "No",
                    "speaker": "",
                    "indirect-ally-opponent-sentiment": "",
                    "text": "condemnation"
                }
            ]
        },
        {
            "sentence": "In a Tuesday appearance on \"The Late Show with Stephen Colbert,\" House Minority Leader Nancy Pelosi, D-Calif., said the Axios interview didn't surprise her.",
            "sentence-index": 24,
            "annotations": []
        },
        {
            "sentence": "\"This is just more of the same of what he's been saying,\" she said, referring to Trump's remarks on immigration. ",
            "sentence-index": 25,
            "annotations": []
        },
        {
            "sentence": "\"What he was saying today has no relationship to what his authority is, but that's of course not unusual.\"",
            "sentence-index": 26,
            "annotations": [
                {
                    "start": 0,
                    "end": 106,
                    "target": "Trump",
                    "polarity": "Negative",
                    "aim": "Direct",
                    "bias": "Informational",
                    "quote": "Yes",
                    "speaker": "Other (Anti-target)",
                    "indirect-ally-opponent-sentiment": "",
                    "text": "\"What he was saying today has no relationship to what his authority is, but that's of course not unusual.\""
                }
            ]
        }
    ]
}