{
    "source": "hpo",
    "main-entities": [
        "Trump",
        "birthright citizenship"
    ],
    "main-event": "Trump intends to end birthright citizenship",
    "title": "Donald Trump Vows To End Birthright Citizenship",
    "url": "https://www.huffingtonpost.com/entry/trump-executive-order-end-birthright-citizenship_us_5bd82b10e4b07427610ae4f4",
    "word-count": 777,
    "date": "2018-10-30",
    "article-level-annotations": {
        "author-sentiment": {
            "main-event": "Negative",
            "Trump": "Negative",
            "birthright citizenship": "Neutral"
        },
        "stance": "Left"
    },
    "annotators": [
        "A",
        "B"
    ],
    "body": [
        {
            "sentence": "President Donald Trump said he\u2019s considering an executive order to remove the right to citizenship for babies born in the U.S. to parents who aren\u2019t citizens \u2015 a right enshrined in the 14th Amendment that could likely be changed only through a constitutional amendment.",
            "sentence-index": 0,
            "annotations": [
                {
                    "start": 168,
                    "end": 177,
                    "target": "birthright citizenship",
                    "polarity": "Positive",
                    "aim": "Direct",
                    "indirect-target-name": "",
                    "indirect-ally-opponent-sentiment": "",
                    "bias": "Lexical",
                    "quote": "No",
                    "speaker": "",
                    "text": "enshrined"
                }
            ]
        },
        {
            "sentence": "Trump said in an interview with \u201cAxios on HBO\u201d taped Monday that he could execute the change via executive order.",
            "sentence-index": 1,
            "annotations": []
        },
        {
            "sentence": "\u201cIt was always told to me that you needed a constitutional amendment.",
            "sentence-index": 2,
            "annotations": []
        },
        {
            "sentence": "Guess what? You don\u2019t,\u201d Trump said.",
            "sentence-index": 3,
            "annotations": []
        },
        {
            "sentence": "\u201cYou can definitely do it with an act of Congress.",
            "sentence-index": 4,
            "annotations": []
        },
        {
            "sentence": "But now they\u2019re saying I can do it just with an executive order.\u201d",
            "sentence-index": 5,
            "annotations": []
        },
        {
            "sentence": "He said the right awarded to babies born as birthright Americans is \u201cridiculous\u201d and that the system \u201chas to end.\u201d",
            "sentence-index": 6,
            "annotations": [
                {
                    "start": 69,
                    "end": 79,
                    "target": "birthright citizenship",
                    "polarity": "Negative",
                    "aim": "Direct",
                    "indirect-target-name": "",
                    "indirect-ally-opponent-sentiment": "",
                    "bias": "Informational",
                    "quote": "Yes",
                    "speaker": "Trump",
                    "text": "ridiculous"
                }
            ]
        },
        {
            "sentence": "Trump also falsely stated that the U.S. is \u201cthe only country in the world\u201d that offers citizenship to those born here.",
            "sentence-index": 7,
            "annotations": []
        },
        {
            "sentence": "More than 30 nations, including Canada and Mexico, have similar policies.",
            "sentence-index": 8,
            "annotations": [
                {
                    "start": 0,
                    "end": 73,
                    "target": "Trump",
                    "polarity": "Negative",
                    "aim": "Direct",
                    "indirect-target-name": "",
                    "indirect-ally-opponent-sentiment": "",
                    "bias": "Informational",
                    "quote": "No",
                    "speaker": "",
                    "text": "More than 30 nations, including Canada and Mexico, have similar policies."
                }
            ]
        },
        {
            "sentence": "It\u2019s not clear what the executive order would look like or when it would be proposed \u2015 if Trump follows through at all, considering his tendency for pre-election bluster and warnings he has received from fellow Republicans, including House Speaker Paul Ryan (Wis.), who have said doing so would be outside the bounds the president\u2019s authority.",
            "sentence-index": 9,
            "annotations": [
                {
                    "start": 162,
                    "end": 169,
                    "target": "Trump",
                    "polarity": "Negative",
                    "aim": "Direct",
                    "indirect-target-name": "",
                    "indirect-ally-opponent-sentiment": "",
                    "bias": "Lexical",
                    "quote": "No",
                    "speaker": "",
                    "text": "bluster "
                }
            ]
        },
        {
            "sentence": "All babies born in the U.S. are American citizens under the Constitution\u2019s 14th Amendment, which cannot be changed by presidential order.",
            "sentence-index": 10,
            "annotations": []
        },
        {
            "sentence": "Changing that policy would dramatically reshape the U.S. \u2015 effectively punishing the children of undocumented immigrants, whom Trump has vowed to remove from the country.",
            "sentence-index": 11,
            "annotations": [
                {
                    "start": 59,
                    "end": 120,
                    "target": "Trump",
                    "polarity": "Negative",
                    "aim": "Direct",
                    "indirect-target-name": "",
                    "indirect-ally-opponent-sentiment": "",
                    "bias": "Informational",
                    "quote": "No",
                    "speaker": "",
                    "text": "effectively punishing the children of undocumented immigrants"
                }
            ]
        },
        {
            "sentence": "Even if he doesn\u2019t follow through or succeed, though, Trump\u2019s vow to try aligns with other messaging and actions attacking undocumented immigrants ahead of the midterm elections next Tuesday.",
            "sentence-index": 12,
            "annotations": []
        },
        {
            "sentence": "An executive order challenging birthright citizenship would ensure a legal battle, in which most experts think the president would fail.",
            "sentence-index": 13,
            "annotations": []
        },
        {
            "sentence": "The Supreme Court ruled in 1898\u2019s U.S. v. Wong Kim Ark that a child born in the U.S. to immigrant parents was a citizen under the 14th Amendment.",
            "sentence-index": 14,
            "annotations": []
        },
        {
            "sentence": "\u201cThe president cannot erase the Constitution with an executive order, and the 14th Amendment\u2019s citizenship guarantee is clear,\u201d said Omar Jadwat, director of the ACLU\u2019s Immigrants\u2019 Rights Project.",
            "sentence-index": 15,
            "annotations": []
        },
        {
            "sentence": "\u201cThis is a transparent and blatantly unconstitutional attempt to sow division and fan the flames of anti-immigrant hatred in the days ahead of the midterms.\u201d",
            "sentence-index": 16,
            "annotations": [
                {
                    "start": 1,
                    "end": 155,
                    "target": "Trump",
                    "polarity": "Negative",
                    "aim": "Direct",
                    "indirect-target-name": "",
                    "indirect-ally-opponent-sentiment": "",
                    "bias": "Informational",
                    "quote": "Yes",
                    "speaker": "Other (Anti-target)",
                    "text": "This is a transparent and blatantly unconstitutional attempt to sow division and fan the flames of anti-immigrant hatred in the days ahead of the midterms"
                }
            ]
        },
        {
            "sentence": "Some Republicans \u2015 including Ryan \u2015 quickly shot down Trump\u2019s idea.",
            "sentence-index": 17,
            "annotations": []
        },
        {
            "sentence": "\u201cYou cannot end birthright citizenship with an executive order,\u201d the House speaker said Tuesday on WVLK Radio, according to Bloomberg News reporter Erik Wasson.",
            "sentence-index": 18,
            "annotations": []
        },
        {
            "sentence": "Rep. Carlos Curbelo (R-Fla.) criticized the president\u2019s statement, calling instead for immigration reform \u201cthat makes our country more secure and reaffirms our wonderful tradition as a nation of immigrants.\u201d",
            "sentence-index": 19,
            "annotations": [
                {
                    "start": 160,
                    "end": 169,
                    "target": "birthright citizenship",
                    "polarity": "Positive",
                    "aim": "Direct",
                    "indirect-target-name": "",
                    "indirect-ally-opponent-sentiment": "",
                    "bias": "Lexical",
                    "quote": "No",
                    "speaker": "",
                    "text": "wonderful"
                }
            ]
        },
        {
            "sentence": "Another Republican, Rep. Justin Amash of Michigan, also tweeted that such an executive order would not be possible.",
            "sentence-index": 20,
            "annotations": []
        },
        {
            "sentence": "The are some experts who disagree.",
            "sentence-index": 21,
            "annotations": []
        },
        {
            "sentence": "Axios cited John Eastman, a constitutional law professor at Chapman University and director of The Claremont Institute\u2019s Center for Constitutional Jurisprudence, who said the amendment has been misapplied and was not intended to apply to every person born in the U.S. regardless of parentage.",
            "sentence-index": 22,
            "annotations": []
        },
        {
            "sentence": "Sen. Lindsey Graham (R-S.C.) announced Tuesday that he would introduce legislation \u201calong the same lines as the proposed executive order from President Trump\u201d to end birthright citizenship, a policy change he has supported for years.",
            "sentence-index": 23,
            "annotations": []
        },
        {
            "sentence": "It\u2019s unclear what his legislation would look like \u2015 and he has previously suggested such a change would require a constitutional amendment.",
            "sentence-index": 24,
            "annotations": []
        },
        {
            "sentence": "\u201cThis policy is a magnet for illegal immigration, out of the mainstream of the developed world, and needs to come to an end,\u201d Graham said in a statement on Tuesday.",
            "sentence-index": 25,
            "annotations": [
                {
                    "start": 1,
                    "end": 123,
                    "target": "birthright citizenship",
                    "polarity": "Negative",
                    "aim": "Direct",
                    "indirect-target-name": "",
                    "indirect-ally-opponent-sentiment": "",
                    "bias": "Informational",
                    "quote": "Yes",
                    "speaker": "Other (Neutral)",
                    "text": "This policy is a magnet for illegal immigration, out of the mainstream of the developed world, and needs to come to an end"
                }
            ]
        },
        {
            "sentence": "Trump has long supported ending birthright citizenship, recommending in 2015 on the campaign trail that the country \u201cstart a process\u201d to scrap it.",
            "sentence-index": 26,
            "annotations": []
        },
        {
            "sentence": "\u201cI don\u2019t think they have American citizenship and if you speak to some very, very good lawyers \u2014 and I know some will disagree \u2014 but many of them agree with me and you\u2019re going to find they do not have American citizenship.",
            "sentence-index": 27,
            "annotations": []
        },
        {
            "sentence": "Our country is going to hell,\u201d Trump said then in an interview with CNN.",
            "sentence-index": 28,
            "annotations": [
                {
                    "start": 0,
                    "end": 28,
                    "target": "birthright citizenship",
                    "polarity": "Negative",
                    "aim": "Direct",
                    "indirect-target-name": "",
                    "indirect-ally-opponent-sentiment": "",
                    "bias": "Informational",
                    "quote": "Yes",
                    "speaker": "Trump",
                    "text": "Our country is going to hell"
                }
            ]
        },
        {
            "sentence": "The president has lasered in on immigration ahead of next week\u2019s midterm elections, stoking fear about the caravan of migrants heading toward the U.S.-Mexico border from Central America.",
            "sentence-index": 29,
            "annotations": [
                {
                    "start": 18,
                    "end": 28,
                    "target": "Trump",
                    "polarity": "Negative",
                    "aim": "Direct",
                    "indirect-target-name": "",
                    "indirect-ally-opponent-sentiment": "",
                    "bias": "Lexical",
                    "quote": "No",
                    "speaker": "",
                    "text": "lasered in"
                },
                {
                    "start": 84,
                    "end": 96,
                    "target": "Trump",
                    "polarity": "Negative",
                    "aim": "Direct",
                    "indirect-target-name": "",
                    "indirect-ally-opponent-sentiment": "",
                    "bias": "Lexical",
                    "quote": "No",
                    "speaker": "",
                    "text": "stoking fear"
                }
            ]
        },
        {
            "sentence": "He has falsely claimed the caravan is stocked with criminals, gang members and Middle Eastern terrorists, and has threatened to cut off aid to Honduras, El Salvador and Guatemala, the countries where most of the migrants hail from.",
            "sentence-index": 30,
            "annotations": []
        },
        {
            "sentence": "He deployed 5,200 active-duty troops to the border on Monday in what officials of his administration described as a necessary national security measure.",
            "sentence-index": 31,
            "annotations": []
        }
    ]
}