{
    "source": "fox",
    "main-entities": [
        "Mitt Romney",
        "Todd Akin"
    ],
    "main-event": "Romney urges Akin to drop out of Senate race",
    "title": "Romney calls on Rep. Akin to drop Senate bid over 'rape' comments",
    "url": "http://www.foxnews.com/politics/2012/08/21/rep-akin-appeals-for-forgiveness-in-new-ad-as-pressure-over-rape-comment-builds/",
    "word-count": 704,
    "date": "2012-08-21",
    "article-level-annotations": {
        "author-sentiment": {
            "main-event": "Neutral",
            "Mitt Romney": "Neutral",
            "Todd Akin": "Neutral"
        },
        "stance": "Right"
    },
    "annotators": [
        "A",
        "C"
    ],
    "body": [
        {
            "sentence": "Mitt Romney joined several other Republicans Tuesday in calling on Missouri Rep. Todd Akin to give up his bid for Senate over his controversial comments on rape, as the Republican congressman continued to hold his ground and vowed to stay in the race.",
            "sentence-index": 0,
            "annotations": []
        },
        {
            "sentence": "Romney added his voice after five past and present Missouri Republican senators urged Akin to step aside.",
            "sentence-index": 1,
            "annotations": []
        },
        {
            "sentence": "In a statement released Tuesday afternoon, they said his presence does not serve \"the national interest.\"",
            "sentence-index": 2,
            "annotations": []
        },
        {
            "sentence": "\"The issues at stake are too big, and this election is simply too important.",
            "sentence-index": 3,
            "annotations": []
        },
        {
            "sentence": "The right decision is to step aside,\" they said.",
            "sentence-index": 4,
            "annotations": []
        },
        {
            "sentence": "The statement came from Missouri Sen. Roy Blunt, and former Sens. John Ashcroft, Kit Bond, John Danforth and Jim Talent",
            "sentence-index": 5,
            "annotations": []
        },
        {
            "sentence": "Romney released a statement late Tuesday saying: \"As I said yesterday, Todd Akin's comments were offensive and wrong and he should very seriously consider what course would be in the best interest of our country.",
            "sentence-index": 6,
            "annotations": [
                {
                    "start": 71,
                    "end": 116,
                    "target": "Todd Akin",
                    "polarity": "Negative",
                    "aim": "Direct",
                    "indirect-target-name": "",
                    "indirect-ally-opponent-sentiment": "",
                    "bias": "Informational",
                    "quote": "Yes",
                    "speaker": "Mitt Romney",
                    "text": "Todd Akin's comments were offensive and wrong"
                }
            ]
        },
        {
            "sentence": "Today, his fellow Missourians urged him to step aside, and I think he should accept their counsel and exit the Senate race.\"",
            "sentence-index": 7,
            "annotations": []
        },
        {
            "sentence": "Akin, though, told Fox News host Mike Huckabee on his radio show Tuesday afternoon that he's staying in.",
            "sentence-index": 8,
            "annotations": []
        },
        {
            "sentence": "\"I believe that we can win this,\" Akin said, citing a \"tremendous outpouring of support\" from individual donors even as party heavyweights freeze him out.",
            "sentence-index": 9,
            "annotations": []
        },
        {
            "sentence": "The Republican congressman is facing a 5 p.m. deadline to withdraw -- after that, he would need a court order to have his name removed from the ballot.",
            "sentence-index": 10,
            "annotations": []
        },
        {
            "sentence": "But Akin rebuffed calls late Monday to step aside and let another Republican candidate take his place.",
            "sentence-index": 11,
            "annotations": [
                {
                    "start": 9,
                    "end": 17,
                    "target": "Todd Akin",
                    "polarity": "Negative",
                    "aim": "Direct",
                    "indirect-target-name": "",
                    "indirect-ally-opponent-sentiment": "",
                    "bias": "Lexical",
                    "quote": "No",
                    "speaker": "",
                    "text": "rebuffed"
                }
            ]
        },
        {
            "sentence": "Instead, his campaign released a new ad in which Akin looks into the camera and addresses the controversy surrounding his remarks.",
            "sentence-index": 12,
            "annotations": []
        },
        {
            "sentence": "\"Rape is an evil act.",
            "sentence-index": 13,
            "annotations": []
        },
        {
            "sentence": "I used the wrong words in the wrong way and for that I apologize,\" he said in the ad.",
            "sentence-index": 14,
            "annotations": []
        },
        {
            "sentence": "\"As the father of two daughters, I want tough justice for predators.",
            "sentence-index": 15,
            "annotations": []
        },
        {
            "sentence": "I have a compassionate heart for the victims of sexual assault. And I pray for them.",
            "sentence-index": 16,
            "annotations": []
        },
        {
            "sentence": "The fact is, rape can lead to pregnancy.",
            "sentence-index": 17,
            "annotations": []
        },
        {
            "sentence": "The truth is, rape has many victims.",
            "sentence-index": 18,
            "annotations": []
        },
        {
            "sentence": "\"The mistake I made was in the words I said, not in the heart I hold.",
            "sentence-index": 19,
            "annotations": [
                {
                    "start": 0,
                    "end": 69,
                    "target": "Todd Akin",
                    "polarity": "Positive",
                    "aim": "Direct",
                    "indirect-target-name": "",
                    "indirect-ally-opponent-sentiment": "",
                    "bias": "Informational",
                    "quote": "Yes",
                    "speaker": "Todd Akin",
                    "text": "\"The mistake I made was in the words I said, not in the heart I hold."
                }
            ]
        },
        {
            "sentence": "I ask for your forgiveness,\" he said.",
            "sentence-index": 20,
            "annotations": []
        },
        {
            "sentence": "The video was released after Akin canceled a scheduled television interview Monday night.",
            "sentence-index": 21,
            "annotations": [
                {
                    "start": 0,
                    "end": 89,
                    "target": "Todd Akin",
                    "polarity": "Negative",
                    "aim": "Direct",
                    "indirect-target-name": "",
                    "indirect-ally-opponent-sentiment": "",
                    "bias": "Informational",
                    "quote": "No",
                    "speaker": "",
                    "text": "The video was released after Akin canceled a scheduled television interview Monday night."
                }
            ]
        },
        {
            "sentence": "Akin's ad, and claims Monday that he's \"going to stay in,\" defied Republican Party leaders who are nervous the controversy could imperil their chances of taking control of the Senate after the November elections.",
            "sentence-index": 22,
            "annotations": []
        },
        {
            "sentence": "Akin is challenging Democratic Missouri Sen. Claire McCaskill in a race considered key to a GOP Senate majority come 2013.",
            "sentence-index": 23,
            "annotations": []
        },
        {
            "sentence": "A source within the National Republican Senatorial Committee told Fox News that Sen. John Cornyn, head of the Senate GOP campaign arm, already has told Akin that if he stays in the race, the $5 million set aside for the Missouri race will be withdrawn.",
            "sentence-index": 24,
            "annotations": []
        },
        {
            "sentence": "Cornyn, according to the source, told him the party is concerned his presence in the race could hurt Republicans' chances of winning the Senate majority.",
            "sentence-index": 25,
            "annotations": []
        },
        {
            "sentence": "Akin made the remarks in an interview with Fox affiliate KTVI.",
            "sentence-index": 26,
            "annotations": []
        },
        {
            "sentence": "He claimed a woman's body can typically fend off pregnancy during a \"legitimate rape,\" as he argued against allowing abortions in cases of rape, claiming such pregnancies are uncommon in the first place.",
            "sentence-index": 27,
            "annotations": []
        },
        {
            "sentence": "\"It seems to me first of all, from what I understand from doctors, that's really rare,\" Akin told KTVI.",
            "sentence-index": 28,
            "annotations": []
        },
        {
            "sentence": "\"If it's a legitimate rape, the female body has ways to try to shut that whole thing down.\"",
            "sentence-index": 29,
            "annotations": []
        },
        {
            "sentence": "Top Senate leaders including Senate Republican Leader Mitch McConnell have condemned Akin's comments.",
            "sentence-index": 30,
            "annotations": []
        },
        {
            "sentence": "\"What he said is just flat wrong in addition to being wildly offensive to any victim of sexual abuse,\" McConnell said.",
            "sentence-index": 31,
            "annotations": [
                {
                    "start": 1,
                    "end": 100,
                    "target": "Todd Akin",
                    "polarity": "Negative",
                    "aim": "Direct",
                    "indirect-target-name": "",
                    "indirect-ally-opponent-sentiment": "",
                    "bias": "Informational",
                    "quote": "Yes",
                    "speaker": "Other (Anti-target)",
                    "text": "What he said is just flat wrong in addition to being wildly offensive to any victim of sexual abuse"
                }
            ]
        },
        {
            "sentence": "\"Although Rep. Akin has apologized, I believe he should take time with his family to consider whether this statement will prevent him from effectively representing our party in this critical election.\"",
            "sentence-index": 32,
            "annotations": []
        },
        {
            "sentence": "Republican Sen. Scott Brown, who's in a tough race against Democrat Elizabeth Warren in Massachusetts, was the first Republican senator to call on Akin to withdraw from the race.",
            "sentence-index": 33,
            "annotations": []
        },
        {
            "sentence": "Akin apologized for his remarks Monday.",
            "sentence-index": 34,
            "annotations": []
        },
        {
            "sentence": "He tweeted Monday afternoon: \"I am in this race to win.\"",
            "sentence-index": 35,
            "annotations": []
        }
    ]
}