{
    "source": "fox",
    "main-entities": [
        "Donald Trump",
        "Barack Obama",
        "Hillary Clinton"
    ],
    "main-event": "Trump criticizes Obama and Clinton over Orlando shooting",
    "title": "Trump takes on Obama, Clinton over \u2018radical Islam\u2019 as candidates condemn terror",
    "url": "http://www.foxnews.com/politics/2016/06/13/trump-takes-on-obama-clinton-over-radical-islam-as-candidates-condemn-terror.html",
    "word-count": 640,
    "date": "2016-06-13",
    "article-level-annotations": {
        "author-sentiment": {
            "main-event": "Neutral",
            "Donald Trump": "Neutral",
            "Barack Obama": "Negative",
            "Hillary Clinton": "Neutral"
        },
        "stance": "Right"
    },
    "annotators": [
        "A",
        "C"
    ],
    "body": [
        {
            "sentence": "The terror massacre at a packed Orlando nightclub reverberated across the presidential campaign trail Sunday, as the candidates condemned the deadliest shooting in U.S. history -- and Donald Trump ripped President Obama and Hillary Clinton for avoiding the term \u201cradical Islam\u201d in doing so.",
            "sentence-index": 0,
            "annotations": []
        },
        {
            "sentence": "The presumptive Republican presidential nominee went so far as to say Obama should \u201cstep down\u201d for not using the term and Clinton should \u201cget out of this race\u201d if she won\u2019t either.",
            "sentence-index": 1,
            "annotations": [
                {
                    "start": 48,
                    "end": 69,
                    "target": "Donald Trump",
                    "polarity": "Negative",
                    "aim": "Direct",
                    "indirect-target-name": "",
                    "indirect-ally-opponent-sentiment": "",
                    "bias": "Lexical",
                    "quote": "No",
                    "speaker": "",
                    "text": "went so far as to say"
                }
            ]
        },
        {
            "sentence": "\u201cIf we do not get tough and smart real fast, we are not going to have a country anymore,\u201d Trump said in a statement.",
            "sentence-index": 2,
            "annotations": []
        },
        {
            "sentence": "\u201cBecause our leaders are weak, I said this was going to happen -- and it is only going to get worse.",
            "sentence-index": 3,
            "annotations": [
                {
                    "start": 9,
                    "end": 29,
                    "target": "Barack Obama",
                    "polarity": "Negative",
                    "aim": "Direct",
                    "indirect-target-name": "",
                    "indirect-ally-opponent-sentiment": "",
                    "bias": "Informational",
                    "quote": "Yes",
                    "speaker": "Donald Trump",
                    "text": "our leaders are weak"
                }
            ]
        },
        {
            "sentence": "I am trying to save lives and prevent the next terrorist attack.",
            "sentence-index": 4,
            "annotations": []
        },
        {
            "sentence": "We can't afford to be politically correct anymore.\u201d",
            "sentence-index": 5,
            "annotations": []
        },
        {
            "sentence": "Obama, speaking from the White House on Sunday, said the nightclub massacre in which 50 people were killed and at least 53 others were wounded is being investigated as an \u201cact of terror,\u201d though did not say whether it was tied to radical Islam.",
            "sentence-index": 6,
            "annotations": []
        },
        {
            "sentence": "The gunman, Omar Mir Seddique Mateen, was heard shouting \u201cAllahu Akbar\u201d while engaging officers, law enforcement sources told Fox News.",
            "sentence-index": 7,
            "annotations": []
        },
        {
            "sentence": "Mateen also called 911 during the shooting to pledge allegiance to ISIS leader Abu Bakr al-Baghdadi, Fox News has learned.",
            "sentence-index": 8,
            "annotations": []
        },
        {
            "sentence": "ISIS reportedly claimed responsibility for the attack, though it\u2019s unclear if the shooting was actually directed by the group or only inspired by it.",
            "sentence-index": 9,
            "annotations": []
        },
        {
            "sentence": "All these details, surrounding the deadliest terror attack on the U.S. homeland since 9/11, have fueled tensions in the presidential race at an already-combustible time.",
            "sentence-index": 10,
            "annotations": []
        },
        {
            "sentence": "Trump has faced intense criticism from members of both parties for his calls to temporarily ban Muslim immigration to the U.S.",
            "sentence-index": 11,
            "annotations": [
                {
                    "start": 0,
                    "end": 126,
                    "target": "Donald Trump",
                    "polarity": "Negative",
                    "aim": "Direct",
                    "indirect-target-name": "",
                    "indirect-ally-opponent-sentiment": "",
                    "bias": "Informational",
                    "quote": "No",
                    "speaker": "",
                    "text": "Trump has faced intense criticism from members of both parties for his calls to temporarily ban Muslim immigration to the U.S."
                }
            ]
        },
        {
            "sentence": "In the wake of the Orlando attack, Trump again defended his proposals, saying on Twitter: \u201cWhat has happened in Orlando is just the beginning.",
            "sentence-index": 12,
            "annotations": []
        },
        {
            "sentence": "Our leadership is weak and ineffective. I called it and asked for the ban. Must be tough.\u201d",
            "sentence-index": 13,
            "annotations": [
                {
                    "start": 0,
                    "end": 38,
                    "target": "Barack Obama",
                    "polarity": "Negative",
                    "aim": "Direct",
                    "indirect-target-name": "",
                    "indirect-ally-opponent-sentiment": "",
                    "bias": "Informational",
                    "quote": "Yes",
                    "speaker": "Donald Trump",
                    "text": "Our leadership is weak and ineffective"
                }
            ]
        },
        {
            "sentence": "Trump originally was planning to deliver a speech Monday in Manchester, N.H., focused on the Clintons.",
            "sentence-index": 14,
            "annotations": []
        },
        {
            "sentence": "In the wake of the Orlando attack, it will also focus on security and immigration issues, Fox News is told.",
            "sentence-index": 15,
            "annotations": []
        },
        {
            "sentence": "Democratic candidate Bernie Sanders also condemned the attack, while speaking to reporters outside his home in Burlington, Vt.",
            "sentence-index": 16,
            "annotations": []
        },
        {
            "sentence": "Earlier Sunday, Clinton released a statement unequivocally calling the massacre an \u201cact of terror.\u201d",
            "sentence-index": 17,
            "annotations": []
        },
        {
            "sentence": "\u201cFor now, we can say for certain that we need to redouble our efforts to defend our country from threats at home and abroad.",
            "sentence-index": 18,
            "annotations": []
        },
        {
            "sentence": "That means defeating international terror groups, working with allies and partners to go after them wherever they are, countering their attempts to recruit people here and everywhere, and hardening our defenses at home.",
            "sentence-index": 19,
            "annotations": []
        },
        {
            "sentence": "It also means refusing to be intimidated and staying true to our values,\u201d she said.",
            "sentence-index": 20,
            "annotations": []
        },
        {
            "sentence": "She also called it an \u201cact of hate\u201d -- a term Obama also used -- since the attacker targeted an LGBT nightclub during Pride Month.",
            "sentence-index": 21,
            "annotations": []
        },
        {
            "sentence": "And she said the country needs to \u201ckeep guns like the ones used last night out of the hands of terrorists or other violent criminals.\u201d",
            "sentence-index": 22,
            "annotations": []
        },
        {
            "sentence": "Clinton did not reference radical Islam.",
            "sentence-index": 23,
            "annotations": [
                {
                    "start": 0,
                    "end": 40,
                    "target": "Hillary Clinton",
                    "polarity": "Negative",
                    "aim": "Direct",
                    "indirect-target-name": "",
                    "indirect-ally-opponent-sentiment": "",
                    "bias": "Informational",
                    "quote": "No",
                    "speaker": "",
                    "text": "Clinton did not reference radical Islam."
                }
            ]
        },
        {
            "sentence": "Meanwhile, a joint campaign rally with Clinton and Obama set for Wednesday in Green Bay, Wis., has been postponed in light of the attack, according to a White House official.",
            "sentence-index": 24,
            "annotations": []
        },
        {
            "sentence": "Obama also ordered U.S. flags to be flown at half-staff \u201cas a mark of respect for the victims of the act of hatred and terror perpetrated on Sunday, June 12, 2016, in Orlando, Florida.\u201d",
            "sentence-index": 25,
            "annotations": []
        },
        {
            "sentence": "Florida GOP Gov. Rick Scott declared a state of emergency, which will make additional resources available for local authorities.",
            "sentence-index": 26,
            "annotations": []
        },
        {
            "sentence": "He offered \u201cthoughts and prayers\u201d to all those affected by the attack, particularly the victims and their families, and praised the efforts of the first-responders.",
            "sentence-index": 27,
            "annotations": []
        }
    ]
}