{
    "source": "hpo",
    "main-entities": [
        "Asa Hutchinson"
    ],
    "main-event": "state legislature passed a new version of the Religious Freedom Reformation Act",
    "title": "Arkansas Gov. Signs Amended Religious Freedom Bill",
    "url": "http://www.huffingtonpost.com/2015/04/02/asa-hutchinson-arkansas-rfra_n_6995826.html",
    "word-count": 244,
    "date": "2015-04-02",
    "article-level-annotations": {
        "author-sentiment": {
            "main-event": "Neutral",
            "Asa Hutchinson": "Neutral"
        },
        "stance": "Center"
    },
    "annotators": [
        "B",
        "C"
    ],
    "body": [
        {
            "sentence": "Arkansas Gov. Asa Hutchinson (R) signed a revised version of the state's Religious Freedom Reformation Act on Thursday, one day after refusing to sign an earlier version of the bill over concerns about discrimination against lesbian, gay, bisexual and transgender individuals.",
            "sentence-index": 0,
            "annotations": [
                {
                    "start": 120,
                    "end": 275,
                    "target": "Asa Hutchinson",
                    "polarity": "Negative",
                    "aim": "Direct",
                    "indirect-target-name": "",
                    "indirect-ally-opponent-sentiment": "",
                    "bias": "Informational",
                    "quote": "No",
                    "speaker": "",
                    "text": "one day after refusing to sign an earlier version of the bill over concerns about discrimination against lesbian, gay, bisexual and transgender individuals"
                }
            ]
        },
        {
            "sentence": "Earlier Thursday, the Republican-controlled state legislature passed a new version of the bill at the governor's request, amending provisions that would have allowed businesses to discriminate against LGBT customers.",
            "sentence-index": 1,
            "annotations": []
        },
        {
            "sentence": "The amended legislation mirrors the federal RFRA.",
            "sentence-index": 2,
            "annotations": []
        },
        {
            "sentence": "Meanwhile, legislators in Indiana have made changes to the controversial RFRA signed into law by Gov. Mike Pence (R) last week.",
            "sentence-index": 3,
            "annotations": []
        },
        {
            "sentence": "On Thursday, the state's general assembly passed new language explicitly stating that the law does not allow discrimination based on sexual orientation or gender identity.",
            "sentence-index": 4,
            "annotations": []
        },
        {
            "sentence": "The changes came amid immense national backlash, with dozens of politicians, business leaders and celebrities speaking out against the bill.",
            "sentence-index": 5,
            "annotations": []
        },
        {
            "sentence": "In a Wednesday press conference announcing his opposition to the initial version of the bill, Hutchinson said his son had asked him to veto the legislation.",
            "sentence-index": 6,
            "annotations": []
        },
        {
            "sentence": "\"My son Seth signed the petition asking me, Dad, the governor, to veto this bill,\" he said.",
            "sentence-index": 7,
            "annotations": []
        },
        {
            "sentence": "\"And he gave me permission to make that reference, and it shows that families -- and there's a generational difference of opinion on these issues.\"",
            "sentence-index": 8,
            "annotations": [
                {
                    "start": 1,
                    "end": 145,
                    "target": "Asa Hutchinson",
                    "polarity": "Positive",
                    "aim": "Direct",
                    "indirect-target-name": "",
                    "indirect-ally-opponent-sentiment": "",
                    "bias": "Informational",
                    "quote": "Yes",
                    "speaker": "Asa Hutchinson",
                    "text": "And he gave me permission to make that reference, and it shows that families -- and there's a generational difference of opinion on these issues"
                }
            ]
        },
        {
            "sentence": "Hutchinson also faced pressure from Walmart, which is headquartered in the state.",
            "sentence-index": 9,
            "annotations": [
                {
                    "start": 0,
                    "end": 81,
                    "target": "Asa Hutchinson",
                    "polarity": "Negative",
                    "aim": "Direct",
                    "indirect-target-name": "",
                    "indirect-ally-opponent-sentiment": "",
                    "bias": "Informational",
                    "quote": "No",
                    "speaker": "",
                    "text": "Hutchinson also faced pressure from Walmart, which is headquartered in the state."
                }
            ]
        },
        {
            "sentence": "CEO Doug McMillon called on the governor to veto the bill, which he said \"threatens to undermine the spirit of inclusion.\"",
            "sentence-index": 10,
            "annotations": [
                {
                    "start": 0,
                    "end": 122,
                    "target": "Asa Hutchinson",
                    "polarity": "Negative",
                    "aim": "Indirect (General)",
                    "indirect-target-name": "Arkansas bill",
                    "indirect-ally-opponent-sentiment": "Negative",
                    "bias": "Informational",
                    "quote": "No",
                    "speaker": "",
                    "text": "CEO Doug McMillon called on the governor to veto the bill, which he said \"threatens to undermine the spirit of inclusion.\""
                }
            ]
        }
    ]
}