{
    "source": "nyt",
    "main-entities": [
        "Asa Hutchinson",
        "Seth Hutchinson"
    ],
    "main-event": "Seth Hutchinson disagrees with Asa Hutchinson's stand on the religious freedom bill",
    "title": "Arkansas Governor\u2019s Son Thrust Into Spotlight Over Religious Exception Bill",
    "url": "https://mobile.nytimes.com/2015/04/02/us/arkansas-governors-son-thurst-into-spotlight-over-religious-freedom-bill.html",
    "word-count": 606,
    "date": "2015-04-01",
    "article-level-annotations": {
        "author-sentiment": {
            "main-event": "Neutral",
            "Asa Hutchinson": "Neutral",
            "Seth Hutchinson": "Positive"
        },
        "stance": "Left"
    },
    "annotators": [
        "B",
        "C"
    ],
    "body": [
        {
            "sentence": "When Gov. Asa Hutchinson, Republican of Arkansas, spoke on Wednesday about the future of what proponents call the religious freedom bill pending in his state, he disclosed that the proposal had drawn resistance from a particularly noteworthy critic: his son, Seth Hutchinson.",
            "sentence-index": 0,
            "annotations": [
                {
                    "start": 177,
                    "end": 274,
                    "target": "Asa Hutchinson",
                    "polarity": "Negative",
                    "aim": "Direct",
                    "indirect-target-name": "",
                    "indirect-ally-opponent-sentiment": "",
                    "bias": "Informational",
                    "quote": "No",
                    "speaker": "",
                    "text": "the proposal had drawn resistance from a particularly noteworthy critic: his son, Seth Hutchinson"
                }
            ]
        },
        {
            "sentence": "But to people familiar with the Hutchinsons, long one of the most influential families in Arkansas, the news was hardly a bombshell.",
            "sentence-index": 1,
            "annotations": []
        },
        {
            "sentence": "\u201cIt would be surprising to me if he didn\u2019t do that,\u201d said Shawn Standefer, a childhood friend of the younger Mr. Hutchinson who captained their national championship-winning Quiz Bowl team in high school.",
            "sentence-index": 2,
            "annotations": [
                {
                    "start": 124,
                    "end": 203,
                    "target": "Seth Hutchinson",
                    "polarity": "Positive",
                    "aim": "Direct",
                    "indirect-target-name": "",
                    "indirect-ally-opponent-sentiment": "",
                    "bias": "Informational",
                    "quote": "No",
                    "speaker": "",
                    "text": "who captained their national championship-winning Quiz Bowl team in high school"
                }
            ]
        },
        {
            "sentence": "\u201cHe\u2019s always been concerned with justice, however he\u2019s thought of it.\u201d",
            "sentence-index": 3,
            "annotations": [
                {
                    "start": 1,
                    "end": 68,
                    "target": "Seth Hutchinson",
                    "polarity": "Positive",
                    "aim": "Direct",
                    "indirect-target-name": "",
                    "indirect-ally-opponent-sentiment": "",
                    "bias": "Informational",
                    "quote": "Yes",
                    "speaker": "Other (Pro-target)",
                    "text": "He\u2019s always been concerned with justice, however he\u2019s thought of it"
                }
            ]
        },
        {
            "sentence": "And so it was on Saturday, with lawmakers nearing a vote on the legislation that critics said would legalize discrimination against gay people, that the younger Mr. Hutchinson wrote to his father and warned that the proposal could damage Arkansas\u2019s reputation and economy.",
            "sentence-index": 4,
            "annotations": []
        },
        {
            "sentence": "It was only the latest chapter in a politically complicated relationship between Asa Hutchinson, a former congressman, and Seth Hutchinson, 31, an organizer for the Texas State Employees Union.",
            "sentence-index": 5,
            "annotations": []
        },
        {
            "sentence": "\u201cI love my dad, and we have a good, close relationship,\u201d Seth Hutchinson said on Wednesday.",
            "sentence-index": 6,
            "annotations": [
                {
                    "start": 1,
                    "end": 54,
                    "target": "Asa Hutchinson",
                    "polarity": "Positive",
                    "aim": "Direct",
                    "indirect-target-name": "",
                    "indirect-ally-opponent-sentiment": "",
                    "bias": "Informational",
                    "quote": "Yes",
                    "speaker": "Seth Hutchinson",
                    "text": "I love my dad, and we have a good, close relationship"
                }
            ]
        },
        {
            "sentence": "\u201cBut we disagree a lot on political issues.",
            "sentence-index": 7,
            "annotations": []
        },
        {
            "sentence": "This is just another one, but a lot of families disagree politically.",
            "sentence-index": 8,
            "annotations": []
        },
        {
            "sentence": "But we stay close.\u201d",
            "sentence-index": 9,
            "annotations": []
        },
        {
            "sentence": "Mr. Hutchinson has not always been what he described as the family\u2019s political \u201cblack sheep.\u201d",
            "sentence-index": 10,
            "annotations": []
        },
        {
            "sentence": "\u201cI kind of grew up on the campaign trail,\u201d he said.",
            "sentence-index": 11,
            "annotations": []
        },
        {
            "sentence": "\u201cHaving a political opinion just came naturally to me.",
            "sentence-index": 12,
            "annotations": []
        },
        {
            "sentence": "At first, I pretty much followed the values that my family and my parents laid out for me.\u201d",
            "sentence-index": 13,
            "annotations": []
        },
        {
            "sentence": "But, starting when he was about 15 and working as a dishwasher at a diner, Mr. Hutchinson\u2019s views began to change as he shuffled through other jobs, including stints at Chuck E. Cheese\u2019s and Sears.",
            "sentence-index": 14,
            "annotations": [
                {
                    "start": 149,
                    "end": 196,
                    "target": "Seth Hutchinson",
                    "polarity": "Positive",
                    "aim": "Direct",
                    "indirect-target-name": "",
                    "indirect-ally-opponent-sentiment": "",
                    "bias": "Informational",
                    "quote": "No",
                    "speaker": "",
                    "text": "including stints at Chuck E. Cheese\u2019s and Sears"
                }
            ]
        },
        {
            "sentence": "He grew frustrated when he saw older workers enduring financial hardships in low-paying jobs.",
            "sentence-index": 15,
            "annotations": []
        },
        {
            "sentence": "\u201cIt just showed me that there\u2019s something wrong,\u201d he said, adding that he became interested in gay rights at about the same time, when friends began discussing their sexual orientations and after the arrest of an art teacher, who was gay.",
            "sentence-index": 16,
            "annotations": []
        },
        {
            "sentence": "\u201cHe was not out,\u201d Mr. Hutchinson said of the teacher.",
            "sentence-index": 17,
            "annotations": []
        },
        {
            "sentence": "\u201cAnd he was arrested in a park \u2014 I think the official charge was attempting to loiter \u2014 and it was obvious he was there because he couldn\u2019t be out and keep his job.\u201d",
            "sentence-index": 18,
            "annotations": []
        },
        {
            "sentence": "Mr. Hutchinson had robust political discussions with his father even as a high school student, long before their views diverged so vastly.",
            "sentence-index": 19,
            "annotations": []
        },
        {
            "sentence": "\u201cHe would defend his views,\u201d Mr. Standefer said.",
            "sentence-index": 20,
            "annotations": [
                {
                    "start": 1,
                    "end": 26,
                    "target": "Seth Hutchinson",
                    "polarity": "Positive",
                    "aim": "Direct",
                    "indirect-target-name": "",
                    "indirect-ally-opponent-sentiment": "",
                    "bias": "Informational",
                    "quote": "Yes",
                    "speaker": "Other (Pro-target)",
                    "text": "He would defend his views"
                }
            ]
        },
        {
            "sentence": "\u201cAnd as they changed, he tried to stand by his new views.\u201d",
            "sentence-index": 21,
            "annotations": []
        },
        {
            "sentence": "Mr. Hutchinson spent a year at Georgetown University before enrolling at the University of Central Arkansas, where he joined groups like the Young Democratic Socialists, and rallied for gay rights during the tenure of another Republican, Gov. Mike Huckabee.",
            "sentence-index": 22,
            "annotations": []
        },
        {
            "sentence": "He would contact a cousin, Tim C. Hutchinson, who sat in the State House of Representatives, to register his views.",
            "sentence-index": 23,
            "annotations": []
        },
        {
            "sentence": "Seth Hutchinson later moved to Texas and became a labor activist, which the governor mentions to left-leaning audiences.",
            "sentence-index": 24,
            "annotations": []
        },
        {
            "sentence": "Father and son communicate regularly, Seth Hutchinson said, and the family gathers at least once or twice a year.",
            "sentence-index": 25,
            "annotations": []
        },
        {
            "sentence": "\u201cIt\u2019s always a lively and engaging conversation,\u201d Mr. Hutchinson said.",
            "sentence-index": 26,
            "annotations": []
        },
        {
            "sentence": "On Wednesday, the governor said he would ask lawmakers to either recall or rewrite portions of the bill.",
            "sentence-index": 27,
            "annotations": []
        },
        {
            "sentence": "Seth Hutchinson, though, refused to take credit.",
            "sentence-index": 28,
            "annotations": [
                {
                    "start": 0,
                    "end": 48,
                    "target": "Seth Hutchinson",
                    "polarity": "Positive",
                    "aim": "Direct",
                    "indirect-target-name": "",
                    "indirect-ally-opponent-sentiment": "",
                    "bias": "Informational",
                    "quote": "No",
                    "speaker": "",
                    "text": "Seth Hutchinson, though, refused to take credit."
                }
            ]
        },
        {
            "sentence": "\u201cI did not sway my dad,\u201d he said.",
            "sentence-index": 29,
            "annotations": []
        },
        {
            "sentence": "\u201cI think my dad is rethinking this because of the pressure that\u2019s coming at him from all sides.\u201d",
            "sentence-index": 30,
            "annotations": []
        }
    ]
}