{
    "source": "fox",
    "main-entities": [
        "Michael Grimm",
        "Justice Department"
    ],
    "main-event": "Federal charges filed against Grimm",
    "title": "Federal prosecutors plan to file charges against Rep. Grimm, attorney says",
    "url": "http://www.foxnews.com/politics/2014/04/25/federal-prosecutors-plan-to-file-charges-against-rep-grimm-attorney-says.html?intcmp=trending",
    "word-count": 441,
    "date": "2014-04-25",
    "article-level-annotations": {
        "author-sentiment": {
            "main-event": "Neutral",
            "Michael Grimm": "Neutral",
            "Justice Department": "Neutral"
        },
        "stance": "Right"
    },
    "annotators": [
        "A",
        "C"
    ],
    "body": [
        {
            "sentence": "New York Republican Rep. Michael Grimm's attorney confirmed late Friday that federal prosecutors plan to file criminal charges against the congressman.",
            "sentence-index": 0,
            "annotations": []
        },
        {
            "sentence": "The decision follows a two-year FBI investigation into various aspects of Grimm's business and campaign history.",
            "sentence-index": 1,
            "annotations": []
        },
        {
            "sentence": "\"We are disappointed by the government's decision, but hardly surprised,\" said the statement from Grimm's attorney, William McGinley.",
            "sentence-index": 2,
            "annotations": [
                {
                    "start": 51,
                    "end": 71,
                    "target": "Justice Department",
                    "polarity": "Negative",
                    "aim": "Direct",
                    "indirect-target-name": "",
                    "indirect-ally-opponent-sentiment": "",
                    "bias": "Informational",
                    "quote": "Yes",
                    "speaker": "Other (Anti-target)",
                    "text": "but hardly surprised"
                }
            ]
        },
        {
            "sentence": "\"From the beginning, the government has pursued a politically driven vendetta against Congressman Grimm and not an independent search for the truth.\"",
            "sentence-index": 3,
            "annotations": [
                {
                    "start": 0,
                    "end": 149,
                    "target": "Justice Department",
                    "polarity": "Negative",
                    "aim": "Direct",
                    "indirect-target-name": "",
                    "indirect-ally-opponent-sentiment": "",
                    "bias": "Informational",
                    "quote": "Yes",
                    "speaker": "Other (Anti-target)",
                    "text": "\"From the beginning, the government has pursued a politically driven vendetta against Congressman Grimm and not an independent search for the truth.\""
                }
            ]
        },
        {
            "sentence": "The statement said Grimm \"asserts his innocence of any wrongdoing\" and \"will be vindicated.\"",
            "sentence-index": 4,
            "annotations": []
        },
        {
            "sentence": "\"Until then, he will continue to serve his constituents with the same dedication and tenacity that has characterized his lifetime of public service as a Member of Congress, Marine Corps combat veteran, and decorated FBI Special Agent,\" the statement said.",
            "sentence-index": 5,
            "annotations": [
                {
                    "start": 121,
                    "end": 233,
                    "target": "Michael Grimm",
                    "polarity": "Positive",
                    "aim": "Direct",
                    "indirect-target-name": "",
                    "indirect-ally-opponent-sentiment": "",
                    "bias": "Informational",
                    "quote": "Yes",
                    "speaker": "Other (Pro-target)",
                    "text": "lifetime of public service as a Member of Congress, Marine Corps combat veteran, and decorated FBI Special Agent"
                }
            ]
        },
        {
            "sentence": "The House Ethics Committee announced in November that Grimm was under investigation for possible campaign finance violations.",
            "sentence-index": 6,
            "annotations": []
        },
        {
            "sentence": "That committee said it would defer its inquiry because of a separate Department of Justice investigation.",
            "sentence-index": 7,
            "annotations": []
        },
        {
            "sentence": "A spokesman for the U.S. attorney in Brooklyn said he could not confirm, deny or comment on the case.",
            "sentence-index": 8,
            "annotations": []
        },
        {
            "sentence": "Grimm made headlines in January after confronting a New York City cable news station reporter who tried to question him about a long-running FBI investigation into campaign finance on a balcony in the Capitol.",
            "sentence-index": 9,
            "annotations": []
        },
        {
            "sentence": "After reporter Michael Scotto finished his report, Grimm stormed back, leaned into him and said, \"Let me be clear to you.",
            "sentence-index": 10,
            "annotations": [
                {
                    "start": 0,
                    "end": 121,
                    "target": "Michael Grimm",
                    "polarity": "Negative",
                    "aim": "Direct",
                    "indirect-target-name": "",
                    "indirect-ally-opponent-sentiment": "",
                    "bias": "Informational",
                    "quote": "No",
                    "speaker": "",
                    "text": "After reporter Michael Scotto finished his report, Grimm stormed back, leaned into him and said, \"Let me be clear to you."
                }
            ]
        },
        {
            "sentence": "If you ever do that to me again, I'll throw you off this (expletive) balcony.\"",
            "sentence-index": 11,
            "annotations": [
                {
                    "start": 0,
                    "end": 78,
                    "target": "Michael Grimm",
                    "polarity": "Negative",
                    "aim": "Direct",
                    "indirect-target-name": "",
                    "indirect-ally-opponent-sentiment": "",
                    "bias": "Informational",
                    "quote": "Yes",
                    "speaker": "Michael Grimm",
                    "text": "If you ever do that to me again, I'll throw you off this (expletive) balcony.\""
                }
            ]
        },
        {
            "sentence": "Scotto, who was asking about fundraising during Grimm's first campaign, protested, saying he was asking \"a valid question.\"",
            "sentence-index": 12,
            "annotations": []
        },
        {
            "sentence": "During that race, Grimm has acknowledged receiving $250,000 to $300,000 in contributions from followers of an Israeli rabbi, Yoshiyahu Yosef Pinto.",
            "sentence-index": 13,
            "annotations": []
        },
        {
            "sentence": "Some members of Pinto's congregation subsequently said they made tens of thousands of dollars in illegal contributions, including gifts passed through straw donors.",
            "sentence-index": 14,
            "annotations": []
        },
        {
            "sentence": "Grimm has denied knowledge of any improprieties, and the FBI hasn't accused him of any wrongdoing.",
            "sentence-index": 15,
            "annotations": [
                {
                    "start": 53,
                    "end": 97,
                    "target": "Michael Grimm",
                    "polarity": "Positive",
                    "aim": "Direct",
                    "indirect-target-name": "",
                    "indirect-ally-opponent-sentiment": "",
                    "bias": "Informational",
                    "quote": "No",
                    "speaker": "",
                    "text": "the FBI hasn't accused him of any wrongdoing"
                }
            ]
        },
        {
            "sentence": "The Israeli businessman who had served as Grimm's liaison to Pinto's followers, Ofer Biton, pleaded guilty in August to an immigration fraud charge.",
            "sentence-index": 16,
            "annotations": []
        },
        {
            "sentence": "Three days after that guilty plea, the FBI filed a sealed criminal complaint accusing a Houston woman who had been romantically involved with Grimm of using straw donors to make illegal campaign contributions.",
            "sentence-index": 17,
            "annotations": []
        },
        {
            "sentence": "In that case, made public this month, the woman was accused of funneling at least $10,000 to Grimm's campaign by passing them through friends who agreed to have the donations listed under their names.",
            "sentence-index": 18,
            "annotations": []
        },
        {
            "sentence": "A spokesman in Grimm's Washington office, Nick Iacono, did not immediately return emails or a telephone message seeking comment Friday.",
            "sentence-index": 19,
            "annotations": [
                {
                    "start": 0,
                    "end": 135,
                    "target": "Michael Grimm",
                    "polarity": "Negative",
                    "aim": "Indirect (Ally)",
                    "indirect-target-name": "Nick Iacono",
                    "indirect-ally-opponent-sentiment": "Negative",
                    "bias": "Informational",
                    "quote": "No",
                    "speaker": "",
                    "text": "A spokesman in Grimm's Washington office, Nick Iacono, did not immediately return emails or a telephone message seeking comment Friday."
                }
            ]
        }
    ]
}