{
    "source": "hpo",
    "main-entities": [
        "Michael Grimm",
        "Justice Department"
    ],
    "main-event": "Federal charges filed against Grimm",
    "title": "GOP Congressman Expected To Be Indicted",
    "url": "https://www.huffingtonpost.com/2014/04/25/michael-grimm-indicted_n_5215385.html",
    "word-count": 317,
    "date": "2014-04-25",
    "article-level-annotations": {
        "author-sentiment": {
            "main-event": "Neutral",
            "Michael Grimm": "Neutral",
            "Justice Department": "Neutral"
        },
        "stance": "Center"
    },
    "annotators": [
        "A",
        "C"
    ],
    "body": [
        {
            "sentence": "Rep. Michael Grimm (R-N.Y.) is expected to be indicted by the U.S. attorney for the Eastern District of New York, Grimm's lawyer said Friday.",
            "sentence-index": 0,
            "annotations": []
        },
        {
            "sentence": "Politico was first to report the news of the expected indictment.",
            "sentence-index": 1,
            "annotations": []
        },
        {
            "sentence": "Grimm's lawyer, William McGinley, said in a statement that the U.S. attorney's office \"has disclosed its intent to file criminal charges.\"",
            "sentence-index": 2,
            "annotations": []
        },
        {
            "sentence": "\"We are disappointed by the government\u2019s decision, but hardly surprised,\" he said.",
            "sentence-index": 3,
            "annotations": [
                {
                    "start": 51,
                    "end": 71,
                    "target": "Justice Department",
                    "polarity": "Negative",
                    "aim": "Direct",
                    "indirect-target-name": "",
                    "indirect-ally-opponent-sentiment": "",
                    "bias": "Informational",
                    "quote": "Yes",
                    "speaker": "Other (Anti-target)",
                    "text": "but hardly surprised"
                }
            ]
        },
        {
            "sentence": "\"From the beginning, the government has pursued a politically driven vendetta against Congressman Grimm and not an independent search for the truth.",
            "sentence-index": 4,
            "annotations": [
                {
                    "start": 0,
                    "end": 148,
                    "target": "Justice Department",
                    "polarity": "Negative",
                    "aim": "Direct",
                    "indirect-target-name": "",
                    "indirect-ally-opponent-sentiment": "",
                    "bias": "Informational",
                    "quote": "Yes",
                    "speaker": "Other (Anti-target)",
                    "text": "\"From the beginning, the government has pursued a politically driven vendetta against Congressman Grimm and not an independent search for the truth."
                }
            ]
        },
        {
            "sentence": "Congressman Grimm asserts his innocence of any wrongdoing.",
            "sentence-index": 5,
            "annotations": []
        },
        {
            "sentence": "\"When the dust settles, he will be vindicated,\" McGinley added.",
            "sentence-index": 6,
            "annotations": []
        },
        {
            "sentence": "\"Until then, he will continue to serve his constituents with the same dedication and tenacity that has characterized his lifetime of public service as a Member of Congress, Marine Corps combat veteran, and decorated FBI Special Agent.\u201d",
            "sentence-index": 7,
            "annotations": [
                {
                    "start": 121,
                    "end": 233,
                    "target": "Michael Grimm",
                    "polarity": "Positive",
                    "aim": "Direct",
                    "indirect-target-name": "",
                    "indirect-ally-opponent-sentiment": "",
                    "bias": "Informational",
                    "quote": "Yes",
                    "speaker": "Other (Pro-target)",
                    "text": "lifetime of public service as a Member of Congress, Marine Corps combat veteran, and decorated FBI Special Agent"
                }
            ]
        },
        {
            "sentence": "The New York Times reported the charges against Grimm \"will include mail fraud and wire fraud and focus on his conduct in connection with a health food restaurant he owned on the Upper East Side of Manhattan after he left the Federal Bureau of Investigation in 2006,\" citing someone familiar with the case.",
            "sentence-index": 8,
            "annotations": []
        },
        {
            "sentence": "The Justice Department began investigating Grimm two years ago on allegations that he filed erroneous campaign finance reports and accepted improper donations during his first congressional campaign.",
            "sentence-index": 9,
            "annotations": []
        },
        {
            "sentence": "More recently, Grimm was in the news in January after he physically threatened a reporter in the Capitol.",
            "sentence-index": 10,
            "annotations": [
                {
                    "start": 0,
                    "end": 105,
                    "target": "Michael Grimm",
                    "polarity": "Negative",
                    "aim": "Direct",
                    "indirect-target-name": "",
                    "indirect-ally-opponent-sentiment": "",
                    "bias": "Informational",
                    "quote": "No",
                    "speaker": "",
                    "text": "More recently, Grimm was in the news in January after he physically threatened a reporter in the Capitol."
                }
            ]
        },
        {
            "sentence": "The second-term congressman represents New York\u2019s 11th District, which includes Staten Island and part of Brooklyn.",
            "sentence-index": 11,
            "annotations": []
        },
        {
            "sentence": "The Washington Post reported that Grimm is likely to turn himself in once the indictment is unsealed.",
            "sentence-index": 12,
            "annotations": []
        },
        {
            "sentence": "UPDATE: 7:19 p.m. -- The Washington Post now reports that Grimm has already \"been secretly indicted by a federal grand jury in Brooklyn, according to people familiar with the case.",
            "sentence-index": 13,
            "annotations": []
        },
        {
            "sentence": "The indictment is expected to be unsealed in the coming days.\"",
            "sentence-index": 14,
            "annotations": []
        }
    ]
}