{
    "source": "fox",
    "main-entities": [
        "Hillary Clinton",
        "Republican Lawmakers",
        "Democratic Lawmakers"
    ],
    "main-event": "Republicans challenge Clinton claims on budget cuts, Benghazi cable",
    "title": "Republicans challenge Clinton claims on budget cuts, Benghazi cable",
    "url": "http://www.foxnews.com/politics/2013/01/24/republicans-challenge-clinton-claims-on-budget-cuts-benghazi-cable/?utm_source=feedburner&utm_medium=feed&utm_campaign=Feed%3A+foxnews%2Fmost-popular+%28Internal+-+Most+Popular+Content%29",
    "word-count": 819,
    "date": "2013-01-24",
    "article-level-annotations": {
        "author-sentiment": {
            "main-event": "Neutral",
            "Hillary Clinton": "Neutral",
            "Republican Lawmakers": "Negative",
            "Democratic Lawmakers": "Neutral"
        },
        "stance": "Right"
    },
    "annotators": [
        "B",
        "C"
    ],
    "body": [
        {
            "sentence": "Republicans challenge Clinton claims on budget cuts, Benghazi cable",
            "sentence-index": 0,
            "annotations": []
        },
        {
            "sentence": "Republicans are challenging a host of statements made by Secretary of State Hillary Clinton and Democratic allies during Wednesday's heated Libya testimony -- claiming that complaints about a lack of funding are bogus and questioning the secretary's insistence she never saw urgent cables warning about the danger of an attack.",
            "sentence-index": 1,
            "annotations": [
                {
                    "start": 212,
                    "end": 217,
                    "target": "Democratic Lawmakers",
                    "polarity": "Negative",
                    "aim": "Direct",
                    "indirect-target-name": "",
                    "indirect-ally-opponent-sentiment": "",
                    "bias": "Lexical",
                    "quote": "No",
                    "speaker": "",
                    "text": "bogus"
                }
            ]
        },
        {
            "sentence": "The questions come as the Senate Foreign Relations Committee begins its confirmation hearing for Sen. John Kerry, D-Mass., who was tapped to replace Clinton at the department.",
            "sentence-index": 2,
            "annotations": []
        },
        {
            "sentence": "One issue that may come up is the department's funding.",
            "sentence-index": 3,
            "annotations": []
        },
        {
            "sentence": "Assertions that State Department posts are left vulnerable because Congress has decided not to fully fund security requests pervaded Wednesday's hearings.",
            "sentence-index": 4,
            "annotations": []
        },
        {
            "sentence": "\"Shame on the House for ... failing to adequately fund the administration's request,\" Rep. Gregory Meeks, D-N.Y., said",
            "sentence-index": 5,
            "annotations": [
                {
                    "start": 1,
                    "end": 83,
                    "target": "Democratic Lawmakers",
                    "polarity": "Positive",
                    "aim": "Indirect (General)",
                    "indirect-target-name": "Congress",
                    "indirect-ally-opponent-sentiment": "Negative",
                    "bias": "Informational",
                    "quote": "Yes",
                    "speaker": "Democratic Lawmakers",
                    "text": "Shame on the House for ... failing to adequately fund the administration's request"
                }
            ]
        },
        {
            "sentence": "Clinton, in turn, affirmed their claims, saying budget issues are a \"bipartisan problem.\"",
            "sentence-index": 6,
            "annotations": []
        },
        {
            "sentence": "Budget numbers, though, actually show the overall diplomatic security budget has ballooned over the past decade.",
            "sentence-index": 7,
            "annotations": []
        },
        {
            "sentence": "Democrats point to modest decreases in funding in recent years, and the fact that Congress has approved less than was requested.",
            "sentence-index": 8,
            "annotations": []
        },
        {
            "sentence": "But Congress often scales back the administration's requests, and not just for the State Department.",
            "sentence-index": 9,
            "annotations": []
        },
        {
            "sentence": "And the complaints tend to overlook the fact that the overall security budget has more than doubled since fiscal 2004.",
            "sentence-index": 10,
            "annotations": []
        },
        {
            "sentence": "For that year, the budget was $640 million.",
            "sentence-index": 11,
            "annotations": []
        },
        {
            "sentence": "It steadily climbed to $1.6 billion in fiscal 2010.",
            "sentence-index": 12,
            "annotations": []
        },
        {
            "sentence": "It dipped to $1.5 billion the following year and roughly $1.35 billion in fiscal 2012 -- still far more than it was a decade ago.",
            "sentence-index": 13,
            "annotations": []
        },
        {
            "sentence": "Slightly more has been requested for fiscal 2013.",
            "sentence-index": 14,
            "annotations": []
        },
        {
            "sentence": "It's difficult to tell how much was specifically allocated for Benghazi.",
            "sentence-index": 15,
            "annotations": []
        },
        {
            "sentence": "Tripoli was the only post mentioned in the department's fiscal 2013 request -- funding for that location did slip, from $11.5 million in fiscal 2011 to $10.1 million the following year.",
            "sentence-index": 16,
            "annotations": []
        },
        {
            "sentence": "Slightly more has been requested for fiscal 2013.",
            "sentence-index": 17,
            "annotations": []
        },
        {
            "sentence": "Still, then-Deputy Assistant Secretary for Diplomatic Security Charlene Lamb testified in October that the size of the attack -- and not the money -- was the issue.",
            "sentence-index": 18,
            "annotations": []
        },
        {
            "sentence": "Asked if there was any budget consideration that led her not to increase the security force, she said: \"No.\"",
            "sentence-index": 19,
            "annotations": []
        },
        {
            "sentence": "She added: \"This was an unprecedented attack in size.\"",
            "sentence-index": 20,
            "annotations": []
        },
        {
            "sentence": "Asked again about budget issues, Lamb said: \"Sir, if it's a volatile situation, we will move assets to cover that.\"",
            "sentence-index": 21,
            "annotations": []
        },
        {
            "sentence": "Asked Wednesday about Lamb's testimony, Clinton noted that the review board that examined the Libya attack found budget issues have played a role.",
            "sentence-index": 22,
            "annotations": []
        },
        {
            "sentence": "\"That's why you have an independent group like an (Accountability Review Board); that's why it was created to look at everything,\" Clinton said.",
            "sentence-index": 23,
            "annotations": []
        },
        {
            "sentence": "But Rep. Dana Rohrabacher, R-Calif., said \"any suggestion that this is a budget issue is off base, or political.\"",
            "sentence-index": 24,
            "annotations": [
                {
                    "start": 89,
                    "end": 111,
                    "target": "Hillary Clinton",
                    "polarity": "Negative",
                    "aim": "Direct",
                    "indirect-target-name": "",
                    "indirect-ally-opponent-sentiment": "",
                    "bias": "Lexical",
                    "quote": "Yes",
                    "speaker": "Republican Lawmakers",
                    "text": "off base, or political"
                }
            ]
        },
        {
            "sentence": "Other lawmakers further complained that the State Department has spent millions on lower-priority projects that could have been spent on security.",
            "sentence-index": 25,
            "annotations": []
        },
        {
            "sentence": "Another pivotal issue Wednesday dealt with an Aug. 16 cable.",
            "sentence-index": 26,
            "annotations": []
        },
        {
            "sentence": "That cable summarized an emergency meeting the day before by the U.S. Mission in Benghazi and warned the consulate could not defend against a \"coordinated attack.\"",
            "sentence-index": 27,
            "annotations": []
        },
        {
            "sentence": "That cable is seen as one of the vital warnings sent out of Libya in the months leading up to the attack.",
            "sentence-index": 28,
            "annotations": []
        },
        {
            "sentence": "But, to the dismay of lawmakers, Clinton repeatedly said she never saw it.",
            "sentence-index": 29,
            "annotations": [
                {
                    "start": 5,
                    "end": 31,
                    "target": "Hillary Clinton",
                    "polarity": "Negative",
                    "aim": "Direct",
                    "indirect-target-name": "",
                    "indirect-ally-opponent-sentiment": "",
                    "bias": "Informational",
                    "quote": "No",
                    "speaker": "",
                    "text": "to the dismay of lawmakers"
                }
            ]
        },
        {
            "sentence": "\"That cable did not come to my attention.",
            "sentence-index": 30,
            "annotations": []
        },
        {
            "sentence": "I have made it very clear that the security cables did not come to my attention or above the assistant secretary level,\" Clinton said.",
            "sentence-index": 31,
            "annotations": []
        },
        {
            "sentence": "\"I'm not aware of anyone within my office, within the secretary's office, having seen the cable.\"",
            "sentence-index": 32,
            "annotations": []
        },
        {
            "sentence": "Rep. Michael McCaul, R-Texas, said \"somebody within your office should have seen this cable.\"",
            "sentence-index": 33,
            "annotations": []
        },
        {
            "sentence": "\"An emergency meeting was held and a cable sent out on Aug. 16 by the ambassador himself, warning of what could happen.",
            "sentence-index": 34,
            "annotations": []
        },
        {
            "sentence": "And this meant this cable went unnoticed by your office.",
            "sentence-index": 35,
            "annotations": []
        },
        {
            "sentence": "That's the bottom line,\" he said.",
            "sentence-index": 36,
            "annotations": []
        },
        {
            "sentence": "Clinton said it was \"very disappointing\" that \"inadequacies\" were found in the \"responsiveness of our team here in Washington,\" and said \"it's something we're fixing and intend to put into place protocols and systems to make sure it doesn't happen again.\"",
            "sentence-index": 37,
            "annotations": []
        },
        {
            "sentence": "The secretary tried to explain that \"1.43 million cables\" come through the department every year.",
            "sentence-index": 38,
            "annotations": []
        },
        {
            "sentence": "They are addressed to her but in many cases do not go to her.",
            "sentence-index": 39,
            "annotations": []
        },
        {
            "sentence": "Rather, they go through \"the bureaucracy.\"",
            "sentence-index": 40,
            "annotations": []
        },
        {
            "sentence": "Republicans argue the Aug. 16 cable was rather high priority.",
            "sentence-index": 41,
            "annotations": []
        },
        {
            "sentence": "As Sen. Rand Paul, R-Ky., put it, \"Libya has to have been one of the hottest of hot spots around the world.\"",
            "sentence-index": 42,
            "annotations": []
        },
        {
            "sentence": "He claimed that not knowing about their security requests \"really, I think, cost these people their lives.\"",
            "sentence-index": 43,
            "annotations": [
                {
                    "start": 59,
                    "end": 105,
                    "target": "Hillary Clinton",
                    "polarity": "Negative",
                    "aim": "Direct",
                    "indirect-target-name": "",
                    "indirect-ally-opponent-sentiment": "",
                    "bias": "Informational",
                    "quote": "Yes",
                    "speaker": "Republican Lawmakers",
                    "text": "really, I think, cost these people their lives"
                }
            ]
        },
        {
            "sentence": "\"Had I been president at the time, and I found that you did not read the cables from Benghazi, you did not read the cables from Ambassador Stevens, I would have relieved you of your post.",
            "sentence-index": 44,
            "annotations": []
        },
        {
            "sentence": "I think it's inexcusable,\" Paul said.",
            "sentence-index": 45,
            "annotations": [
                {
                    "start": 13,
                    "end": 24,
                    "target": "Hillary Clinton",
                    "polarity": "Negative",
                    "aim": "Direct",
                    "indirect-target-name": "",
                    "indirect-ally-opponent-sentiment": "",
                    "bias": "Lexical",
                    "quote": "Yes",
                    "speaker": "Republican Lawmakers",
                    "text": "inexcusable"
                }
            ]
        }
    ]
}