{
    "source": "hpo",
    "main-entities": [
        "Hillary Clinton",
        "Benghazi attacks"
    ],
    "main-event": "Clinton Benghazi Hearings Show Classified Report Could Not Determine Causes Of Attacks",
    "title": "Clinton Benghazi Hearings Show Classified Report Could Not Determine Causes Of Attacks",
    "url": "https://www.huffingtonpost.com/2013/01/24/clinton-benghazi-hearings_n_2542142.html",
    "word-count": 483,
    "date": "2013-01-24",
    "article-level-annotations": {
        "author-sentiment": {
            "main-event": "Neutral",
            "Hillary Clinton": "Neutral",
            "Benghazi attacks": "Negative"
        },
        "stance": "Center"
    },
    "annotators": [
        "B",
        "C"
    ],
    "body": [
        {
            "sentence": "WASHINGTON -- The classified version of a State Department review of last year's assault on an American compound in Benghazi, Libya, found that it was impossible to say what exactly motivated the attackers, Secretary of State Hillary Clinton revealed Wednesday.",
            "sentence-index": 0,
            "annotations": []
        },
        {
            "sentence": "Speaking at a pair of hearings on Capitol Hill to examine the Obama administration's handling of and response to the attacks, Clinton repeatedly cited the classified version of the review by a State Department Accountability Review Board, distributed to lawmakers last month.",
            "sentence-index": 1,
            "annotations": []
        },
        {
            "sentence": "\"As the ARB makes clear, after their months of research the picture remains still somewhat complicated,\" Clinton said, during an exchange with Sen. James Risch (R-Idaho) at the Senate Foreign Relations Committee.",
            "sentence-index": 2,
            "annotations": []
        },
        {
            "sentence": "\"And I say that because in the unclassified ARB, it is -- I quote: 'Key questions surrounding the identity, actions and motivations of the perpetrators remain to be determined.'\"",
            "sentence-index": 3,
            "annotations": []
        },
        {
            "sentence": "The question of what motivated the Benghazi attacks has often been viewed as a duality: Either it was the result of a mob angry over a recently released anti-Islamic video, or it was a terrorist attack.",
            "sentence-index": 4,
            "annotations": []
        },
        {
            "sentence": "That the administration wavered over its public declarations of the cause of the assault -- repeatedly citing the video before eventually confirming that it was clearly an act of terrorism -- was widely interpreted among critics as evidence of a desire to suppress or conceal the truth.",
            "sentence-index": 5,
            "annotations": [
                {
                    "start": 0,
                    "end": 286,
                    "target": "Hillary Clinton",
                    "polarity": "Negative",
                    "aim": "Indirect (Ally)",
                    "indirect-target-name": "Obama's administration",
                    "indirect-ally-opponent-sentiment": "Negative",
                    "bias": "Informational",
                    "quote": "No",
                    "speaker": "",
                    "text": "That the administration wavered over its public declarations of the cause of the assault -- repeatedly citing the video before eventually confirming that it was clearly an act of terrorism -- was widely interpreted among critics as evidence of a desire to suppress or conceal the truth."
                }
            ]
        },
        {
            "sentence": "But from the start, the evidence on the scene in Benghazi was more complex.",
            "sentence-index": 6,
            "annotations": []
        },
        {
            "sentence": "Reporters from The New York Times and Reuters who were on the ground immediately after the attacks relayed that people involved in the mob scene around the compound repeatedly cited the video as a cause of their anger.",
            "sentence-index": 7,
            "annotations": []
        },
        {
            "sentence": "The Times later stood by that version of events, citing it in its fact-check of Republican attacks on Obama during the presidential campaign.",
            "sentence-index": 8,
            "annotations": []
        },
        {
            "sentence": "The ARB, in its unclassified form, mentions that the attackers' motivation is the subject of an ongoing FBI investigation.",
            "sentence-index": 9,
            "annotations": []
        },
        {
            "sentence": "But the classified version, Clinton said, detailed the possible motivations for the attack, and suggested while they were pre-coordinated and deliberate, they were also opportunistic and not planned extensively.",
            "sentence-index": 10,
            "annotations": []
        },
        {
            "sentence": "In citing the classified report to rebuff congressional queries about the administration's handling of the crisis, Clinton was drawing on a powerful tool of her office, although discussing a classified document is sure to raise further questions.",
            "sentence-index": 11,
            "annotations": []
        },
        {
            "sentence": "The added complexity wasn't always satisfying to the legislators who grilled her Wednesday.",
            "sentence-index": 12,
            "annotations": [
                {
                    "start": 0,
                    "end": 91,
                    "target": "Hillary Clinton",
                    "polarity": "Negative",
                    "aim": "Direct",
                    "indirect-target-name": "",
                    "indirect-ally-opponent-sentiment": "",
                    "bias": "Informational",
                    "quote": "No",
                    "speaker": "",
                    "text": "The added complexity wasn't always satisfying to the legislators who grilled her Wednesday."
                }
            ]
        },
        {
            "sentence": "While being questioned at the House Foreign Relations Committee by Rep. Jeff Duncan (R-S.C.), Clinton urged that he read the classified ARB report to find his answers.",
            "sentence-index": 13,
            "annotations": []
        },
        {
            "sentence": "\"There are key questions surrounding the identity, actions and motivations of the perpetrators that remain to be determined,\" she said.",
            "sentence-index": 14,
            "annotations": []
        },
        {
            "sentence": "\"I recommend that every member read the classified version, which goes into greater detail that I cannot speak to here today.",
            "sentence-index": 15,
            "annotations": []
        },
        {
            "sentence": "To which Duncan replied: \"It was a terrorist attack.",
            "sentence-index": 16,
            "annotations": []
        },
        {
            "sentence": "It's pretty clear what the motivation was.\"",
            "sentence-index": 17,
            "annotations": []
        }
    ]
}