{
    "source": "fox",
    "main-entities": [
        "Barack Obama",
        "Bernie Sanders",
        "Hillary Clinton"
    ],
    "main-event": "Obama endorses Clinton, meets with Bernie Sanders",
    "title": "Obama endorses Clinton for president, on heels of Sanders meeting",
    "url": "http://www.foxnews.com/politics/2016/06/09/obama-endorses-clinton-for-president-on-heels-sanders-meeting.html",
    "word-count": 785,
    "date": "2016-06-09",
    "article-level-annotations": {
        "author-sentiment": {
            "main-event": "Neutral",
            "Barack Obama": "Neutral",
            "Bernie Sanders": "Neutral",
            "Hillary Clinton": "Neutral"
        },
        "stance": "Right"
    },
    "annotators": [
        "A",
        "C"
    ],
    "body": [
        {
            "sentence": "President Obama formally endorsed Hillary Clinton to succeed him in the White House Thursday, saying she has the \"courage\" for the job and vowing to hit the campaign trail for her soon -- in a video message posted just moments after meeting with her primary rival Bernie Sanders.",
            "sentence-index": 0,
            "annotations": [
                {
                    "start": 114,
                    "end": 121,
                    "target": "Hillary Clinton",
                    "polarity": "Positive",
                    "aim": "Direct",
                    "indirect-target-name": "",
                    "indirect-ally-opponent-sentiment": "",
                    "bias": "Lexical",
                    "quote": "Yes",
                    "speaker": "Barack Obama",
                    "text": "courage"
                }
            ]
        },
        {
            "sentence": "\"I know how hard this job can be.",
            "sentence-index": 1,
            "annotations": []
        },
        {
            "sentence": "That\u2019s why I know Hillary will be so good at it,\" the president said, in the video posted on Clinton's campaign site.",
            "sentence-index": 2,
            "annotations": []
        },
        {
            "sentence": "\"In fact, I don\u2019t think there\u2019s ever been someone so qualified to hold this office.\"",
            "sentence-index": 3,
            "annotations": [
                {
                    "start": 10,
                    "end": 82,
                    "target": "Hillary Clinton",
                    "polarity": "Positive",
                    "aim": "Direct",
                    "indirect-target-name": "",
                    "indirect-ally-opponent-sentiment": "",
                    "bias": "Informational",
                    "quote": "Yes",
                    "speaker": "Barack Obama",
                    "text": "I don\u2019t think there\u2019s ever been someone so qualified to hold this office"
                }
            ]
        },
        {
            "sentence": "The president made clear he would no longer stand on the sidelines, even as Vermont Sen. Sanders vows to stick out the race at least through the final primary in Washington, D.C., next Tuesday.",
            "sentence-index": 4,
            "annotations": []
        },
        {
            "sentence": "The Clinton campaign separately announced that she and Obama would campaign together June 15 in Green Bay.",
            "sentence-index": 5,
            "annotations": []
        },
        {
            "sentence": "Clinton tweeted that she's \"fired up.\"",
            "sentence-index": 6,
            "annotations": []
        },
        {
            "sentence": "Presumptive GOP nominee Donald Trump immediately fired back.",
            "sentence-index": 7,
            "annotations": []
        },
        {
            "sentence": "To which the Clinton campaign tweeted: \u201cDelete your account.\u201d",
            "sentence-index": 8,
            "annotations": []
        },
        {
            "sentence": "Meanwhile, Vice President Joe Biden voiced his support of Hillary Thursday evening at the American Constitution Society's national convention.",
            "sentence-index": 9,
            "annotations": []
        },
        {
            "sentence": "\"Anybody who thinks that whoever the next president is -- and God willing, in my view, it will be Secretary Clinton.\"",
            "sentence-index": 10,
            "annotations": []
        },
        {
            "sentence": "The White House, meanwhile, said Obama recorded the video on Tuesday, the day Clinton effectively wrapped up the nomination.",
            "sentence-index": 11,
            "annotations": []
        },
        {
            "sentence": "The video was released shortly after Obama met in the Oval Office with Sanders.",
            "sentence-index": 12,
            "annotations": []
        },
        {
            "sentence": "Sanders afterward struck a conciliatory tone Thursday, saying he plans to meet soon with Clinton to discuss how they can \u201cwork together to defeat Donald Trump.\u201d",
            "sentence-index": 13,
            "annotations": []
        },
        {
            "sentence": "The Vermont senator said he still plans to compete in next Tuesday\u2019s Washington, D.C., primary, the final contest on the calendar.",
            "sentence-index": 14,
            "annotations": []
        },
        {
            "sentence": "And he said he plans to take his message \u201cto the Democratic National Convention\u201d in July.",
            "sentence-index": 15,
            "annotations": []
        },
        {
            "sentence": "He did not, however, say specifically whether he would still be an active candidate by then, taking no questions from the press before heading over to a meeting with Senate Minority Leader Harry Reid.",
            "sentence-index": 16,
            "annotations": []
        },
        {
            "sentence": "The meeting with Obama was private.",
            "sentence-index": 17,
            "annotations": []
        },
        {
            "sentence": "They met for over an hour, and Fox News is told no staff or aides were present.",
            "sentence-index": 18,
            "annotations": []
        },
        {
            "sentence": "But his tone, compared with his defiant speech early Wednesday after Clinton clinched the Democratic nomination, appeared to soften.",
            "sentence-index": 19,
            "annotations": [
                {
                    "start": 14,
                    "end": 111,
                    "target": "Bernie Sanders",
                    "polarity": "Negative",
                    "aim": "Direct",
                    "indirect-target-name": "",
                    "indirect-ally-opponent-sentiment": "",
                    "bias": "Informational",
                    "quote": "No",
                    "speaker": "",
                    "text": "compared with his defiant speech early Wednesday after Clinton clinched the Democratic nomination"
                }
            ]
        },
        {
            "sentence": "While offering no endorsement himself, Sanders said he spoke with Clinton and congratulated her \u201con her very strong campaign.\u201d",
            "sentence-index": 20,
            "annotations": [
                {
                    "start": 109,
                    "end": 115,
                    "target": "Hillary Clinton",
                    "polarity": "Positive",
                    "aim": "Direct",
                    "indirect-target-name": "",
                    "indirect-ally-opponent-sentiment": "",
                    "bias": "Lexical",
                    "quote": "Yes",
                    "speaker": "Bernie Sanders",
                    "text": "strong"
                }
            ]
        },
        {
            "sentence": "And Sanders thanked Obama for his \u201cimpartiality\u201d throughout the process.",
            "sentence-index": 21,
            "annotations": []
        },
        {
            "sentence": "He said he and Vice President Biden lived up to their pledge not to put their \u201cthumb on the scales.\u201d",
            "sentence-index": 22,
            "annotations": []
        },
        {
            "sentence": "White House spokesman Josh Earnest later said Sanders has the right to make campaign decisions on his own timeline.",
            "sentence-index": 23,
            "annotations": []
        },
        {
            "sentence": "Another former primary candidate, ex-Maryland Gov. Martin O'Malley, did endorse Clinton, saying \"it is time now to unite our party.\"",
            "sentence-index": 24,
            "annotations": []
        },
        {
            "sentence": "Clinton and Obama, along with other party leaders, are eager to bring Sanders \u2013 and his supporters \u2013 into the fold.",
            "sentence-index": 25,
            "annotations": []
        },
        {
            "sentence": "The president's endorsement reflects their desire to unify as the general election battle between Clinton and presumptive rival Trump intensifies.",
            "sentence-index": 26,
            "annotations": []
        },
        {
            "sentence": "Sanders acknowledged a common political enemy, railing against Trump in his brief remarks to reporters Thursday afternoon and saying he\u2019ll do everything in his power to prevent Trump\u2019s election.",
            "sentence-index": 27,
            "annotations": []
        },
        {
            "sentence": "As for what he wants, Sanders said he\u2019ll continue to fight what he called the \u201cdrift\u201d toward an oligarchic society.",
            "sentence-index": 28,
            "annotations": []
        },
        {
            "sentence": "He lamented childhood poverty rates, crushing college debt, crumbling infrastructure and other woes and said these are the issues he\u2019ll bring to the Philadelphia convention.",
            "sentence-index": 29,
            "annotations": []
        },
        {
            "sentence": "Whether that means a fight to overhaul the party platform \u2013 or a last-ditch bid to somehow deny Clinton the nomination \u2013 remains to be seen.",
            "sentence-index": 30,
            "annotations": [
                {
                    "start": 63,
                    "end": 118,
                    "target": "Bernie Sanders",
                    "polarity": "Negative",
                    "aim": "Direct",
                    "indirect-target-name": "",
                    "indirect-ally-opponent-sentiment": "",
                    "bias": "Informational",
                    "quote": "No",
                    "speaker": "",
                    "text": "a last-ditch bid to somehow deny Clinton the nomination"
                }
            ]
        },
        {
            "sentence": "One demand Sanders was thought to be considering \u2013 as part of a party-unity deal -- is the removal of Democratic boss Debbie Wasserman Schultz.",
            "sentence-index": 31,
            "annotations": []
        },
        {
            "sentence": "Sanders and the DNC chairwoman have been at odds for months, with Sanders\u2019 team long accusing her of helping now-presumptive nominee Clinton.",
            "sentence-index": 32,
            "annotations": []
        },
        {
            "sentence": "Whether Sanders sought \u2013 and the president would even consider \u2013 a Schultz sacrifice is unclear.",
            "sentence-index": 33,
            "annotations": []
        },
        {
            "sentence": "\u201cI don\u2019t see how she makes it through the convention,\u201d one Democratic lawmaker told Fox News.",
            "sentence-index": 34,
            "annotations": []
        },
        {
            "sentence": "\u201cThe key to Hillary winning is getting Sanders supporters on board.\u201d",
            "sentence-index": 35,
            "annotations": []
        },
        {
            "sentence": "Speculation over Wasserman Schultz\u2019 position has swirled for months, however, and so far she has retained the public support of the White House.",
            "sentence-index": 36,
            "annotations": []
        },
        {
            "sentence": "Obama also endorsed her earlier this year in her House primary battle.",
            "sentence-index": 37,
            "annotations": []
        },
        {
            "sentence": "Asked Wednesday about the possibility of Sanders seeking her removal, Wasserman Schultz said she\u2019s not worried about her job.",
            "sentence-index": 38,
            "annotations": []
        },
        {
            "sentence": "\u201cI'm going to be remaining as the chair of the Democratic National Committee as President Obama has asked me to do until January 21, 2017, and I appreciate the president\u2019s support,\u201d she said.",
            "sentence-index": 39,
            "annotations": []
        }
    ]
}