{
    "source": "fox",
    "main-entities": [
        "House Democrats",
        "House Republicans"
    ],
    "main-event": "Democrats pass campaign finance and voting rights reform bill",
    "title": "House approves sweeping Dem election reform bill, amid First Amendment concerns",
    "url": "https://www.foxnews.com/politics/house-approves-sweeping-dem-election-reform-bill-amid-first-amendment-concerns",
    "word-count": 508,
    "date": "2019-03-08",
    "article-level-annotations": {
        "author-sentiment": {
            "main-event": "Negative",
            "House Democrats": "Negative",
            "House Republicans": "Neutral"
        },
        "stance": "Right"
    },
    "annotators": [
        "A",
        "C"
    ],
    "body": [
        {
            "sentence": "The House of Representatives on Friday approved a sweeping election reform bill that serves as the touchstone to the House Democratic agenda but has been criticized by civil libertarians and Republicans over First Amendment concerns.",
            "sentence-index": 0,
            "annotations": []
        },
        {
            "sentence": "The so-called \u201cHR 1\u201d measure embraced by House Democrats aims to curb big money in politics, make it easier to vote and bolster election security.",
            "sentence-index": 1,
            "annotations": []
        },
        {
            "sentence": "It institutes a public financing system for congressional campaigns, requires presidential candidates to disclose tax returns and makes Election Day a federal holiday.",
            "sentence-index": 2,
            "annotations": []
        },
        {
            "sentence": "The House approved the plan 234-193.",
            "sentence-index": 3,
            "annotations": []
        },
        {
            "sentence": "But the measure is not expected to succeed in the Senate, where Majority Leader Mitch McConnell, R-Ky., has said the bill is dead on arrival.",
            "sentence-index": 4,
            "annotations": []
        },
        {
            "sentence": "The American Civil Liberties Union, in a recent letter to Congress, encouraged lawmakers to vote against the bill because of \u201cprovisions that unconstitutionally impinge on the free speech rights of American citizens and public interest organizations.\u201d",
            "sentence-index": 5,
            "annotations": []
        },
        {
            "sentence": "\u201cThey will have the effect of harming our public discourse by silencing necessary voices that would otherwise speak out about the public issues of the day,\u201d the ACLU wrote.",
            "sentence-index": 6,
            "annotations": [
                {
                    "start": 1,
                    "end": 154,
                    "target": "House Democrats",
                    "polarity": "Negative",
                    "aim": "Direct",
                    "indirect-target-name": "",
                    "indirect-ally-opponent-sentiment": "",
                    "bias": "Informational",
                    "quote": "Yes",
                    "speaker": "Other (Anti-target)",
                    "text": "They will have the effect of harming our public discourse by silencing necessary voices that would otherwise speak out about the public issues of the day"
                }
            ]
        },
        {
            "sentence": "One concern of civil libertarians is the bill\u2019s inclusion of the DISCLOSE ACT, which would require all organizations that spend money on elections to disclose donors.",
            "sentence-index": 7,
            "annotations": []
        },
        {
            "sentence": "The ACLU said it supports making organizations report spending for public communications like TV ads that expressly call for the election or defeat of a candidate for office, but it worries the DISCLOSE ACT goes beyond that.",
            "sentence-index": 8,
            "annotations": []
        },
        {
            "sentence": "\u201cThese standards are unclear and entirely subjective, which will lead to confusion and, ultimately, less speech,\u201d the ACLU said.",
            "sentence-index": 9,
            "annotations": []
        },
        {
            "sentence": "Republicans called the bill a Democratic power grab that amounts to a federal takeover of elections.",
            "sentence-index": 10,
            "annotations": [
                {
                    "start": 0,
                    "end": 100,
                    "target": "House Democrats",
                    "polarity": "Negative",
                    "aim": "Direct",
                    "indirect-target-name": "",
                    "indirect-ally-opponent-sentiment": "",
                    "bias": "Informational",
                    "quote": "No",
                    "speaker": "",
                    "text": "Republicans called the bill a Democratic power grab that amounts to a federal takeover of elections."
                }
            ]
        },
        {
            "sentence": "\u201cNow, instead of getting money out of politics, the Democrats on this committee voted to pass a bill that will publicly fund \u2013 campaign travel, campaign dinners, and in some cases, the politicians themselves,\u201d Illinois Rep. Rodney Davis wrote in an op-ed for The Hill.",
            "sentence-index": 11,
            "annotations": [
                {
                    "start": 111,
                    "end": 207,
                    "target": "House Democrats",
                    "polarity": "Negative",
                    "aim": "Direct",
                    "indirect-target-name": "",
                    "indirect-ally-opponent-sentiment": "",
                    "bias": "Informational",
                    "quote": "Yes",
                    "speaker": "House Republicans",
                    "text": "publicly fund \u2013 campaign travel, campaign dinners, and in some cases, the politicians themselves"
                }
            ]
        },
        {
            "sentence": "The White House said in a statement that the Democrats' plan would \"micromanage\" elections that now are run largely by states and would establish \"costly and unnecessary program to finance political campaigns.\"",
            "sentence-index": 12,
            "annotations": [
                {
                    "start": 0,
                    "end": 210,
                    "target": "House Republicans",
                    "polarity": "Negative",
                    "aim": "Direct",
                    "indirect-target-name": "",
                    "indirect-ally-opponent-sentiment": "",
                    "bias": "Informational",
                    "quote": "No",
                    "speaker": "",
                    "text": "The White House said in a statement that the Democrats' plan would \"micromanage\" elections that now are run largely by states and would establish \"costly and unnecessary program to finance political campaigns.\""
                }
            ]
        },
        {
            "sentence": "But House Speaker Nancy Pelosi, D-Calif., said the bill \"restores the people's faith that government works for the public interest, the people's interest, not the special interests.\"",
            "sentence-index": 13,
            "annotations": []
        },
        {
            "sentence": "Trying to turn Republicans' words against them, Pelosi said, \"Yes it is a power grab -- a power grab on behalf of the people.\"",
            "sentence-index": 14,
            "annotations": [
                {
                    "start": 62,
                    "end": 124,
                    "target": "House Democrats",
                    "polarity": "Positive",
                    "aim": "Direct",
                    "indirect-target-name": "",
                    "indirect-ally-opponent-sentiment": "",
                    "bias": "Informational",
                    "quote": "Yes",
                    "speaker": "House Democrats",
                    "text": "Yes it is a power grab -- a power grab on behalf of the people"
                }
            ]
        },
        {
            "sentence": "House GOP leader Kevin McCarthy of California said the legislation would undermine the integrity of elections by allowing convicted felons to vote, and would apply a one-size-fits-all standard to elections now run by states and local governments.",
            "sentence-index": 15,
            "annotations": [
                {
                    "start": 73,
                    "end": 109,
                    "target": "House Democrats",
                    "polarity": "Negative",
                    "aim": "Direct",
                    "indirect-target-name": "",
                    "indirect-ally-opponent-sentiment": "",
                    "bias": "Informational",
                    "quote": "No",
                    "speaker": "",
                    "text": "undermine the integrity of elections"
                }
            ]
        },
        {
            "sentence": "Democrats called that a mischaracterization.",
            "sentence-index": 16,
            "annotations": []
        },
        {
            "sentence": "To Rep. Zoe Lofgren, D-Calif., the bill \"grabs power away from the elites and the power brokers and gives it to the people.\"",
            "sentence-index": 17,
            "annotations": []
        },
        {
            "sentence": "She and other Democrats disputed the claim that taxpayers will pay for campaigns, noting that money for political campaigns would come from a surcharge on federal settlements made with banks and corporations that run afoul of the law.",
            "sentence-index": 18,
            "annotations": []
        }
    ]
}