{
    "source": "hpo",
    "main-entities": [
        "House Democrats",
        "House Republicans"
    ],
    "main-event": "Democrats pass campaign finance and voting rights reform bill",
    "title": "House Democrats Pass Landmark Campaign Finance And Voting Rights Reform Bill",
    "url": "https://www.huffpost.com/entry/house-democrats-for-the-people-act_n_5c81d1dae4b0d936162633bf",
    "word-count": 646,
    "date": "2019-03-08",
    "article-level-annotations": {
        "author-sentiment": {
            "main-event": "Positive",
            "House Democrats": "Positive",
            "House Republicans": "Negative"
        },
        "stance": "Left"
    },
    "annotators": [
        "A",
        "C"
    ],
    "body": [
        {
            "sentence": "Democrats\u2019 landmark campaign finance, voting rights and ethics reform bill passed the House of Representatives on Friday.",
            "sentence-index": 0,
            "annotations": []
        },
        {
            "sentence": "The For The People Act, which passed 234-193, was Democrats\u2019 top priority upon winning control of the House in the 2018 elections.",
            "sentence-index": 1,
            "annotations": []
        },
        {
            "sentence": "It would dramatically expand voting access, create publicly funded House elections, enhance the transparency of money in politics, restore voting rights to millions of ex-felons, strengthen executive branch ethics law and end partisan gerrymandering.",
            "sentence-index": 2,
            "annotations": [
                {
                    "start": 0,
                    "end": 250,
                    "target": "House Democrats",
                    "polarity": "Positive",
                    "aim": "Direct",
                    "indirect-target-name": "",
                    "indirect-ally-opponent-sentiment": "",
                    "bias": "Informational",
                    "quote": "No",
                    "speaker": "",
                    "text": "It would dramatically expand voting access, create publicly funded House elections, enhance the transparency of money in politics, restore voting rights to millions of ex-felons, strengthen executive branch ethics law and end partisan gerrymandering."
                }
            ]
        },
        {
            "sentence": "\u201cThis is a historic day, a pivotal day, a day that will make a difference,\u201d House Speaker Nancy Pelosi (D-Calif.) said.",
            "sentence-index": 3,
            "annotations": [
                {
                    "start": 1,
                    "end": 73,
                    "target": "House Democrats",
                    "polarity": "Positive",
                    "aim": "Direct",
                    "indirect-target-name": "",
                    "indirect-ally-opponent-sentiment": "",
                    "bias": "Informational",
                    "quote": "Yes",
                    "speaker": "House Democrats",
                    "text": "This is a historic day, a pivotal day, a day that will make a difference"
                }
            ]
        },
        {
            "sentence": "The bill aims to answer rising attacks on voting rights from courts and politicians across the country, and also to stem the increasing inequality of campaign funding by empowering small donors with matching contributions from public funds, among many other things.",
            "sentence-index": 4,
            "annotations": []
        },
        {
            "sentence": "The For The People Act \u201ctakes power from the elites, special interests and the 1 percent and gives it to the American people,\u201d Rep. Zoe Lofgren (D-Calif.) said.",
            "sentence-index": 5,
            "annotations": [
                {
                    "start": 24,
                    "end": 124,
                    "target": "House Democrats",
                    "polarity": "Positive",
                    "aim": "Direct",
                    "indirect-target-name": "",
                    "indirect-ally-opponent-sentiment": "",
                    "bias": "Informational",
                    "quote": "Yes",
                    "speaker": "House Democrats",
                    "text": "takes power from the elites, special interests and the 1 percent and gives it to the American people"
                }
            ]
        },
        {
            "sentence": "\u201cThis vote is an opportunity to be on the right side of history,\u201d Rep. John Lewis (D-Ga.) said.",
            "sentence-index": 6,
            "annotations": [
                {
                    "start": 1,
                    "end": 63,
                    "target": "House Democrats",
                    "polarity": "Positive",
                    "aim": "Direct",
                    "indirect-target-name": "",
                    "indirect-ally-opponent-sentiment": "",
                    "bias": "Informational",
                    "quote": "Yes",
                    "speaker": "House Democrats",
                    "text": "This vote is an opportunity to be on the right side of history"
                }
            ]
        },
        {
            "sentence": "\u201cIf not us, then who? If not now, then when?\u201d",
            "sentence-index": 7,
            "annotations": []
        },
        {
            "sentence": "House passage of the legislation is the result of a long collaborative process by the Democratic Party to prioritize campaign finance and voting rights reforms.",
            "sentence-index": 8,
            "annotations": []
        },
        {
            "sentence": "The party\u2019s Democracy Reform Task Force, endorsed by Pelosi and led by Rep. John Sarbanes (D-Md.), worked with lawmakers both old and new to bring together legislative ideas and craft them into a coherent package.",
            "sentence-index": 9,
            "annotations": []
        },
        {
            "sentence": "Much of this work was begun while Democrats languished in the House minority.",
            "sentence-index": 10,
            "annotations": []
        },
        {
            "sentence": "As a possible victory in the 2018 elections loomed, they made it clear that the reforms would be their No. 1 priority.",
            "sentence-index": 11,
            "annotations": []
        },
        {
            "sentence": "This mission was driven not just by party leaders, but also by the candidates who would ultimately deliver Democrats their first majority in the House in eight years.",
            "sentence-index": 12,
            "annotations": []
        },
        {
            "sentence": "One-hundred candidates, including those who won their 2018 races, signed a letter to Pelosi and other congressional leaders demanding the reforms be the first order of business.",
            "sentence-index": 13,
            "annotations": []
        },
        {
            "sentence": "Many cited the endemic corruption of money in politics as a top complaint they heard on the campaign trail from constituents.",
            "sentence-index": 14,
            "annotations": []
        },
        {
            "sentence": "The vote broke down on party lines, with Republicans in hardened opposition.",
            "sentence-index": 15,
            "annotations": [
                {
                    "start": 56,
                    "end": 64,
                    "target": "House Republicans",
                    "polarity": "Negative",
                    "aim": "Direct",
                    "indirect-target-name": "",
                    "indirect-ally-opponent-sentiment": "",
                    "bias": "Lexical",
                    "quote": "No",
                    "speaker": "",
                    "text": "hardened"
                }
            ]
        },
        {
            "sentence": "During multiple committee hearings and floor debate, GOP representatives castigated the bill as a federal power grab designed to help Democrats win elections by allowing increased voting access and nonpartisan gerrymandering.",
            "sentence-index": 16,
            "annotations": [
                {
                    "start": 96,
                    "end": 157,
                    "target": "House Democrats",
                    "polarity": "Negative",
                    "aim": "Direct",
                    "indirect-target-name": "",
                    "indirect-ally-opponent-sentiment": "",
                    "bias": "Informational",
                    "quote": "No",
                    "speaker": "",
                    "text": "a federal power grab designed to help Democrats win elections"
                },
                {
                    "start": 158,
                    "end": 224,
                    "target": "House Republicans",
                    "polarity": "Negative",
                    "aim": "Direct",
                    "indirect-target-name": "",
                    "indirect-ally-opponent-sentiment": "",
                    "bias": "Informational",
                    "quote": "No",
                    "speaker": "",
                    "text": "by allowing increased voting access and nonpartisan gerrymandering"
                }
            ]
        },
        {
            "sentence": "They said the campaign finance disclosures and the public funding of elections assaulted free speech rights, the ethics laws were too broad and unnecessary, and the creation of a federal election day holiday was an unnecessary benefit for lazy workers.",
            "sentence-index": 17,
            "annotations": []
        },
        {
            "sentence": "The Senate will not take up the bill, according to Majority Leader Mitch McConnell (R-Ky.).",
            "sentence-index": 18,
            "annotations": []
        },
        {
            "sentence": "McConnell is perhaps the nation\u2019s biggest opponent of campaign finance reforms, and the Republican Party has enacted measures across the country in the last decade to restrict voter access.",
            "sentence-index": 19,
            "annotations": [
                {
                    "start": 84,
                    "end": 188,
                    "target": "House Republicans",
                    "polarity": "Negative",
                    "aim": "Direct",
                    "indirect-target-name": "",
                    "indirect-ally-opponent-sentiment": "",
                    "bias": "Informational",
                    "quote": "No",
                    "speaker": "",
                    "text": "the Republican Party has enacted measures across the country in the last decade to restrict voter access"
                }
            ]
        },
        {
            "sentence": "Those restrictions would be overturned by the For The People Act.",
            "sentence-index": 20,
            "annotations": []
        },
        {
            "sentence": "Still, Sen. Tom Udall (D-N.M.) announced the outlines of a Senate companion bill on Wednesday.",
            "sentence-index": 21,
            "annotations": []
        },
        {
            "sentence": "President Donald Trump has been advised to veto the legislation if it reaches his desk.",
            "sentence-index": 22,
            "annotations": []
        },
        {
            "sentence": "Democrats believe that the reform package is popular and plan to vote on individual pieces of it to keep the issues of corruption and voting rights front and center.",
            "sentence-index": 23,
            "annotations": []
        },
        {
            "sentence": "They are already pursuing a reauthorization of the Voting Rights Act in a separate bill.",
            "sentence-index": 24,
            "annotations": []
        },
        {
            "sentence": "And Senate Minority Leader Chuck Schumer (D-N.Y.) said on Thursday that he would like to mandate automatic voter registration across the country.",
            "sentence-index": 25,
            "annotations": []
        },
        {
            "sentence": "The House bill \u201cis just the first step in our efforts to change politics in this country \u2015 to change politics in this town,\u201d freshman Rep. Max Rose (D-N.Y.) said on Thursday ahead of the vote.",
            "sentence-index": 26,
            "annotations": []
        },
        {
            "sentence": "\u201cThis is a fight that will not end until we win it,\u201d Pelosi said.",
            "sentence-index": 27,
            "annotations": []
        }
    ]
}