{
    "source": "fox",
    "main-entities": [
        "Adam Schiff",
        "GOP committee members",
        "Donald Trump"
    ],
    "main-event": "House Intelligence Committee demand Adam Schiff's resignation",
    "title": "Adam Schiff urged to step down as chairman by House Intelligence Committee Republicans",
    "url": "https://www.foxnews.com/politics/adam-schiff-urged-to-step-down-by-gop-members-on-house-intelligence-committee",
    "word-count": 590,
    "date": "2019-03-28",
    "article-level-annotations": {
        "author-sentiment": {
            "main-event": "Neutral",
            "Adam Schiff": "Negative",
            "GOP committee members": "Neutral",
            "Donald Trump": "Neutral"
        },
        "stance": "Right"
    },
    "annotators": [
        "A",
        "C"
    ],
    "body": [
        {
            "sentence": "Every Republican on the House Intelligence Committee on Thursday demanded Rep. Adam Schiff step down as chairman over the California Democrat\u2019s repeated claims to have evidence of Trump-Russia collusion.",
            "sentence-index": 0,
            "annotations": []
        },
        {
            "sentence": "In a letter, obtained by Fox News and signed by every Republican on the committee, the lawmakers slammed Schiff for his claims in the media that there was \u201cmore than circumstantial evidence\u201d of collusion between the Trump campaign and Russia.",
            "sentence-index": 1,
            "annotations": [
                {
                    "start": 97,
                    "end": 104,
                    "target": "Adam Schiff",
                    "polarity": "Negative",
                    "aim": "Direct",
                    "indirect-target-name": "",
                    "indirect-ally-opponent-sentiment": "",
                    "bias": "Lexical",
                    "quote": "No",
                    "speaker": "",
                    "text": "slammed"
                }
            ]
        },
        {
            "sentence": "They repeated their demand in person during a feisty hearing Thursday morning.",
            "sentence-index": 2,
            "annotations": []
        },
        {
            "sentence": "\u201cYour actions both past and present are incompatible with your duty as Chairman of this Committee,\u201d the letter stated.",
            "sentence-index": 3,
            "annotations": [
                {
                    "start": 1,
                    "end": 97,
                    "target": "Adam Schiff",
                    "polarity": "Negative",
                    "aim": "Direct",
                    "indirect-target-name": "",
                    "indirect-ally-opponent-sentiment": "",
                    "bias": "Informational",
                    "quote": "Yes",
                    "speaker": "GOP committee members",
                    "text": "Your actions both past and present are incompatible with your duty as Chairman of this Committee"
                }
            ]
        },
        {
            "sentence": "\u201cWe have no faith in your ability to discharge your duties in a manner consistent with your Constitutional responsibility and urge your immediate resignation as Chairman of this Committee.\u201d",
            "sentence-index": 4,
            "annotations": [
                {
                    "start": 1,
                    "end": 121,
                    "target": "Adam Schiff",
                    "polarity": "Negative",
                    "aim": "Direct",
                    "indirect-target-name": "",
                    "indirect-ally-opponent-sentiment": "",
                    "bias": "Informational",
                    "quote": "Yes",
                    "speaker": "GOP committee members",
                    "text": "We have no faith in your ability to discharge your duties in a manner consistent with your Constitutional responsibility"
                }
            ]
        },
        {
            "sentence": "The letter follows the conclusion of Special Counsel Robert Mueller's Russia probe, which turned up no evidence of collusion between Trump campaign members and Russia during the 2016 presidential election.",
            "sentence-index": 5,
            "annotations": []
        },
        {
            "sentence": "President Trump himself went even further than congressional Republicans Thursday morning, tweeting:",
            "sentence-index": 6,
            "annotations": []
        },
        {
            "sentence": "\u201cCongressman Adam Schiff, who spent two years knowingly and unlawfully lying and leaking, should be forced to resign from Congress!\u201d",
            "sentence-index": 7,
            "annotations": [
                {
                    "start": 26,
                    "end": 88,
                    "target": "Adam Schiff",
                    "polarity": "Negative",
                    "aim": "Direct",
                    "indirect-target-name": "",
                    "indirect-ally-opponent-sentiment": "",
                    "bias": "Informational",
                    "quote": "Yes",
                    "speaker": "Donald Trump",
                    "text": "who spent two years knowingly and unlawfully lying and leaking"
                }
            ]
        },
        {
            "sentence": "Another top Republican, Sen. Lindsey Graham of South Carolina, also lambasted Schiff on Thursday - comparing the California lawmaker to director Oliver Stone.",
            "sentence-index": 8,
            "annotations": []
        },
        {
            "sentence": "\"He's made some pretty outrageous comments that Mueller could not verify, Graham said.",
            "sentence-index": 9,
            "annotations": [
                {
                    "start": 23,
                    "end": 33,
                    "target": "Adam Schiff",
                    "polarity": "Negative",
                    "aim": "Direct",
                    "indirect-target-name": "",
                    "indirect-ally-opponent-sentiment": "",
                    "bias": "Lexical",
                    "quote": "Yes",
                    "speaker": "Other (Anti-target)",
                    "text": "outrageous"
                }
            ]
        },
        {
            "sentence": "\"He's getting into conspiracy land and he's acting like an Oliver Stone type figure.",
            "sentence-index": 10,
            "annotations": []
        },
        {
            "sentence": "That to me is not helpful to him but I'm not going to ask him to resign for Congress.\"",
            "sentence-index": 11,
            "annotations": []
        },
        {
            "sentence": "Schiff, a vocal critic of the president, has doubled down on his claim that Trump and his administration colluded with foreign powers despite Mueller\u2019s findings.",
            "sentence-index": 12,
            "annotations": [
                {
                    "start": 45,
                    "end": 57,
                    "target": "Adam Schiff",
                    "polarity": "Negative",
                    "aim": "Direct",
                    "indirect-target-name": "",
                    "indirect-ally-opponent-sentiment": "",
                    "bias": "Lexical",
                    "quote": "No",
                    "speaker": "",
                    "text": "doubled down"
                }
            ]
        },
        {
            "sentence": "\u201cUndoubtedly, there is collusion,\u201d Schiff told The Washington Post after Attorney General William Barr's four-page summary of Mueller's investigation was released Sunday.",
            "sentence-index": 13,
            "annotations": []
        },
        {
            "sentence": "He told the paper that the question of whether Trump or the people around him were compromised by a hostile foreign power was not in any part of Mueller\u2019s report.",
            "sentence-index": 14,
            "annotations": []
        },
        {
            "sentence": "The letter to Schiff was sent as those same Republicans confronted Schiff at the start of a Russia-themed hearing Thursday morning.",
            "sentence-index": 15,
            "annotations": []
        },
        {
            "sentence": "Rep. Michael Conaway, R-Texas, attacked Schiff for driving a \u201cfalse narrative\u201d about collusion between Trump and Russia and \u201cundermining the faith\u201d of the American people.",
            "sentence-index": 16,
            "annotations": [
                {
                    "start": 125,
                    "end": 146,
                    "target": "Adam Schiff",
                    "polarity": "Negative",
                    "aim": "Direct",
                    "indirect-target-name": "",
                    "indirect-ally-opponent-sentiment": "",
                    "bias": "Informational",
                    "quote": "Yes",
                    "speaker": "Other (Anti-target)",
                    "text": "undermining the faith"
                }
            ]
        },
        {
            "sentence": "Conaway then went on to demand Schiff immediately resign his committee chairmanship, saying that Republicans on the committee have \u201cno faith in you.\u201d",
            "sentence-index": 17,
            "annotations": []
        },
        {
            "sentence": "Schiff defended himself during Thursday\u2019s hearing \u2013 pointing to evidence of Russian hacking during the last presidential election, that Russian operatives offered dirt on Hillary Clinton during the campaign and that members of Trump\u2019s campaign and family took meetings with Russians.",
            "sentence-index": 18,
            "annotations": []
        },
        {
            "sentence": "\u201cYou might think that\u2019s okay that they lied about the meeting,\u201d Schiff said.",
            "sentence-index": 19,
            "annotations": [
                {
                    "start": 1,
                    "end": 61,
                    "target": "GOP committee members",
                    "polarity": "Negative",
                    "aim": "Direct",
                    "indirect-target-name": "",
                    "indirect-ally-opponent-sentiment": "",
                    "bias": "Informational",
                    "quote": "Yes",
                    "speaker": "Adam Schiff",
                    "text": "You might think that\u2019s okay that they lied about the meeting"
                }
            ]
        },
        {
            "sentence": "\u201cI don\u2019t think that\u2019s okay.\u201d",
            "sentence-index": 20,
            "annotations": []
        },
        {
            "sentence": "Schiff on Monday signed a letter with his fellow House committee chairs demanding the full Mueller report by April 2.",
            "sentence-index": 21,
            "annotations": []
        },
        {
            "sentence": "House Speaker Nancy Pelosi, D-Calif., said earlier this week that the mounting calls to remove Schiff were \"absolutely ridiculous.\"",
            "sentence-index": 22,
            "annotations": []
        },
        {
            "sentence": "She consulted with Schiff and other committee leaders over the weekend as Barr notified Congress of Mueller's report and summarized the details.",
            "sentence-index": 23,
            "annotations": []
        },
        {
            "sentence": "A Pelosi aide said Schiff was being attacked because he's done \"an outstanding job.\"",
            "sentence-index": 24,
            "annotations": [
                {
                    "start": 0,
                    "end": 84,
                    "target": "Adam Schiff",
                    "polarity": "Positive",
                    "aim": "Direct",
                    "indirect-target-name": "",
                    "indirect-ally-opponent-sentiment": "",
                    "bias": "Informational",
                    "quote": "No",
                    "speaker": "",
                    "text": "A Pelosi aide said Schiff was being attacked because he's done \"an outstanding job.\""
                }
            ]
        },
        {
            "sentence": "\"Democrats aren't going to be intimidated by the White House or Congressional Republicans,\" spokeswoman Ashley Etienne said.",
            "sentence-index": 25,
            "annotations": []
        },
        {
            "sentence": "\"We're not going to be distracted from securing the release of the full Mueller report and the underlying evidence, and we will continue to pursue legitimate oversight because that's what the Constitution requires.\"",
            "sentence-index": 26,
            "annotations": []
        }
    ]
}