{
    "date": "2011-03-29",
    "main-entities": [
        "Walmart",
        "plaintiffs",
        "supreme court"
    ],
    "main-event": "Walmart sex discrimination case goes to supreme court",
    "source": "HPO",
    "url": "http://www.huffingtonpost.com/2011/03/29/supreme-court-wal-mart_n_842026.html",
    "title": "Supreme Court Hears Argument In Wal-Mart Sex Bias Lawsuit",
    "word-count": 760,
    "article-level-annotations": {
        "author-sentiment": {
            "main-event": "Neutral",
            "Walmart": "Neutral",
            "plaintiffs": "Neutral",
            "supreme court": "Neutral"
        },
        "stance": "Center"
    },
    "annotators": [
        "A",
        "B"
    ],
    "body": [
        {
            "sentence": "WASHINGTON \u2014 The Supreme Court appears ready to block a massive sex discrimination lawsuit against Wal-Mart on behalf of up to 1.6 million women, and that could make it harder for other workers nationwide to bring class-action claims against large employers.",
            "sentence-index": 0,
            "annotations": []
        },
        {
            "sentence": "The 10-year-old lawsuit, argued in lively exchanges at the court Tuesday, claims that Wal-Mart Stores Inc., the world's largest employer, favors men over women in pay and promotions.",
            "sentence-index": 1,
            "annotations": []
        },
        {
            "sentence": "Billions of dollars are at stake if it is allowed to go forward.",
            "sentence-index": 2,
            "annotations": []
        },
        {
            "sentence": "The case also could affect the future of other class-action lawsuits that pool modest individual claims into a single action that creates the potential for a large judgment and increases the pressure on businesses to settle.",
            "sentence-index": 3,
            "annotations": []
        },
        {
            "sentence": "In Tuesday's arguments, several justices suggested they were troubled by the case and lower court decisions against Bentonville, Ark.-based Wal-Mart.",
            "sentence-index": 4,
            "annotations": []
        },
        {
            "sentence": "Estimates of how many women could be included in the lawsuit run from 500,000 to 1.6 million.",
            "sentence-index": 5,
            "annotations": []
        },
        {
            "sentence": "Justice Anthony Kennedy, often a key vote on the high court, said the women's argument points in apparently conflicting directions.",
            "sentence-index": 6,
            "annotations": []
        },
        {
            "sentence": "\"You said this is a culture where Arkansas knows, the headquarters knows, everything that's going on,\" Kennedy said to Joseph Sellers, the women's lawyer.",
            "sentence-index": 7,
            "annotations": []
        },
        {
            "sentence": "\"Then in the next breath, you say, well, now these supervisors have too much discretion.",
            "sentence-index": 8,
            "annotations": []
        },
        {
            "sentence": "It seems to me there's an inconsistency there, and I'm just not sure what the unlawful policy is.\"",
            "sentence-index": 9,
            "annotations": [
                {
                    "start": 0,
                    "end": 98,
                    "target": "plaintiffs",
                    "polarity": "Negative",
                    "aim": "Direct",
                    "indirect-target-name": "",
                    "indirect-ally-opponent-sentiment": "",
                    "bias": "Informational",
                    "quote": "Yes",
                    "speaker": "Other (Neutral)",
                    "text": "It seems to me there's an inconsistency there, and I'm just not sure what the unlawful policy is.\""
                }
            ]
        },
        {
            "sentence": "Sellers said that lower courts had been persuaded by statistical and other evidence put forth so far in the lawsuit.",
            "sentence-index": 10,
            "annotations": []
        },
        {
            "sentence": "He said Wal-Mart's strong corporate culture stereotypes women as less aggressive than men and that translates into individual pay and promotion decisions at the more than 4,300 Wal-Mart and Sam's Club stores across the country.",
            "sentence-index": 11,
            "annotations": []
        },
        {
            "sentence": "\"The decisions are informed by the values the company provides,\" Sellers said.",
            "sentence-index": 12,
            "annotations": []
        },
        {
            "sentence": "Justice Antonin Scalia said he felt \"whipsawed\" by Sellers' description.",
            "sentence-index": 13,
            "annotations": []
        },
        {
            "sentence": "\"Well, which is it?\" Scalia asked.",
            "sentence-index": 14,
            "annotations": []
        },
        {
            "sentence": "Either individual managers are on their own, \"or else a strong corporate culture tells them what to do.\"",
            "sentence-index": 15,
            "annotations": []
        },
        {
            "sentence": "Justice Ruth Bader Ginsburg said that at this stage of the lawsuit, the issue is not proving discrimination but showing enough evidence to go forward.",
            "sentence-index": 16,
            "annotations": []
        },
        {
            "sentence": "\"We're talking about getting a foot in the door,\" Ginsburg said, a standard she called not hard to meet.",
            "sentence-index": 17,
            "annotations": []
        },
        {
            "sentence": "Ginsburg, who made her name as a lawyer by bringing discrimination claims, said it was possible that Wal-Mart could refute the claims at a trial.",
            "sentence-index": 18,
            "annotations": []
        },
        {
            "sentence": "The court's other two female justices, Elena Kagan and Sonia Sotomayor, and Justice Stephen Breyer also appeared inclined to allow the lawsuit to proceed.",
            "sentence-index": 19,
            "annotations": []
        },
        {
            "sentence": "But several of their more conservative colleagues appeared to agree with Theodore Boutrous Jr., representing Wal-Mart, that even subjecting the company to a trial would be unfair.",
            "sentence-index": 20,
            "annotations": []
        },
        {
            "sentence": "That split among the justices raised the prospect of an ideologically divided ruling by the court this summer.",
            "sentence-index": 21,
            "annotations": []
        },
        {
            "sentence": "Boutrous said the class-action nature of the case deprives the company of its legal rights because it is being forced to defend the treatment of female employees regardless of the jobs they hold or where they work.",
            "sentence-index": 22,
            "annotations": []
        },
        {
            "sentence": "\"There is absolutely no way there can be a fair process here,\" Boutrous said.",
            "sentence-index": 23,
            "annotations": [
                {
                    "start": 1,
                    "end": 60,
                    "target": "plaintiffs",
                    "polarity": "Negative",
                    "aim": "Direct",
                    "indirect-target-name": "",
                    "indirect-ally-opponent-sentiment": "",
                    "bias": "Informational",
                    "quote": "Yes",
                    "speaker": "Other (Anti-target)",
                    "text": "There is absolutely no way there can be a fair process here"
                }
            ]
        },
        {
            "sentence": "He pointed to a group of at least 544 women who serve as store managers who \"are alleged to be both discriminators and victims.\"",
            "sentence-index": 24,
            "annotations": []
        },
        {
            "sentence": "Two of the named plaintiffs, Christine Kwapnoski and Betty Dukes, attended the argument.",
            "sentence-index": 25,
            "annotations": []
        },
        {
            "sentence": "Kwapnoski is an assistant manager at a Sam's Club in Concord, Calif. Dukes is a greeter at the Wal-Mart in Pittsburg, Calif.",
            "sentence-index": 26,
            "annotations": []
        },
        {
            "sentence": "Their situations were discussed only briefly, with Boutrous noting how different they were as a way to argue they should not be dealt with in the same lawsuit.",
            "sentence-index": 27,
            "annotations": []
        },
        {
            "sentence": "Business interests have lined up with Wal-Mart while civil rights, women's and consumer groups have sided with the women plaintiffs.",
            "sentence-index": 28,
            "annotations": []
        },
        {
            "sentence": "Both sides have painted the case as extremely consequential.",
            "sentence-index": 29,
            "annotations": []
        },
        {
            "sentence": "The business community has said that a ruling for the women would lead to a flood of class-action lawsuits based on vague evidence.",
            "sentence-index": 30,
            "annotations": []
        },
        {
            "sentence": "Supporters of the women say that if the court sides with Wal-Mart, it could remove a valuable weapon for fighting all sorts of discrimination.",
            "sentence-index": 31,
            "annotations": []
        },
        {
            "sentence": "David Sanford, who represents plaintiffs in other class-action cases, said after the arguments that the court seemed inclined to rule against the Wal-Mart women.",
            "sentence-index": 32,
            "annotations": []
        },
        {
            "sentence": "Sanford said such a decision could \"have implications for class actions more generally, making it more difficult for women and minority groups to enjoy equality and fair treatment in the workplace.\"",
            "sentence-index": 33,
            "annotations": [
                {
                    "start": 88,
                    "end": 196,
                    "target": "supreme court",
                    "polarity": "Negative",
                    "aim": "Direct",
                    "indirect-target-name": "",
                    "indirect-ally-opponent-sentiment": "",
                    "bias": "Informational",
                    "quote": "Yes",
                    "speaker": "Other (Neutral)",
                    "text": "making it more difficult for women and minority groups to enjoy equality and fair treatment in the workplace"
                }
            ]
        },
        {
            "sentence": "The Obama administration is not taking part in the case, although it was lobbied by both sides.",
            "sentence-index": 34,
            "annotations": []
        }
    ]
}