{
    "source": "fox",
    "main-entities": [
        "Michael Bloomberg",
        "Donald Trump"
    ],
    "main-event": "Bloomberg criticizes Trump at DNC",
    "title": "Bloomberg says Trump a 'dangerous demagogue,' endorses Clinton at DNC",
    "url": "http://www.foxnews.com/politics/2016/07/27/bloomberg-says-trump-dangerous-demagogue-endorses-clinton-at-dnc.html",
    "word-count": 341,
    "date": "2016-07-27",
    "article-level-annotations": {
        "author-sentiment": {
            "main-event": "Neutral",
            "Michael Bloomberg": "Neutral",
            "Donald Trump": "Neutral"
        },
        "stance": "Right"
    },
    "annotators": [
        "A",
        "C"
    ],
    "body": [
        {
            "sentence": "Former New York City Mayor Michael Bloomberg formally endorsed Hillary Clinton Wednesday at the Democratic National Convention, saying it was \"imperative\" that voters back the former secretary of state over GOP nominee Donald Trump.",
            "sentence-index": 0,
            "annotations": []
        },
        {
            "sentence": "\"This is just too important to sit out,\" said Bloomberg, a former Democrat who won New York's mayoralty as a Republican in 2001 before leaving the party to become an independent six years later.",
            "sentence-index": 1,
            "annotations": []
        },
        {
            "sentence": "\"There are times when I disagree with Hillary,\" Bloomberg said.",
            "sentence-index": 2,
            "annotations": []
        },
        {
            "sentence": "\"But let me tell you, whatever our disagreements may be, I\u2019ve come here to say we must put them aside for the good of our country.\"",
            "sentence-index": 3,
            "annotations": []
        },
        {
            "sentence": "Bloomberg, who has an estimated net worth of $48 billion, threw several jabs at Trump, whom he called a \"dangerous demagogue\" and a \"bomb-thrower.\"",
            "sentence-index": 4,
            "annotations": [
                {
                    "start": 105,
                    "end": 124,
                    "target": "Donald Trump",
                    "polarity": "Negative",
                    "aim": "Direct",
                    "indirect-target-name": "",
                    "indirect-ally-opponent-sentiment": "",
                    "bias": "Lexical",
                    "quote": "Yes",
                    "speaker": "Michael Bloomberg",
                    "text": "dangerous demagogue"
                },
                {
                    "start": 133,
                    "end": 145,
                    "target": "Donald Trump",
                    "polarity": "Negative",
                    "aim": "Direct",
                    "indirect-target-name": "",
                    "indirect-ally-opponent-sentiment": "",
                    "bias": "Lexical",
                    "quote": "Yes",
                    "speaker": "Michael Bloomberg",
                    "text": "bomb-thrower"
                }
            ]
        },
        {
            "sentence": "Bloomberg contrasted his business history with Trump's, saying \"I\u2019ve built a business, and I didn\u2019t start it with a million-dollar check from my father.\"",
            "sentence-index": 5,
            "annotations": [
                {
                    "start": 64,
                    "end": 151,
                    "target": "Donald Trump",
                    "polarity": "Negative",
                    "aim": "Direct",
                    "indirect-target-name": "",
                    "indirect-ally-opponent-sentiment": "",
                    "bias": "Informational",
                    "quote": "Yes",
                    "speaker": "Michael Bloomberg",
                    "text": "I\u2019ve built a business, and I didn\u2019t start it with a million-dollar check from my father"
                }
            ]
        },
        {
            "sentence": "Bloomberg also charged that Trump had \"left behind a well-documented record of bankruptcies and thousands of lawsuits and angry shareholders and contractors who feel cheated and disillusioned customers who feel ripped off.\"",
            "sentence-index": 6,
            "annotations": [
                {
                    "start": 39,
                    "end": 221,
                    "target": "Donald Trump",
                    "polarity": "Negative",
                    "aim": "Direct",
                    "indirect-target-name": "",
                    "indirect-ally-opponent-sentiment": "",
                    "bias": "Informational",
                    "quote": "Yes",
                    "speaker": "Michael Bloomberg",
                    "text": "left behind a well-documented record of bankruptcies and thousands of lawsuits and angry shareholders and contractors who feel cheated and disillusioned customers who feel ripped off"
                }
            ]
        },
        {
            "sentence": "\"Trump says he wants to run the nation like he's running his business?",
            "sentence-index": 7,
            "annotations": []
        },
        {
            "sentence": "God help us,\" said Bloomberg, who added that \"the richest thing about Donald Trump is his hypocrisy.\"",
            "sentence-index": 8,
            "annotations": [
                {
                    "start": 0,
                    "end": 11,
                    "target": "Donald Trump",
                    "polarity": "Negative",
                    "aim": "Direct",
                    "indirect-target-name": "",
                    "indirect-ally-opponent-sentiment": "",
                    "bias": "Informational",
                    "quote": "Yes",
                    "speaker": "Michael Bloomberg",
                    "text": "God help us"
                },
                {
                    "start": 46,
                    "end": 99,
                    "target": "Donald Trump",
                    "polarity": "Negative",
                    "aim": "Direct",
                    "indirect-target-name": "",
                    "indirect-ally-opponent-sentiment": "",
                    "bias": "Informational",
                    "quote": "Yes",
                    "speaker": "Michael Bloomberg",
                    "text": "the richest thing about Donald Trump is his hypocrisy"
                }
            ]
        },
        {
            "sentence": "Bloomberg considered making a third-party run for president this year before opting against a campaign, expressing worry he would siphon away votes from Democratic nominee Hillary Clinton and inadvertently help elect Trump.",
            "sentence-index": 9,
            "annotations": []
        },
        {
            "sentence": "While in office, Bloomberg had a cordial relationship with Clinton, who, as a senator from New York, was involved in the city's post-9/11 rebuilding effort.",
            "sentence-index": 10,
            "annotations": []
        },
        {
            "sentence": "He did, as well, with Trump, whom he knew from New York's glitzy social circuit and from dealings with him as a developer.",
            "sentence-index": 11,
            "annotations": []
        },
        {
            "sentence": "But Trump's hardline approach to immigration alienated Bloomberg, who often makes the case that an open immigration policy is needed to keep the nation's economy growing.",
            "sentence-index": 12,
            "annotations": []
        },
        {
            "sentence": "He deemed Trump's economic plan \"a con\" and \"a disaster in the making.\"",
            "sentence-index": 13,
            "annotations": [
                {
                    "start": 0,
                    "end": 71,
                    "target": "Donald Trump",
                    "polarity": "Negative",
                    "aim": "Direct",
                    "indirect-target-name": "",
                    "indirect-ally-opponent-sentiment": "",
                    "bias": "Informational",
                    "quote": "No",
                    "speaker": "",
                    "text": "He deemed Trump's economic plan \"a con\" and \"a disaster in the making.\""
                }
            ]
        },
        {
            "sentence": "Trump did not immediately respond to the speech.",
            "sentence-index": 14,
            "annotations": []
        }
    ]
}