{
    "source": "hpo",
    "main-entities": [
        "Michael Bloomberg",
        "Donald Trump"
    ],
    "main-event": "Bloomberg criticizes Trump at DNC",
    "title": "Clinton Is 'Sane' And 'Competent,' Unlike Trump, Bloomberg Tells U.S.",
    "url": "https://www.huffingtonpost.com/entry/trump-business-michael-bloomberg-dnc_us_579957a2e4b0d3568f85fbb7",
    "word-count": 487,
    "date": "2016-07-27",
    "article-level-annotations": {
        "author-sentiment": {
            "main-event": "Neutral",
            "Michael Bloomberg": "Neutral",
            "Donald Trump": "Negative"
        },
        "stance": "Center"
    },
    "annotators": [
        "A",
        "C"
    ],
    "body": [
        {
            "sentence": "PHILADELPHIA \u2015 Americans should vote for Hillary Clinton because, unlike Republican nominee Donald Trump, she is a \u201csane, competent person,\u201d Michael Bloomberg, the former New York mayor and founder of the Bloomberg financial news and information empire, said at the Democratic National Convention Wednesday.",
            "sentence-index": 0,
            "annotations": [
                {
                    "start": 116,
                    "end": 138,
                    "target": "Donald Trump",
                    "polarity": "Negative",
                    "aim": "Indirect (Opponent)",
                    "indirect-target-name": "Hillary Clinton",
                    "indirect-ally-opponent-sentiment": "Positive",
                    "bias": "Lexical",
                    "quote": "Yes",
                    "speaker": "Michael Bloomberg",
                    "text": "sane, competent person"
                }
            ]
        },
        {
            "sentence": "The line was an unscripted addition to a speech in which Bloomberg criticized Democrats, but argued that Trump was a \u201cdangerous demagogue\u201d and a bad businessman who would be a disastrous president.",
            "sentence-index": 1,
            "annotations": [
                {
                    "start": 105,
                    "end": 196,
                    "target": "Donald Trump",
                    "polarity": "Negative",
                    "aim": "Direct",
                    "indirect-target-name": "",
                    "indirect-ally-opponent-sentiment": "",
                    "bias": "Informational",
                    "quote": "No",
                    "speaker": "",
                    "text": "Trump was a \u201cdangerous demagogue\u201d and a bad businessman who would be a disastrous president"
                }
            ]
        },
        {
            "sentence": "\u201cI\u2019m a New Yorker,\u201d he said, \u201cand New Yorkers know a con when we see one.\u201d",
            "sentence-index": 2,
            "annotations": [
                {
                    "start": 53,
                    "end": 56,
                    "target": "Donald Trump",
                    "polarity": "Negative",
                    "aim": "Direct",
                    "indirect-target-name": "",
                    "indirect-ally-opponent-sentiment": "",
                    "bias": "Lexical",
                    "quote": "Yes",
                    "speaker": "Michael Bloomberg",
                    "text": "con"
                }
            ]
        },
        {
            "sentence": "The billionaire ex-Republican, who has endorsed Democratic presidential nominee Hillary Clinton, made the case that Trump\u2019s career is characterized by a litany of collapses and missteps, and that the Republican presidential nominee\u2019s boasts don\u2019t match reality.",
            "sentence-index": 3,
            "annotations": [
                {
                    "start": 116,
                    "end": 260,
                    "target": "Donald Trump",
                    "polarity": "Negative",
                    "aim": "Direct",
                    "indirect-target-name": "",
                    "indirect-ally-opponent-sentiment": "",
                    "bias": "Informational",
                    "quote": "No",
                    "speaker": "",
                    "text": "Trump\u2019s career is characterized by a litany of collapses and missteps, and that the Republican presidential nominee\u2019s boasts don\u2019t match reality"
                }
            ]
        },
        {
            "sentence": "Americans who want a great businessperson in the White House should look for someone who isn\u2019t Trump, Bloomberg said.",
            "sentence-index": 4,
            "annotations": []
        },
        {
            "sentence": "\u201cThroughout his career, Trump has left behind a well-documented record of bankruptcies, thousands of lawsuits, angry stockholders and contractors who feel cheated and disillusioned customers who feel ripped off,\u201d Bloomberg said.",
            "sentence-index": 5,
            "annotations": [
                {
                    "start": 24,
                    "end": 210,
                    "target": "Donald Trump",
                    "polarity": "Negative",
                    "aim": "Direct",
                    "indirect-target-name": "",
                    "indirect-ally-opponent-sentiment": "",
                    "bias": "Informational",
                    "quote": "Yes",
                    "speaker": "Michael Bloomberg",
                    "text": "Trump has left behind a well-documented record of bankruptcies, thousands of lawsuits, angry stockholders and contractors who feel cheated and disillusioned customers who feel ripped off"
                }
            ]
        },
        {
            "sentence": "\u201cTrump says he wants to run the nation like he\u2019s running his business? God help us.",
            "sentence-index": 6,
            "annotations": [
                {
                    "start": 71,
                    "end": 82,
                    "target": "Donald Trump",
                    "polarity": "Negative",
                    "aim": "Direct",
                    "indirect-target-name": "",
                    "indirect-ally-opponent-sentiment": "",
                    "bias": "Informational",
                    "quote": "Yes",
                    "speaker": "Michael Bloomberg",
                    "text": "God help us"
                }
            ]
        },
        {
            "sentence": "Bloomberg\u2019s scathing speech seemed designed to chafe Trump\u2019s rawest nerves, mocking Trump\u2019s business prowess, his inheritance from his late father, his ego and his intellect.",
            "sentence-index": 7,
            "annotations": []
        },
        {
            "sentence": "\u201cTruth be told, the richest thing about Donald Trump is his hypocrisy,\u201d Bloomberg said.",
            "sentence-index": 8,
            "annotations": [
                {
                    "start": 16,
                    "end": 69,
                    "target": "Donald Trump",
                    "polarity": "Negative",
                    "aim": "Direct",
                    "indirect-target-name": "",
                    "indirect-ally-opponent-sentiment": "",
                    "bias": "Informational",
                    "quote": "Yes",
                    "speaker": "Michael Bloomberg",
                    "text": "the richest thing about Donald Trump is his hypocrisy"
                }
            ]
        },
        {
            "sentence": "Trump claims great wealth, but won\u2019t disclose his real net worth and refuses to release his tax returns.",
            "sentence-index": 9,
            "annotations": [
                {
                    "start": 0,
                    "end": 104,
                    "target": "Donald Trump",
                    "polarity": "Negative",
                    "aim": "Direct",
                    "indirect-target-name": "",
                    "indirect-ally-opponent-sentiment": "",
                    "bias": "Informational",
                    "quote": "No",
                    "speaker": "",
                    "text": "Trump claims great wealth, but won\u2019t disclose his real net worth and refuses to release his tax returns."
                }
            ]
        },
        {
            "sentence": "The real-estate developer also reacts defensively when his success is questioned.",
            "sentence-index": 10,
            "annotations": [
                {
                    "start": 0,
                    "end": 81,
                    "target": "Donald Trump",
                    "polarity": "Negative",
                    "aim": "Direct",
                    "indirect-target-name": "",
                    "indirect-ally-opponent-sentiment": "",
                    "bias": "Informational",
                    "quote": "No",
                    "speaker": "",
                    "text": "The real-estate developer also reacts defensively when his success is questioned."
                }
            ]
        },
        {
            "sentence": "Bloomberg \u2015 who rivals Trump in unwavering self-assurance \u2015 favorably compared his own achievements in business and politics with Trump\u2019s.",
            "sentence-index": 11,
            "annotations": []
        },
        {
            "sentence": "\u201cWe\u2019ve heard a lot of talk in this campaign about needing a leader who understands business.",
            "sentence-index": 12,
            "annotations": []
        },
        {
            "sentence": "I couldn\u2019t agree more.",
            "sentence-index": 13,
            "annotations": []
        },
        {
            "sentence": "I\u2019ve built a business \u2015 and I didn\u2019t start it with a million-dollar check from my father,\u201d Bloomberg said.",
            "sentence-index": 14,
            "annotations": [
                {
                    "start": 28,
                    "end": 88,
                    "target": "Donald Trump",
                    "polarity": "Negative",
                    "aim": "Direct",
                    "indirect-target-name": "",
                    "indirect-ally-opponent-sentiment": "",
                    "bias": "Informational",
                    "quote": "Yes",
                    "speaker": "Michael Bloomberg",
                    "text": "I didn\u2019t start it with a million-dollar check from my father"
                }
            ]
        },
        {
            "sentence": "\u201cBecause of my success in the private sector, I had the chance to run America\u2019s largest city for 12 years.\u201d",
            "sentence-index": 15,
            "annotations": []
        },
        {
            "sentence": "Bloomberg weighed an independent bid for president this year because he objected to both Trump and Sen. Bernie Sanders (I-Vt.), Clinton\u2019s primary challenger.",
            "sentence-index": 16,
            "annotations": []
        },
        {
            "sentence": "Bloomberg was a vocal critic of the Republican candidate \u2015 his former friend \u2015 long before backing Clinton\u2019s White House run.",
            "sentence-index": 17,
            "annotations": []
        },
        {
            "sentence": "The financial industry tycoon ridiculed Trump\u2019s statements on immigration, national security, foreign trade, and his use of overseas labor.",
            "sentence-index": 18,
            "annotations": []
        },
        {
            "sentence": "And Bloomberg made dire predictions about the damage a Trump presidency would wreak on virtually every aspect of American life.",
            "sentence-index": 19,
            "annotations": []
        },
        {
            "sentence": "\u201cI understand the appeal of a businessman president,\u201d Bloomberg said.",
            "sentence-index": 20,
            "annotations": []
        },
        {
            "sentence": "\u201cBut Trump\u2019s business plan is a disaster in the making.",
            "sentence-index": 21,
            "annotations": [
                {
                    "start": 30,
                    "end": 54,
                    "target": "Donald Trump",
                    "polarity": "Negative",
                    "aim": "Direct",
                    "indirect-target-name": "",
                    "indirect-ally-opponent-sentiment": "",
                    "bias": "Informational",
                    "quote": "Yes",
                    "speaker": "Michael Bloomberg",
                    "text": "a disaster in the making"
                }
            ]
        },
        {
            "sentence": "He would make it harder for small businesses to compete, do great damage to our economy, threaten the retirement savings of millions of Americans, lead to greater debt and more unemployment, erode our influence around the world and make our communities less safe.\u201d",
            "sentence-index": 22,
            "annotations": [
                {
                    "start": 0,
                    "end": 264,
                    "target": "Donald Trump",
                    "polarity": "Negative",
                    "aim": "Direct",
                    "indirect-target-name": "",
                    "indirect-ally-opponent-sentiment": "",
                    "bias": "Informational",
                    "quote": "Yes",
                    "speaker": "Michael Bloomberg",
                    "text": "He would make it harder for small businesses to compete, do great damage to our economy, threaten the retirement savings of millions of Americans, lead to greater debt and more unemployment, erode our influence around the world and make our communities less safe.\u201d"
                }
            ]
        }
    ]
}