{
    "source": "nyt",
    "main-entities": [
        "Michael Bloomberg",
        "Donald Trump"
    ],
    "main-event": "Bloomberg criticizes Trump at DNC",
    "title": "For Trump and Bloomberg, Cordial Ties Have Soured",
    "url": "https://www.nytimes.com/2016/07/29/nyregion/for-trump-and-bloomberg-cordial-ties-have-soured.html",
    "word-count": 671,
    "date": "2016-07-28",
    "article-level-annotations": {
        "author-sentiment": {
            "main-event": "Neutral",
            "Michael Bloomberg": "Neutral",
            "Donald Trump": "Negative"
        },
        "stance": "Left"
    },
    "annotators": [
        "A",
        "C"
    ],
    "body": [
        {
            "sentence": "Listening to Michael R. Bloomberg rage about Donald J. Trump in his speech at the Democratic National Convention this week \u2014 labeling him a public menace and hinting that he was not quite sane \u2014 it would be easy to think that the two billionaires had a rift going back many years.",
            "sentence-index": 0,
            "annotations": [
                {
                    "start": 34,
                    "end": 38,
                    "target": "Michael Bloomberg",
                    "polarity": "Negative",
                    "aim": "Direct",
                    "indirect-target-name": "",
                    "indirect-ally-opponent-sentiment": "",
                    "bias": "Lexical",
                    "quote": "No",
                    "speaker": "",
                    "text": "rage"
                },
                {
                    "start": 125,
                    "end": 192,
                    "target": "Donald Trump",
                    "polarity": "Positive",
                    "aim": "Direct",
                    "indirect-target-name": "",
                    "indirect-ally-opponent-sentiment": "",
                    "bias": "Informational",
                    "quote": "No",
                    "speaker": "",
                    "text": "labeling him a public menace and hinting that he was not quite sane"
                }
            ]
        },
        {
            "sentence": "\u201cTrump says he wants to run the nation like he\u2019s run his business,\u201d Mr. Bloomberg said on Wednesday.",
            "sentence-index": 1,
            "annotations": []
        },
        {
            "sentence": "\u201cGod help us.\u201d",
            "sentence-index": 2,
            "annotations": [
                {
                    "start": 0,
                    "end": 14,
                    "target": "Donald Trump",
                    "polarity": "Negative",
                    "aim": "Direct",
                    "indirect-target-name": "",
                    "indirect-ally-opponent-sentiment": "",
                    "bias": "Informational",
                    "quote": "Yes",
                    "speaker": "Michael Bloomberg",
                    "text": "\u201cGod help us.\u201d"
                }
            ]
        },
        {
            "sentence": "But in all their time in New York City, their interactions have been limited, yet cordial, according to people who know both of them.",
            "sentence-index": 3,
            "annotations": []
        },
        {
            "sentence": "They existed in different circles of New York\u2019s ultrarich: Mr. Bloomberg is known as a generous philanthropist; Mr. Trump appears to have been flinty in his giving.",
            "sentence-index": 4,
            "annotations": [
                {
                    "start": 59,
                    "end": 110,
                    "target": "Michael Bloomberg",
                    "polarity": "Positive",
                    "aim": "Direct",
                    "indirect-target-name": "",
                    "indirect-ally-opponent-sentiment": "",
                    "bias": "Informational",
                    "quote": "No",
                    "speaker": "",
                    "text": "Mr. Bloomberg is known as a generous philanthropist"
                },
                {
                    "start": 112,
                    "end": 163,
                    "target": "Donald Trump",
                    "polarity": "Negative",
                    "aim": "Direct",
                    "indirect-target-name": "",
                    "indirect-ally-opponent-sentiment": "",
                    "bias": "Informational",
                    "quote": "No",
                    "speaker": "",
                    "text": "Mr. Trump appears to have been flinty in his giving"
                }
            ]
        },
        {
            "sentence": "Mr. Bloomberg is a supporter of the arts and aligns himself with Manhattan\u2019s sophisticated cultural scene; Mr. Trump relishes in being crude.",
            "sentence-index": 5,
            "annotations": [
                {
                    "start": 0,
                    "end": 105,
                    "target": "Michael Bloomberg",
                    "polarity": "Positive",
                    "aim": "Direct",
                    "indirect-target-name": "",
                    "indirect-ally-opponent-sentiment": "",
                    "bias": "Informational",
                    "quote": "No",
                    "speaker": "",
                    "text": "Mr. Bloomberg is a supporter of the arts and aligns himself with Manhattan\u2019s sophisticated cultural scene"
                },
                {
                    "start": 107,
                    "end": 140,
                    "target": "Donald Trump",
                    "polarity": "Negative",
                    "aim": "Direct",
                    "indirect-target-name": "",
                    "indirect-ally-opponent-sentiment": "",
                    "bias": "Informational",
                    "quote": "No",
                    "speaker": "",
                    "text": "Mr. Trump relishes in being crude"
                }
            ]
        },
        {
            "sentence": "Mr. Bloomberg made his billions in finance and technology; Mr. Trump got his start in real estate before becoming a casino magnate and then a reality-show celebrity.",
            "sentence-index": 6,
            "annotations": []
        },
        {
            "sentence": "Mr. Bloomberg is not overly ostentatious for a man of great wealth; Mr. Trump loves to show off his possessions.",
            "sentence-index": 7,
            "annotations": [
                {
                    "start": 0,
                    "end": 66,
                    "target": "Michael Bloomberg",
                    "polarity": "Positive",
                    "aim": "Direct",
                    "indirect-target-name": "",
                    "indirect-ally-opponent-sentiment": "",
                    "bias": "Informational",
                    "quote": "No",
                    "speaker": "",
                    "text": "Mr. Bloomberg is not overly ostentatious for a man of great wealth"
                },
                {
                    "start": 68,
                    "end": 111,
                    "target": "Donald Trump",
                    "polarity": "Negative",
                    "aim": "Direct",
                    "indirect-target-name": "",
                    "indirect-ally-opponent-sentiment": "",
                    "bias": "Informational",
                    "quote": "No",
                    "speaker": "",
                    "text": "Mr. Trump loves to show off his possessions"
                }
            ]
        },
        {
            "sentence": "\u201cI\u2019ve been by Mike\u2019s side for 19 years, and I\u2019ve never met Donald Trump,\u201d said Kevin Sheekey, an adviser to Mr. Bloomberg, underscoring the extent to which the men were not close.",
            "sentence-index": 8,
            "annotations": []
        },
        {
            "sentence": "\u201cTrump hasn\u2019t been part of the business, political or charitable community since the Koch administration.",
            "sentence-index": 9,
            "annotations": [
                {
                    "start": 0,
                    "end": 105,
                    "target": "Donald Trump",
                    "polarity": "Negative",
                    "aim": "Direct",
                    "indirect-target-name": "",
                    "indirect-ally-opponent-sentiment": "",
                    "bias": "Informational",
                    "quote": "Yes",
                    "speaker": "Other (Neutral)",
                    "text": "\u201cTrump hasn\u2019t been part of the business, political or charitable community since the Koch administration."
                }
            ]
        },
        {
            "sentence": "The only place Mike and Donald would have seen each other is on a golf course or on a TV set.\u201d",
            "sentence-index": 10,
            "annotations": []
        },
        {
            "sentence": "On at least a few occasions, Mr. Bloomberg and Mr. Trump met up on the golf links.",
            "sentence-index": 11,
            "annotations": []
        },
        {
            "sentence": "In 2007, when Mr. Bloomberg was in the second of his three terms as mayor, the two played together in a charity event at Trump National Golf Club in the city\u2019s northern suburbs.",
            "sentence-index": 12,
            "annotations": []
        },
        {
            "sentence": "An article in New York magazine described how Mr. Trump, Mr. Bloomberg, the comedian Billy Crystal and the former New York Yankees manager Joe Torre were set to play together in the lead foursome \u2014 but could not agree on who would go first.",
            "sentence-index": 13,
            "annotations": []
        },
        {
            "sentence": "\u201cHow about the mayor starts it off in honor of the city?\u201d Mr. Trump was quoted as saying, playing peacemaker and showing deference to Mr. Bloomberg.",
            "sentence-index": 14,
            "annotations": [
                {
                    "start": 90,
                    "end": 147,
                    "target": "Donald Trump",
                    "polarity": "Positive",
                    "aim": "Direct",
                    "indirect-target-name": "",
                    "indirect-ally-opponent-sentiment": "",
                    "bias": "Informational",
                    "quote": "No",
                    "speaker": "",
                    "text": "playing peacemaker and showing deference to Mr. Bloomberg"
                }
            ]
        },
        {
            "sentence": "Mr. Bloomberg also appeared twice on Mr. Trump\u2019s reality TV show, \u201cThe Apprentice,\u201d in 2004 and 2008, in part as a way to demonstrate support for the show, which was produced in New York.",
            "sentence-index": 15,
            "annotations": []
        },
        {
            "sentence": "And the men have a filial connection: acquaintances said that Mr. Bloomberg\u2019s daughter Georgina is friends with Mr. Trump\u2019s daughter Ivanka.",
            "sentence-index": 16,
            "annotations": []
        },
        {
            "sentence": "Mr. Trump, an avid user of Twitter, made positive comments about Mr. Bloomberg when he was in office.",
            "sentence-index": 17,
            "annotations": []
        },
        {
            "sentence": "\u201cMike Bloomberg is doing a great job as mayor of New York City,\u201d he posted in 2012.",
            "sentence-index": 18,
            "annotations": []
        },
        {
            "sentence": "In 2013, he praised Mr. Bloomberg\u2019s administration for choosing him to finish a stalled Bronx golf course project, and then wrote on Twitter about a ribbon-cutting with the mayor.",
            "sentence-index": 19,
            "annotations": []
        },
        {
            "sentence": "In 2014, Mr. Trump tweeted congratulations at Georgina for winning an equestrian tournament.",
            "sentence-index": 20,
            "annotations": []
        },
        {
            "sentence": "But the cordiality dissipated not long after Mr. Trump declared his candidacy.",
            "sentence-index": 21,
            "annotations": []
        },
        {
            "sentence": "Mr. Bloomberg began exploring his own presidential bid, as an independent, in part to block Mr. Trump from being elected.",
            "sentence-index": 22,
            "annotations": []
        },
        {
            "sentence": "And when Mr. Bloomberg ruled out running, he did so because he said he did not want his third-party candidacy to siphon enough votes to help Mr. Trump.",
            "sentence-index": 23,
            "annotations": []
        },
        {
            "sentence": "\u201cAs a former Republican presidential campaign manager told me, Hillary has some baggage, but Trump is crazy,\u201d said Mr. Sheekey, who was involved in Mr. Bloomberg\u2019s explorative bid.",
            "sentence-index": 24,
            "annotations": [
                {
                    "start": 93,
                    "end": 107,
                    "target": "Donald Trump",
                    "polarity": "Negative",
                    "aim": "Direct",
                    "indirect-target-name": "",
                    "indirect-ally-opponent-sentiment": "",
                    "bias": "Informational",
                    "quote": "Yes",
                    "speaker": "Other (Neutral)",
                    "text": "Trump is crazy"
                }
            ]
        },
        {
            "sentence": "\u201cAnd you can\u2019t fix crazy.\u201d",
            "sentence-index": 25,
            "annotations": [
                {
                    "start": 0,
                    "end": 26,
                    "target": "Donald Trump",
                    "polarity": "Negative",
                    "aim": "Direct",
                    "indirect-target-name": "",
                    "indirect-ally-opponent-sentiment": "",
                    "bias": "Informational",
                    "quote": "Yes",
                    "speaker": "Other (Neutral)",
                    "text": "\u201cAnd you can\u2019t fix crazy.\u201d"
                }
            ]
        },
        {
            "sentence": "Mr. Trump, typically, has not shied away from counterattacks.",
            "sentence-index": 26,
            "annotations": []
        },
        {
            "sentence": "In a CNN interview in January, Mr. Trump voiced skepticism that Mr. Bloomberg was worth as much as Forbes magazine estimated and speculated that Mr. Bloomberg\u2019s company, which provides data terminals to financial firms and wealthy individuals, was vulnerable to competitors.",
            "sentence-index": 27,
            "annotations": [
                {
                    "start": 31,
                    "end": 273,
                    "target": "Michael Bloomberg",
                    "polarity": "Negative",
                    "aim": "Direct",
                    "indirect-target-name": "",
                    "indirect-ally-opponent-sentiment": "",
                    "bias": "Informational",
                    "quote": "No",
                    "speaker": "",
                    "text": "Mr. Trump voiced skepticism that Mr. Bloomberg was worth as much as Forbes magazine estimated and speculated that Mr. Bloomberg\u2019s company, which provides data terminals to financial firms and wealthy individuals, was vulnerable to competitors"
                }
            ]
        },
        {
            "sentence": "\u201cWe used to be friends,\u201d Mr. Trump told CNN.",
            "sentence-index": 28,
            "annotations": []
        },
        {
            "sentence": "\u201cI guess we\u2019re not friends anymore.\u201d",
            "sentence-index": 29,
            "annotations": []
        }
    ]
}