{
    "source": "hpo",
    "main-entities": [
        "James Mattis",
        "Donald Trump"
    ],
    "main-event": "James Mattis quits as defense secretary",
    "title": "Trump Says Defense Secretary Jim Mattis Will Retire In February",
    "url": "https://www.huffingtonpost.com/entry/james-mattis-trump-defense-secretary-retire_us_5b2a4dd8e4b0a4dc9922c6ed",
    "word-count": 876,
    "date": "2018-12-20",
    "article-level-annotations": {
        "author-sentiment": {
            "main-event": "Neutral",
            "Donald Trump": "Negative",
            "James Mattis": "Neutral"
        },
        "stance": "Center"
    },
    "annotators": [
        "A",
        "B"
    ],
    "body": [
        {
            "sentence": "President Donald Trump tweeted on Thursday that Defense Secretary Jim Mattis, a retired Marine general who was one of Trump\u2019s first Cabinet picks, would be retiring at the end of February.",
            "sentence-index": 0,
            "annotations": []
        },
        {
            "sentence": "Mattis, who served more than four decades in the military and headed the U.S. Central Command from 2010 to 2013, won Senate confirmation as defense secretary on Jan. 20, 2017, shortly after Trump\u2019s inauguration.",
            "sentence-index": 1,
            "annotations": []
        },
        {
            "sentence": "The Pentagon chief, nicknamed \u201cMad Dog Mattis\u201d during his time as a Marine, echoed Trump\u2019s call for strengthening the military and beefing up its combat readiness.",
            "sentence-index": 2,
            "annotations": [
                {
                    "target": "James Mattis",
                    "end": 46,
                    "aim": "Direct",
                    "polarity": "Negative",
                    "start": 20,
                    "bias": "Informational",
                    "quote": "No",
                    "indirect-target-name": "",
                    "speaker": "",
                    "indirect-ally-opponent-sentiment": "",
                    "text": "nicknamed \u201cMad Dog Mattis\u201d"
                }
            ]
        },
        {
            "sentence": "The budget bill the president signed into law in February earmarked $700 billion for the Defense Department this fiscal year \u2015 a more than 15 percent increase over the previous year and the biggest hike in military spending since 2002.",
            "sentence-index": 3,
            "annotations": []
        },
        {
            "sentence": "Mattis\u2019 resignation letter addressed to Trump indicates his final day in office will be Feb. 28.",
            "sentence-index": 4,
            "annotations": []
        },
        {
            "sentence": "\u201cI am proud of the progress that has been made over the past two years on some of the key goals articulated in our National Defense Strategy: putting the Department on a more sound budgetary footing, improving readiness and lethality in our forces, and reforming the Department\u2019s business practices for greater performance, he wrote.",
            "sentence-index": 5,
            "annotations": []
        },
        {
            "sentence": "\u201cOur troops continue to provide the capabilities needed to prevail in conflict and sustain strong U.S. global influence.\u201d",
            "sentence-index": 6,
            "annotations": []
        },
        {
            "sentence": "In the unusual letter, Mattis also wrote that he and Trump had differing views on Russian and Chinese authoritarianism: \u201cBecause you have the right to have a Secretary of Defense whose views are better aligned with yours on these and other subjects, I believe it is right for me to step down from my position.\u201d",
            "sentence-index": 7,
            "annotations": []
        },
        {
            "sentence": "Earlier this week, Trump went against Mattis by abruptly withdrawing U.S. troops from Syria.",
            "sentence-index": 8,
            "annotations": []
        },
        {
            "sentence": "Mattis had previously argued that a small U.S. presence should remain because the counterterrorism mission there is ongoing and removing troops now would cause more problems for the region.",
            "sentence-index": 9,
            "annotations": []
        },
        {
            "sentence": "Additionally, forces were withdrawn despite the concern by many Republicans that \u201cleaving would strengthen the hand of Russia and Iran, which both support Syrian President Bashar al Assad.\u201d",
            "sentence-index": 10,
            "annotations": []
        },
        {
            "sentence": "News of Mattis\u2019 departure comes in the wake of reports that the White House had been discussing who might replace him, a topic that was first reported by The Washington Post in early September.",
            "sentence-index": 11,
            "annotations": []
        },
        {
            "sentence": "Some of the top names that were reportedly under consideration included four-star Army Gen. Jack Keane, Sen. Tom Cotton (R-Ark.), Sen. Lindsey Graham (R-S.C.), former Treasury Department official David McCormick and former Republican Sen. Jim Talent of Missouri.",
            "sentence-index": 12,
            "annotations": []
        },
        {
            "sentence": "Trump denied that he had been looking to replace Mattis, telling reporters that he was \u201cvery happy\u201d with him.",
            "sentence-index": 13,
            "annotations": []
        },
        {
            "sentence": "That assurance came ahead of the release of a book by acclaimed Watergate journalist Bob Woodward, which reported that Mattis once told staffers that Trump has the understanding of a \u201cfifth- or sixth-grader.\u201d Mattis has denied having said that.",
            "sentence-index": 14,
            "annotations": [
                {
                    "target": "Donald Trump",
                    "end": 208,
                    "aim": "Direct",
                    "polarity": "Negative",
                    "start": 119,
                    "bias": "Informational",
                    "quote": "No",
                    "indirect-target-name": "",
                    "speaker": "",
                    "indirect-ally-opponent-sentiment": "",
                    "text": "Mattis once told staffers that Trump has the understanding of a \u201cfifth- or sixth-grader.\u201d"
                }
            ]
        },
        {
            "sentence": "A major split between Trump and Mattis concerned Russian President Vladimir Putin.",
            "sentence-index": 15,
            "annotations": []
        },
        {
            "sentence": "The defense secretary has characterized Putin as trying to undermine NATO and assaulting Western democracies while violating international norms.",
            "sentence-index": 16,
            "annotations": []
        },
        {
            "sentence": "\u201c[Putin\u2019s] actions are designed not to challenge our arms at this point, but to undercut and compromise our belief in our ideals,\u201d Mattis told U.S. Naval War College graduates at a commencement ceremony in June.",
            "sentence-index": 17,
            "annotations": []
        },
        {
            "sentence": "Trump, in contrast, has praised Putin\u2019s leadership skills and recently roiled U.S. allies by calling for Russia\u2019s reinstatement to the Group of Seven major industrial nations.",
            "sentence-index": 18,
            "annotations": []
        },
        {
            "sentence": "Russia was expelled from what was then the Group of Eight after its annexation of Crimea from Ukraine.",
            "sentence-index": 19,
            "annotations": []
        },
        {
            "sentence": "Mattis had also argued that the U.S. should consider staying in the Iran nuclear deal unless Tehran was found not to be abiding by the multi-nation agreement.",
            "sentence-index": 20,
            "annotations": []
        },
        {
            "sentence": "Iran was following the pact\u2019s rules, according to the International Atomic Energy Agency, which monitors the use of nuclear energy and has verified Iranian compliance with the accord multiple times since 2015.",
            "sentence-index": 21,
            "annotations": []
        },
        {
            "sentence": "Trump went on to pull out of the deal in May, claiming that it had been poorly negotiated during the Obama administration.",
            "sentence-index": 22,
            "annotations": []
        },
        {
            "sentence": "Mattis opposed Trump\u2019s proposed ban on transgender service members, as well as the use of torture in the interrogation of terrorist suspects.",
            "sentence-index": 23,
            "annotations": []
        },
        {
            "sentence": "His most prominent moment in the public spotlight occurred in April when he handled briefings on Trump\u2019s decision to conduct targeted airstrikes against Syria in response to the alleged use of chemical weapons by Assad\u2019s regime in that nation\u2019s civil war.",
            "sentence-index": 24,
            "annotations": []
        },
        {
            "sentence": "Even then, Mattis\u2019 recommendation that congressional approval be sought for the strikes put him at odds with the president.",
            "sentence-index": 25,
            "annotations": []
        },
        {
            "sentence": "Trump overruled the defense secretary and unilaterally ordered the military assault.",
            "sentence-index": 26,
            "annotations": []
        },
        {
            "sentence": "Mattis joins a growing list of high-profile departures from the administration.",
            "sentence-index": 27,
            "annotations": []
        },
        {
            "sentence": "Trump fired Secretary of State Rex Tillerson earlier this year, and Tom Price stepped aside as secretary of health and human services last fall amid ethical questions about his travel practices.",
            "sentence-index": 28,
            "annotations": []
        },
        {
            "sentence": "Reince Priebus lasted barely six months as White House chief of staff, and Sean Spicer had a similarly short tenure as press secretary.",
            "sentence-index": 29,
            "annotations": []
        },
        {
            "sentence": "White House Communications Director Hope Hicks, a Trump aide before he won the presidency, announced her resignation in February.",
            "sentence-index": 30,
            "annotations": []
        },
        {
            "sentence": "White House deputy chief of staff Joe Hagin, who also served in the Ronald Reagan, George H.W. Bush and George W. Bush administrations, is expected to leave his post in July, Politico reported.",
            "sentence-index": 31,
            "annotations": []
        }
    ]
}