{
    "source": "hpo",
    "main-entities": [
        "Jan Brewer",
        "SB 1062 bill"
    ],
    "main-event": "Jan Brewer urged to veto gay discrimination bill",
    "title": "Jan Brewer Announces Veto Of Arizona Anti-Gay Bill",
    "url": "https://www.huffingtonpost.com/2014/02/26/jan-brewer-vetoes_n_4854003.html?ncid=edlinkushpmg00000313&ec_carp=976186401922298178",
    "word-count": 285,
    "date": "2014-02-26",
    "article-level-annotations": {
        "author-sentiment": {
            "main-event": "Neutral",
            "Jan Brewer": "Neutral",
            "SB 1062 bill": "Neutral"
        },
        "stance": "Left"
    },
    "annotators": [
        "A",
        "C"
    ],
    "body": [
        {
            "sentence": "WASHINGTON -- Arizona Gov. Jan Brewer (R) announced her decision to veto legislation on Wednesday that would have allowed businesses to legally refuse service to anyone on \"religious freedom\" grounds, effectively allowing them to discriminate against same-sex couples.",
            "sentence-index": 0,
            "annotations": [
                {
                    "start": 172,
                    "end": 191,
                    "target": "SB 1062 bill",
                    "polarity": "Negative",
                    "aim": "Direct",
                    "indirect-target-name": "",
                    "indirect-ally-opponent-sentiment": "",
                    "bias": "Lexical",
                    "quote": "No",
                    "speaker": "",
                    "text": "\"religious freedom\""
                },
                {
                    "start": 230,
                    "end": 242,
                    "target": "SB 1062 bill",
                    "polarity": "Negative",
                    "aim": "Direct",
                    "indirect-target-name": "",
                    "indirect-ally-opponent-sentiment": "",
                    "bias": "Lexical",
                    "quote": "No",
                    "speaker": "",
                    "text": "discriminate"
                }
            ]
        },
        {
            "sentence": "Brewer said the bill had \"the potential to create more problems than it purports to solve.\"",
            "sentence-index": 1,
            "annotations": []
        },
        {
            "sentence": "\"Senate Bill 1062 does not address a specific or present concern related to religious liberty in Arizona,\" she said.",
            "sentence-index": 2,
            "annotations": []
        },
        {
            "sentence": "\"I have not heard one example where business owners' religious liberty has been violated.\"",
            "sentence-index": 3,
            "annotations": [
                {
                    "start": 0,
                    "end": 90,
                    "target": "SB 1062 bill",
                    "polarity": "Negative",
                    "aim": "Direct",
                    "indirect-target-name": "",
                    "indirect-ally-opponent-sentiment": "",
                    "bias": "Informational",
                    "quote": "Yes",
                    "speaker": "Jan Brewer",
                    "text": "\"I have not heard one example where business owners' religious liberty has been violated.\""
                }
            ]
        },
        {
            "sentence": "The state legislature passed the bill, known as SB 1062, last week.",
            "sentence-index": 4,
            "annotations": []
        },
        {
            "sentence": "But in recent days, it has come under intense criticism from activists, lawmakers and business interests both in Arizona and nationally.",
            "sentence-index": 5,
            "annotations": []
        },
        {
            "sentence": "The state's two Republican senators, Jeff Flake and John McCain, called on Brewer to veto it, and major corporations like Marriott, Apple and American Airlines all wrote to the governor and expressed their opposition.",
            "sentence-index": 6,
            "annotations": []
        },
        {
            "sentence": "Businesses in the Phoenix area were also especially worried, with the Super Bowl set to be held in Glendale, Ariz. in 2015.",
            "sentence-index": 7,
            "annotations": []
        },
        {
            "sentence": "On Monday, the Arizona Super Bowl Host Committee came out against SB 1062, stating, \"[W]e have heard loud and clear from our various stakeholders that adoption of this legislation would not only run contrary to that goal but deal a significant blow to the state's economic growth potential.",
            "sentence-index": 8,
            "annotations": [
                {
                    "start": 85,
                    "end": 289,
                    "target": "SB 1062 bill",
                    "polarity": "Negative",
                    "aim": "Direct",
                    "indirect-target-name": "",
                    "indirect-ally-opponent-sentiment": "",
                    "bias": "Informational",
                    "quote": "Yes",
                    "speaker": "Other (Anti-target)",
                    "text": "[W]e have heard loud and clear from our various stakeholders that adoption of this legislation would not only run contrary to that goal but deal a significant blow to the state's economic growth potential"
                }
            ]
        },
        {
            "sentence": "We do not support this legislation.\"",
            "sentence-index": 9,
            "annotations": []
        },
        {
            "sentence": "Arizona hasn't been the only state pushing a bill that would allow open discrimination against same-sex couples; similar bills have been popping up in states including Tennessee, Kansas, South Dakota and Maine.",
            "sentence-index": 10,
            "annotations": [
                {
                    "start": 67,
                    "end": 86,
                    "target": "SB 1062 bill",
                    "polarity": "Negative",
                    "aim": "Direct",
                    "indirect-target-name": "",
                    "indirect-ally-opponent-sentiment": "",
                    "bias": "Lexical",
                    "quote": "No",
                    "speaker": "",
                    "text": "open discrimination"
                }
            ]
        },
        {
            "sentence": "CORRECTION: This article originally said the Super Bowl is set to be held in Tempe, Ariz.",
            "sentence-index": 11,
            "annotations": []
        },
        {
            "sentence": "It will be held in Glendale, Ariz.",
            "sentence-index": 12,
            "annotations": []
        }
    ]
}