{
    "source": "nyt",
    "main-entities": [
        "Barack Obama",
        "Benjamin Netanyahu",
        "Susan Rice"
    ],
    "main-event": "Netanyahu plans to deliver a speech to Congress",
    "title": "Obama Aide Calls Netanyahu\u2019s Planned Visit \u2018Destructive\u2019 to U.S.-Israel Ties",
    "url": "https://www.nytimes.com/2015/02/26/us/politics/susan-rice-calls-netanyahus-planned-visit-destructive-to-us-israel-ties.html",
    "word-count": 686,
    "date": "2015-02-25",
    "article-level-annotations": {
        "author-sentiment": {
            "main-event": "Neutral",
            "Barack Obama": "Neutral",
            "Benjamin Netanyahu": "Negative",
            "Susan Rice": "Neutral"
        },
        "stance": "Left"
    },
    "annotators": [
        "B",
        "C"
    ],
    "body": [
        {
            "sentence": "WASHINGTON \u2014 Susan E. Rice, President Obama\u2019s national security adviser, sharply criticized Prime Minister Benjamin Netanyahu of Israel on Tuesday over his plans to address a joint meeting of Congress next week, saying his actions had hurt his nation\u2019s relationship with the United States.",
            "sentence-index": 0,
            "annotations": [
                {
                    "start": 73,
                    "end": 80,
                    "target": "Benjamin Netanyahu",
                    "polarity": "Negative",
                    "aim": "Direct",
                    "indirect-target-name": "",
                    "indirect-ally-opponent-sentiment": "",
                    "bias": "Lexical",
                    "quote": "No",
                    "speaker": "",
                    "text": "sharply"
                }
            ]
        },
        {
            "sentence": "Mr. Netanyahu\u2019s decision to travel to Washington to deliver the speech two weeks before the Israeli elections has \u201cinjected a degree of partisanship, which is not only unfortunate, I think it\u2019s destructive of the fabric of the relationship,\u201d Ms. Rice said in an interview on the PBS television program \u201cCharlie Rose.\u201d",
            "sentence-index": 1,
            "annotations": [
                {
                    "start": 150,
                    "end": 239,
                    "target": "Benjamin Netanyahu",
                    "polarity": "Negative",
                    "aim": "Direct",
                    "indirect-target-name": "",
                    "indirect-ally-opponent-sentiment": "",
                    "bias": "Informational",
                    "quote": "Yes",
                    "speaker": "Susan Rice",
                    "text": "which is not only unfortunate, I think it\u2019s destructive of the fabric of the relationship"
                }
            ]
        },
        {
            "sentence": "Her comments marked the strongest public rebuke to date by the Obama administration since Mr. Netanyahu accepted an invitation from Speaker John A. Boehner to make his case to Congress against a nuclear deal with Iran, which is a priority of Mr. Obama\u2019s.",
            "sentence-index": 2,
            "annotations": []
        },
        {
            "sentence": "It is also the frankest acknowledgment yet by a top American official of the degree to which the controversy has damaged United States-Israeli relations.",
            "sentence-index": 3,
            "annotations": [
                {
                    "start": 0,
                    "end": 153,
                    "target": "Susan Rice",
                    "polarity": "Positive",
                    "aim": "Direct",
                    "indirect-target-name": "",
                    "indirect-ally-opponent-sentiment": "",
                    "bias": "Informational",
                    "quote": "No",
                    "speaker": "",
                    "text": "It is also the frankest acknowledgment yet by a top American official of the degree to which the controversy has damaged United States-Israeli relations."
                }
            ]
        },
        {
            "sentence": "The speech, scheduled for March 3, was arranged by Mr. Boehner and the Israeli ambassador without consulting the White House \u2014 a move that Mr. Obama\u2019s team has called a breach of protocol.",
            "sentence-index": 4,
            "annotations": []
        },
        {
            "sentence": "The president has said he will not meet with Mr. Netanyahu during his visit to avoid any appearance that he is trying to influence the Israeli elections that are scheduled for mid-March.",
            "sentence-index": 5,
            "annotations": []
        },
        {
            "sentence": "The episode is a low point in the tense relationship between Mr. Obama and Mr. Netanyahu and has touched off weeks of mostly anonymous sniping and finger-pointing.",
            "sentence-index": 6,
            "annotations": []
        },
        {
            "sentence": "Top administration officials have hinted more openly of their displeasure in recent days.",
            "sentence-index": 7,
            "annotations": []
        },
        {
            "sentence": "The White House on Wednesday said that Mr. Obama agreed with Ms. Rice\u2019s assessment, saying he had raised the same concerns several times.",
            "sentence-index": 8,
            "annotations": [
                {
                    "start": 39,
                    "end": 137,
                    "target": "Susan Rice",
                    "polarity": "Positive",
                    "aim": "Direct",
                    "indirect-target-name": "",
                    "indirect-ally-opponent-sentiment": "",
                    "bias": "Informational",
                    "quote": "No",
                    "speaker": "",
                    "text": "Mr. Obama agreed with Ms. Rice\u2019s assessment, saying he had raised the same concerns several times."
                }
            ]
        },
        {
            "sentence": "Her comments, said Josh Earnest, the White House press secretary, are \u201centirely consistent with what the president has already said.\u201d",
            "sentence-index": 9,
            "annotations": [
                {
                    "start": 71,
                    "end": 131,
                    "target": "Barack Obama",
                    "polarity": "Positive",
                    "aim": "Direct",
                    "indirect-target-name": "",
                    "indirect-ally-opponent-sentiment": "",
                    "bias": "Informational",
                    "quote": "Yes",
                    "speaker": "Other (Pro-target)",
                    "text": "entirely consistent with what the president has already said"
                }
            ]
        },
        {
            "sentence": "\u201cAllowing this relationship to be subjected to party politics does weaken the relationship,\u201d Mr. Earnest said.",
            "sentence-index": 10,
            "annotations": []
        },
        {
            "sentence": "Mr. Earnest said he did not know whether Mr. Obama and Ms. Rice had talked in advance of the interview about what she would say about Mr. Netanyahu\u2019s visit.",
            "sentence-index": 11,
            "annotations": []
        },
        {
            "sentence": "Vice President Joseph R. Biden Jr., who as president of the Senate would be expected to attend, has said he will be traveling abroad.",
            "sentence-index": 12,
            "annotations": []
        },
        {
            "sentence": "Secretary of State John Kerry said Tuesday that he would be in Switzerland negotiating with the Iranians.",
            "sentence-index": 13,
            "annotations": []
        },
        {
            "sentence": "The White House has also not committed to sending a representative next week to the American Israel Public Affairs Committee\u2019s conference, where Mr. Netanyahu is also scheduled to appear.",
            "sentence-index": 14,
            "annotations": []
        },
        {
            "sentence": "The Israeli prime minister himself has turned down a request by Democratic senators for a private meeting, Senator Richard J. Durbin, Democrat of Illinois, said Tuesday.",
            "sentence-index": 15,
            "annotations": [
                {
                    "start": 0,
                    "end": 169,
                    "target": "Benjamin Netanyahu",
                    "polarity": "Negative",
                    "aim": "Direct",
                    "indirect-target-name": "",
                    "indirect-ally-opponent-sentiment": "",
                    "bias": "Informational",
                    "quote": "No",
                    "speaker": "",
                    "text": "The Israeli prime minister himself has turned down a request by Democratic senators for a private meeting, Senator Richard J. Durbin, Democrat of Illinois, said Tuesday."
                }
            ]
        },
        {
            "sentence": "\u201cWe offered the prime minister an opportunity to balance the politically divisive invitation from Speaker Boehner with a private meeting with Democrats who are committed to keeping the bipartisan support of Israel strong,\u201d Mr. Durbin said in a statement.",
            "sentence-index": 16,
            "annotations": []
        },
        {
            "sentence": "\u201cHis refusal to meet is disappointing to those of us who have stood by Israel for decades.\u201d",
            "sentence-index": 17,
            "annotations": [
                {
                    "start": 1,
                    "end": 89,
                    "target": "Benjamin Netanyahu",
                    "polarity": "Negative",
                    "aim": "Direct",
                    "indirect-target-name": "",
                    "indirect-ally-opponent-sentiment": "",
                    "bias": "Informational",
                    "quote": "Yes",
                    "speaker": "Other (Neutral)",
                    "text": "His refusal to meet is disappointing to those of us who have stood by Israel for decades"
                }
            ]
        },
        {
            "sentence": "In a letter released by Mr. Durbin\u2019s office, Mr. Netanyahu said such a meeting \u201ccould compound the misperception of partisanship regarding my upcoming visit.\u201d",
            "sentence-index": 18,
            "annotations": []
        },
        {
            "sentence": "Mr. Netanyahu said Tuesday that he was making the trip because it was his obligation to \u201cdo everything I can to prevent\u201d a nuclear agreement with Iran.",
            "sentence-index": 19,
            "annotations": [
                {
                    "start": 88,
                    "end": 150,
                    "target": "Benjamin Netanyahu",
                    "polarity": "Positive",
                    "aim": "Direct",
                    "indirect-target-name": "",
                    "indirect-ally-opponent-sentiment": "",
                    "bias": "Informational",
                    "quote": "No",
                    "speaker": "",
                    "text": "\u201cdo everything I can to prevent\u201d a nuclear agreement with Iran"
                }
            ]
        },
        {
            "sentence": "\u201cTherefore, I will go to Washington to address the American Congress, because the American Congress is likely to be the final brake before the agreement between the major powers and Iran,\u201d he said as he toured a military base in southern Israel.",
            "sentence-index": 20,
            "annotations": []
        },
        {
            "sentence": "Ms. Rice demurred when asked whether she believed Mr. Netanyahu was making the speech to gain political favor.",
            "sentence-index": 21,
            "annotations": []
        },
        {
            "sentence": "\u201cI\u2019m not going to ascribe motives to the prime minister,\u201d she told Mr. Rose.",
            "sentence-index": 22,
            "annotations": []
        },
        {
            "sentence": "\u201cThe point is, we want the relationship between the United States and Israel to be unquestionably strong, immutable, regardless of political seasons in either country, regardless of which party may be in charge in either country.",
            "sentence-index": 23,
            "annotations": [
                {
                    "start": 0,
                    "end": 229,
                    "target": "Susan Rice",
                    "polarity": "Positive",
                    "aim": "Direct",
                    "indirect-target-name": "",
                    "indirect-ally-opponent-sentiment": "",
                    "bias": "Informational",
                    "quote": "Yes",
                    "speaker": "Susan Rice",
                    "text": "\u201cThe point is, we want the relationship between the United States and Israel to be unquestionably strong, immutable, regardless of political seasons in either country, regardless of which party may be in charge in either country."
                }
            ]
        },
        {
            "sentence": "\u201cWe\u2019ve worked very hard to have that,\u201d she said, \u201cand we will work very hard to maintain that.\u201d",
            "sentence-index": 24,
            "annotations": []
        }
    ]
}