{
    "source": "hpo",
    "main-entities": [
        "Hillary Clinton"
    ],
    "main-event": "Hillary Clinton releases tax returns",
    "title": "Hillary Clinton Releases Tax Returns Going Back To 2007",
    "url": "https://www.huffingtonpost.com/entry/hillary-clinton-tax-returns_us_55bbf7bde4b06363d5a25a38",
    "word-count": 280,
    "date": "2015-07-31",
    "article-level-annotations": {
        "author-sentiment": {
            "main-event": "Neutral",
            "Hillary Clinton": "Neutral"
        },
        "stance": "Center"
    },
    "annotators": [
        "B",
        "C"
    ],
    "body": [
        {
            "sentence": "Hillary and Bill Clinton earned roughly $141 million and paid nearly $44 million in federal income taxes from 2007 to 2014, according to tax returns released Friday.",
            "sentence-index": 0,
            "annotations": []
        },
        {
            "sentence": "The former secretary of state and Democratic presidential candidate released the tax returns on her campaign website, along with her health records and a list of paid speeches she and her husband gave.",
            "sentence-index": 1,
            "annotations": []
        },
        {
            "sentence": "According to the returns, the Clintons earned $140,937,785 over the eight year span, primarily from book sales and speaking fees.",
            "sentence-index": 2,
            "annotations": []
        },
        {
            "sentence": "The couple paid $43,885,310 in federal taxes and $13,625,777 in state and local taxes, and made $14,959,450 in charitable contributions during that time.",
            "sentence-index": 3,
            "annotations": []
        },
        {
            "sentence": "Last year, the Clintons paid an effective federal tax rate of 35.7 percent and donated over 10 percent of their income to charity.",
            "sentence-index": 4,
            "annotations": [
                {
                    "start": 79,
                    "end": 129,
                    "target": "Hillary Clinton",
                    "polarity": "Positive",
                    "aim": "Direct",
                    "indirect-target-name": "",
                    "indirect-ally-opponent-sentiment": "",
                    "bias": "Informational",
                    "quote": "No",
                    "speaker": "",
                    "text": "donated over 10 percent of their income to charity"
                }
            ]
        },
        {
            "sentence": "\"We\u2019ve come a long way from my days going door to door for the Children\u2019s Defense Fund and earning $16,450 as a young law professor in Arkansas\u2014and we owe it to the opportunities America provides,\" Clinton said in a statement accompanying the returns.",
            "sentence-index": 5,
            "annotations": []
        },
        {
            "sentence": "\"I want more Americans to have the chance to work hard and get ahead, just like we did.",
            "sentence-index": 6,
            "annotations": []
        },
        {
            "sentence": "And reforming the tax code can help.\"",
            "sentence-index": 7,
            "annotations": []
        },
        {
            "sentence": "The Clintons have previously released their tax returns dating back to 1977.",
            "sentence-index": 8,
            "annotations": [
                {
                    "start": 0,
                    "end": 76,
                    "target": "Hillary Clinton",
                    "polarity": "Positive",
                    "aim": "Direct",
                    "indirect-target-name": "",
                    "indirect-ally-opponent-sentiment": "",
                    "bias": "Informational",
                    "quote": "No",
                    "speaker": "",
                    "text": "The Clintons have previously released their tax returns dating back to 1977."
                }
            ]
        },
        {
            "sentence": "Clinton's release comes about one month after Republican presidential candidate Jeb Bush released 33 years of returns, showing his net worth between $19 and $22 million.",
            "sentence-index": 9,
            "annotations": []
        },
        {
            "sentence": "Bush paid an effective tax rate of roughly 36 percent over those three decades.",
            "sentence-index": 10,
            "annotations": []
        },
        {
            "sentence": "In May, Hillary Clinton filed a disclosure with the Federal Elections Commission showing the couple had earned approximately $30 million from book sales and speeches in 2014 and the first four months of 2015.",
            "sentence-index": 11,
            "annotations": []
        }
    ]
}