{
    "url": "http://www.foxnews.com/politics/2018/01/02/jail-trump-slams-crooked-hillary-aide-huma-calls-on-deep-state-doj-to-act.html",
    "word-count": 427,
    "source": "fox",
    "title": "'Jail!' Trump slams 'crooked' Hillary aide Huma, calls on 'Deep State' DOJ to act",
    "date": "2018-01-02",
    "main-event": "Trump Accuses Former Clinton Aide of Failing to Follow Security Protocols",
    "main-entities": [
        "Donald Trump",
        "Hillary Clinton"
    ],
    "article-level-annotations": {
        "author-sentiment": {
            "main-event": "Positive",
            "Donald Trump": "Positive",
            "Hillary Clinton": "Negative"
        },
        "stance": "Right"
    },
    "annotators": [
        "A",
        "B"
    ],
    "body": [
        {
            "sentence": "'Jail!' Trump slams 'crooked' Hillary aide Huma, calls on 'Deep State' DOJ to act",
            "sentence-index": 0,
            "annotations": []
        },
        {
            "sentence": "President Trump went after \"Crooked\" Hillary Clinton aide Huma Abedin on Tuesday, appearing to call on the \u201cDeep State\u201d Justice Department to look at potential security issues in her handling of classified material after a recent email dump.",
            "sentence-index": 1,
            "annotations": [
                {
                    "start": 27,
                    "end": 36,
                    "target": "Hillary Clinton",
                    "polarity": "Negative",
                    "aim": "Direct",
                    "indirect-target-name": "",
                    "indirect-ally-opponent-sentiment": "",
                    "bias": "Lexical",
                    "quote": "No",
                    "speaker": "",
                    "text": "\"Crooked\""
                }
            ]
        },
        {
            "sentence": "\u201cCrooked Hillary Clinton\u2019s top aide, Huma Abedin, has been accused of disregarding basic security protocols.",
            "sentence-index": 2,
            "annotations": [
                {
                    "start": 1,
                    "end": 8,
                    "target": "Hillary Clinton",
                    "polarity": "Negative",
                    "aim": "Direct",
                    "indirect-target-name": "",
                    "indirect-ally-opponent-sentiment": "",
                    "bias": "Lexical",
                    "quote": "Yes",
                    "speaker": "Donald Trump",
                    "text": "Crooked"
                }
            ]
        },
        {
            "sentence": "She put Classified Passwords into the hands of foreign agents.",
            "sentence-index": 3,
            "annotations": []
        },
        {
            "sentence": "Remember sailors pictures on the submarine?",
            "sentence-index": 4,
            "annotations": []
        },
        {
            "sentence": "Jail!\u201d Trump tweeted early Tuesday.",
            "sentence-index": 5,
            "annotations": [
                {
                    "start": 0,
                    "end": 5,
                    "target": "Hillary Clinton",
                    "polarity": "Negative",
                    "aim": "Indirect (Ally)",
                    "indirect-target-name": "Huma Abedin",
                    "indirect-ally-opponent-sentiment": "Negative",
                    "bias": "Informational",
                    "quote": "Yes",
                    "speaker": "Donald Trump",
                    "text": "Jail!"
                }
            ]
        },
        {
            "sentence": "\u201cDeep State Justice Dept must finally act?",
            "sentence-index": 6,
            "annotations": []
        },
        {
            "sentence": "Also on Comey & others.\u201d",
            "sentence-index": 7,
            "annotations": []
        },
        {
            "sentence": "Trump was referring to U.S. Navy Sailor Kristian Saucier, who was put in prison for taking unauthorized photos inside a nuclear submarine.",
            "sentence-index": 8,
            "annotations": []
        },
        {
            "sentence": "He seemed to suggest a double standard is at play, compared with the lack of punishment for Clinton and her aides.",
            "sentence-index": 9,
            "annotations": []
        },
        {
            "sentence": "The president\u2019s tweet comes after the State Department, in a Friday news dump, released a batch of emails from Abedin\u2019s account that were discovered by the FBI on a laptop belonging to her estranged husband, Anthony Weiner.",
            "sentence-index": 10,
            "annotations": []
        },
        {
            "sentence": "At least four of the documents were marked \u201cclassified.\u201d",
            "sentence-index": 11,
            "annotations": [
                {
                    "start": 0,
                    "end": 56,
                    "target": "Hillary Clinton",
                    "polarity": "Negative",
                    "aim": "Indirect (Ally)",
                    "indirect-target-name": "Huma Abedin",
                    "indirect-ally-opponent-sentiment": "Negative",
                    "bias": "Informational",
                    "quote": "No",
                    "speaker": "",
                    "text": "At least four of the documents were marked \u201cclassified.\u201d"
                }
            ]
        },
        {
            "sentence": "Abedin also forwarded sensitive State Department emails to her personal Yahoo email account before every Yahoo account was hacked, first reported by the Daily Caller.",
            "sentence-index": 12,
            "annotations": []
        },
        {
            "sentence": "Abedin also sent passwords for her government laptop to her Yahoo account on Aug. 24, 2009.",
            "sentence-index": 13,
            "annotations": []
        },
        {
            "sentence": "In 2013, Yahoo was hacked, and the company said in a statement that \u201call Yahoo user accounts were affected\u201d by the theft.",
            "sentence-index": 14,
            "annotations": []
        },
        {
            "sentence": "Former FBI Director James Comey, who led the Clinton email investigation, said during a congressional hearing last year that he believed Abedin forwarded emails to Weiner for him to print out so that she could give them to Clinton.",
            "sentence-index": 15,
            "annotations": []
        },
        {
            "sentence": "Abedin\u2019s emails shook the 2016 presidential race, as Comey told Congress on Oct. 28, 2016, just days before the election, that the FBI had found more of Clinton\u2019s messages on Weiner\u2019s laptop as they investigated a sexting case against him.",
            "sentence-index": 16,
            "annotations": []
        },
        {
            "sentence": "The discovery of those records reopened the case against Clinton, several months after Comey said he wasn\u2019t recommending any charges be filed in the case.",
            "sentence-index": 17,
            "annotations": []
        },
        {
            "sentence": "Comey at the time said Clinton was \u201cextremely careless\u201d in her handling of classified emails on her private server.",
            "sentence-index": 18,
            "annotations": [
                {
                    "start": 0,
                    "end": 115,
                    "target": "Hillary Clinton",
                    "polarity": "Negative",
                    "aim": "Direct",
                    "indirect-target-name": "",
                    "indirect-ally-opponent-sentiment": "",
                    "bias": "Informational",
                    "quote": "No",
                    "speaker": "",
                    "text": "Comey at the time said Clinton was \u201cextremely careless\u201d in her handling of classified emails on her private server."
                }
            ]
        }
    ]
}