{
    "word-count": 429,
    "date": "2018-01-02",
    "title": "Trump Accuses Former Clinton Aide of Failing to Follow Security Protocols",
    "source": "nyt",
    "url": "https://www.nytimes.com/2018/01/02/us/politics/trump-clinton-aide-huma-abedin.html",
    "main-event": "Trump Accuses Former Clinton Aide of Failing to Follow Security Protocols",
    "main-entities": [
        "Donald Trump",
        "Hillary Clinton"
    ],
    "article-level-annotations": {
        "author-sentiment": {
            "main-event": "Negative",
            "Donald Trump": "Negative",
            "Hillary Clinton": "Neutral"
        },
        "stance": "Center"
    },
    "annotators": [
        "A",
        "B"
    ],
    "body": [
        {
            "sentence": "Trump Accuses Former Clinton Aide of Failing to Follow Security Protocols",
            "sentence-index": 0,
            "annotations": []
        },
        {
            "sentence": "WASHINGTON \u2014 President Trump made his first \u201cCrooked Hillary\u201d Twitter post less than 48 hours into the new year on Tuesday, accusing a former Clinton aide of \u201cdisregarding basic security protocols,\u201d and calling his own Justice Department a \u201cdeep state.\u201d",
            "sentence-index": 1,
            "annotations": [
                {
                    "start": 211,
                    "end": 218,
                    "target": "Donald Trump",
                    "polarity": "Negative",
                    "aim": "Direct",
                    "indirect-target-name": "",
                    "indirect-ally-opponent-sentiment": "",
                    "bias": "Lexical",
                    "quote": "No",
                    "speaker": "",
                    "text": "his own "
                }
            ]
        },
        {
            "sentence": "Attacking Hillary Clinton, his former Democratic opponent from the 2016 presidential election, and taking aim at his own Justice Department struck familiar tones for the new year.",
            "sentence-index": 2,
            "annotations": []
        },
        {
            "sentence": "Almost 14 months after the election, Mr. Trump has kept up a regular drumbeat of attacks on Mrs. Clinton.",
            "sentence-index": 3,
            "annotations": [
                {
                    "start": 37,
                    "end": 104,
                    "target": "Donald Trump",
                    "polarity": "Negative",
                    "aim": "Direct",
                    "indirect-target-name": "",
                    "indirect-ally-opponent-sentiment": "",
                    "bias": "Informational",
                    "quote": "No",
                    "speaker": "",
                    "text": "Mr. Trump has kept up a regular drumbeat of attacks on Mrs. Clinton"
                }
            ]
        },
        {
            "sentence": "Last year, Mr. Trump also criticized the Justice Department and Attorney General Jeff Sessions for not pursuing investigations of his political opponents.",
            "sentence-index": 4,
            "annotations": []
        },
        {
            "sentence": "The Twitter post on Tuesday morning followed an article in The Daily Caller, a conservative publication that Mr. Trump closely monitors.",
            "sentence-index": 5,
            "annotations": []
        },
        {
            "sentence": "The article said the aide, Huma Abedin, forwarded some government passwords to her private Yahoo email account in 2009, when Mrs. Clinton was secretary of state.",
            "sentence-index": 6,
            "annotations": []
        },
        {
            "sentence": "Yahoo was hacked in 2013, which affected all three billion of its accounts.",
            "sentence-index": 7,
            "annotations": []
        },
        {
            "sentence": "After the breach, the data was offered for sale by a hacking collective based in Eastern Europe.",
            "sentence-index": 8,
            "annotations": []
        },
        {
            "sentence": "Mr. Trump also implored his administration to investigate Ms. Abedin.",
            "sentence-index": 9,
            "annotations": []
        },
        {
            "sentence": "The term \u201cdeep state\u201d typically refers to a shadow government of agency officials who secretly plot to influence policy; they are usually associated with countries that have authoritarian elements that undercut democratically elected leaders.",
            "sentence-index": 10,
            "annotations": []
        },
        {
            "sentence": "On Friday, the State Department released about 3,000 of Ms. Abedin\u2019s work-related emails.",
            "sentence-index": 11,
            "annotations": []
        },
        {
            "sentence": "The emails were found on the laptop of Ms. Abedin\u2019s now estranged husband, Anthony D. Weiner, and were released as part of a public records request.",
            "sentence-index": 12,
            "annotations": []
        },
        {
            "sentence": "The emails found on Mr. Weiner\u2019s computer are a sore spot for Mrs. Clinton.",
            "sentence-index": 13,
            "annotations": [
                {
                    "start": 0,
                    "end": 75,
                    "target": "Hillary Clinton",
                    "polarity": "Negative",
                    "aim": "Direct",
                    "indirect-target-name": "",
                    "indirect-ally-opponent-sentiment": "",
                    "bias": "Informational",
                    "quote": "No",
                    "speaker": "",
                    "text": "The emails found on Mr. Weiner\u2019s computer are a sore spot for Mrs. Clinton."
                }
            ]
        },
        {
            "sentence": "James B. Comey, the former F.B.I. director, had notified Congress shortly before the 2016 election about the existence of newly discovered emails that could be relevant to the closed investigation into Mrs. Clinton\u2019s use of a private email server while secretary of state.",
            "sentence-index": 14,
            "annotations": []
        },
        {
            "sentence": "Mrs. Clinton, in a book released last year, said Mr. Comey\u2019s disclosure hurt her campaign\u2019s momentum and helped Mr. Trump win the election.",
            "sentence-index": 15,
            "annotations": []
        },
        {
            "sentence": "In his Twitter post, Mr. Trump also referred to the case of a Navy sailor who was jailed for taking pictures inside a military submarine.",
            "sentence-index": 16,
            "annotations": []
        },
        {
            "sentence": "According to a report in Fox News, the sailor had hoped to receive a pardon from the president, but has not.",
            "sentence-index": 17,
            "annotations": []
        }
    ]
}