{
    "source": "hpo",
    "main-entities": [
        "Chris Christie"
    ],
    "main-event": "Christ Christie campaign documents subpoenaed",
    "title": "U.S. Attorney Subpoenas Chris Christie Campaign Documents",
    "url": "https://www.huffingtonpost.com/2014/01/23/chris-christie-us-attorney_n_4653674.html",
    "word-count": 290,
    "date": "2014-01-23",
    "article-level-annotations": {
        "author-sentiment": {
            "main-event": "Neutral",
            "Chris Christie": "Negative"
        },
        "stance": "Left"
    },
    "annotators": [
        "A",
        "C"
    ],
    "body": [
        {
            "sentence": "WASHINGTON -- The U.S. Attorney\u2019s office in New Jersey has subpoenaed documents from the reelection campaign of New Jersey Gov. Chris Christie (R) and the New Jersey Republican State Committee, as part of its investigation into the \"Bridgegate\" scandal.",
            "sentence-index": 0,
            "annotations": [
                {
                    "start": 245,
                    "end": 252,
                    "target": "Chris Christie",
                    "polarity": "Negative",
                    "aim": "Direct",
                    "indirect-target-name": "",
                    "indirect-ally-opponent-sentiment": "",
                    "bias": "Lexical",
                    "quote": "No",
                    "speaker": "",
                    "text": "scandal"
                }
            ]
        },
        {
            "sentence": "In a statement issued Thursday, Mark Sheridan, a partner with Patton Boggs, said his law firm had been retained to represent both the campaign and the committee in connection with the investigation.",
            "sentence-index": 1,
            "annotations": []
        },
        {
            "sentence": "\"We can confirm that the Christie for Governor re-election campaign and the New Jersey Republican State Committee received subpoenas for documents from the U.S. Attorney's office, in addition to the subpoena the campaign previously received from the state legislative committee,\" said Sheridan.",
            "sentence-index": 2,
            "annotations": []
        },
        {
            "sentence": "\"All three subpoenas focus on the closure of lanes on the George Washington Bridge.",
            "sentence-index": 3,
            "annotations": []
        },
        {
            "sentence": "The campaign and the state party intend to cooperate with the U.S. Attorney's office and the state legislative committee and will respond to the subpoenas accordingly.\"",
            "sentence-index": 4,
            "annotations": []
        },
        {
            "sentence": "The Christie administration closed down two of the three George Washington Bridge access lanes in Fort Lee, N.J., in September, in what appeared to be a political retribution scheme aimed at the borough's Democratic mayor.",
            "sentence-index": 5,
            "annotations": [
                {
                    "start": 153,
                    "end": 181,
                    "target": "Chris Christie",
                    "polarity": "Negative",
                    "aim": "Direct",
                    "indirect-target-name": "",
                    "indirect-ally-opponent-sentiment": "",
                    "bias": "Lexical",
                    "quote": "No",
                    "speaker": "",
                    "text": "political retribution scheme"
                }
            ]
        },
        {
            "sentence": "The closures, which lasted for four days, caused massive traffic jams.",
            "sentence-index": 6,
            "annotations": [
                {
                    "start": 49,
                    "end": 56,
                    "target": "Chris Christie",
                    "polarity": "Negative",
                    "aim": "Direct",
                    "indirect-target-name": "",
                    "indirect-ally-opponent-sentiment": "",
                    "bias": "Lexical",
                    "quote": "No",
                    "speaker": "",
                    "text": "massive"
                }
            ]
        },
        {
            "sentence": "They were orchestrated by a Christie ally at the Port Authority of New York and New Jersey, David Wildstein, along with one of Christie's deputy chiefs of staff, Bridget Kelly, and his then-campaign manager and top political adviser, Bill Stepien.",
            "sentence-index": 7,
            "annotations": [
                {
                    "start": 10,
                    "end": 22,
                    "target": "Chris Christie",
                    "polarity": "Negative",
                    "aim": "Indirect (Ally)",
                    "indirect-target-name": "David Wildstein",
                    "indirect-ally-opponent-sentiment": "Negative",
                    "bias": "Lexical",
                    "quote": "No",
                    "speaker": "",
                    "text": "orchestrated"
                }
            ]
        },
        {
            "sentence": "Christie has maintained that he had no involvement in, or knowledge of, the plan.",
            "sentence-index": 8,
            "annotations": []
        },
        {
            "sentence": "The New Jersey state legislature is also investigating the lane closures.",
            "sentence-index": 9,
            "annotations": []
        },
        {
            "sentence": "The FBI and the Department of Housing and Urban Development, meanwhile, are looking into separate controversies over whether the Christie administration misused Hurricane Sandy relief dollars.",
            "sentence-index": 10,
            "annotations": [
                {
                    "start": 0,
                    "end": 192,
                    "target": "Chris Christie",
                    "polarity": "Negative",
                    "aim": "Direct",
                    "indirect-target-name": "",
                    "indirect-ally-opponent-sentiment": "",
                    "bias": "Informational",
                    "quote": "No",
                    "speaker": "",
                    "text": "The FBI and the Department of Housing and Urban Development, meanwhile, are looking into separate controversies over whether the Christie administration misused Hurricane Sandy relief dollars."
                }
            ]
        }
    ]
}