{
    "source": "fox",
    "main-entities": [
        "Senate Republicans",
        "Kevin McCarthy",
        "Barack Obama"
    ],
    "main-event": "House Republicans offer broad immigration plan",
    "title": "Third-Highest Ranking Republican In U.S. House Calls For Legalizing Undocumented Immigrants",
    "url": "http://latino.foxnews.com/latino/politics/2014/01/23/third-highest-ranking-republican-in-us-house-calls-for-legalizing-undocumented/?intcmp=related",
    "word-count": 611,
    "date": "2014-01-23",
    "article-level-annotations": {
        "author-sentiment": {
            "main-event": "Neutral",
            "Senate Republicans": "Neutral",
            "Kevin McCarthy": "Neutral",
            "Barack Obama": "Neutral"
        },
        "stance": "Left"
    },
    "annotators": [
        "A",
        "C"
    ],
    "body": [
        {
            "sentence": "One of the highest-profile Republicans in the House of Representatives \u2013 where national immigration reform will live or die this year \u2013 said he agrees with giving undocumented immigrants a chance to legalize their status.",
            "sentence-index": 0,
            "annotations": []
        },
        {
            "sentence": "Majority Whip Kevin McCarthy, who is the third-ranking Republican in the House, made his comments in an interview with KBFX-TV in Bakersfield, Calif. just as his fellow GOP lawmakers are expected to unveil any day a set of \u201cimmigration principles\u201d that reportedly call for a path to legal status for undocumented immigrants.",
            "sentence-index": 1,
            "annotations": []
        },
        {
            "sentence": "\u201cThe principles aren\u2019t written yet, but in my personal belief, I think it\u2019ll go with legal status that will allow you to work and pay taxes,\u201d he said.",
            "sentence-index": 2,
            "annotations": []
        },
        {
            "sentence": "\u201cBut if you want to become a citizen, you\u2019ll have to go through the path.",
            "sentence-index": 3,
            "annotations": []
        },
        {
            "sentence": "There won\u2019t be amnesty inside it.\u201d",
            "sentence-index": 4,
            "annotations": []
        },
        {
            "sentence": "McCarthy\u2019s district is roughly 35 percent Latino.",
            "sentence-index": 5,
            "annotations": []
        },
        {
            "sentence": "The House Republican immigration principles reportedly will cover how the U.S. border should be protected, how immigration laws should be enforced inside the United States, and how many of the country\u2019s estimated 11 million undocumented immigrants can embark on a path to legalize their status, according to various media stories.",
            "sentence-index": 6,
            "annotations": []
        },
        {
            "sentence": "The path to legalization\u2019s inclusion in the plan \u2013 which House Republican leaders discussed as recently as Wednesday -- is particularly significant given that it is one of the pivotal reasons that plans last year to pass a comprehensive immigration reform law broke down in the House of Representatives after it passed in the Senate in June.",
            "sentence-index": 7,
            "annotations": []
        },
        {
            "sentence": "Conservative members of the Republicans in the House, where they hold a majority, had been adamant about not signing off on any measure that called for granting a pathway to legalization for people who are living in the country illegally.",
            "sentence-index": 8,
            "annotations": []
        },
        {
            "sentence": "They maintain that that giving those immigrants any kind of break would amount to amnesty, or rewarding law-breakers.",
            "sentence-index": 9,
            "annotations": []
        },
        {
            "sentence": "That created a fight among Republicans in Congress, with some \u2013 including conservatives such as Sen. Marco Rubio, a Tea Party lawmaker from Florida \u2013 arguing that deporting all 11 million undocumented immigrants was not a realistic option, and that not doing anything to bring them onto the radar amounted to an amnesty.",
            "sentence-index": 10,
            "annotations": []
        },
        {
            "sentence": "Proponents of a pathway to legal status argued that the opportunity would be given only to those undocumented immigrants who earned it by meeting a strict set of criteria including paying fines, learning English, having a clean police record and paying taxes.",
            "sentence-index": 11,
            "annotations": []
        },
        {
            "sentence": "Politico, a news site that covers politics, reported that House Speaker John Boehner, who is from Ohio, wants the plan, also referred to as \u201cprinciples,\u201d completed and made public before President Barack Obama delivers his State of the Union address on Jan. 28.",
            "sentence-index": 12,
            "annotations": []
        },
        {
            "sentence": "The plan commits itself to the idea \u2013 which is heavily favored by many Republicans \u2013 that immigration reform will be handled in a piecemeal fashion, instead of comprehensively, as the Senate did.",
            "sentence-index": 13,
            "annotations": []
        },
        {
            "sentence": "Obama told Senate Democrats this week that he believes that Boehner will make sure immigration reform is passed this year, according to The Hill, a a political publication in Washington, D.C.",
            "sentence-index": 14,
            "annotations": []
        },
        {
            "sentence": "The president reportedly told the Democrats in a meeting that Republicans need to take action on immigration in order to keep the volatile issue from hurting their chances with Latino voters, as it appears to have done in 2012, when GOP presidential candidate Mitt Romney did extremely poorly with the increasingly important voting bloc.",
            "sentence-index": 15,
            "annotations": []
        },
        {
            "sentence": "Obama obtained three quarters of Latino votes cast in 2012, while Romney racked up 27 percent.",
            "sentence-index": 16,
            "annotations": []
        },
        {
            "sentence": "Sen. Charles Schumer, a New York Democrat, was quoted in The Hill as saying: \u201cI think our Republican colleagues realize that to be blocking immigration reform is not good for them.\u201d",
            "sentence-index": 17,
            "annotations": [
                {
                    "start": 78,
                    "end": 179,
                    "target": "Senate Republicans",
                    "polarity": "Negative",
                    "aim": "Direct",
                    "indirect-target-name": "",
                    "indirect-ally-opponent-sentiment": "",
                    "bias": "Informational",
                    "quote": "Yes",
                    "speaker": "Other (Anti-target)",
                    "text": "I think our Republican colleagues realize that to be blocking immigration reform is not good for them"
                }
            ]
        }
    ]
}