{
    "source": "fox",
    "main-entities": [
        "Duncan and Margaret Hunter"
    ],
    "main-event": "Congressman Hunter and wife indicted on corruption charges",
    "title": "Rep. Duncan Hunter, wife indicted on corruption charges in California",
    "url": "http://www.foxnews.com/politics/2018/08/21/rep-duncan-hunter-wife-indicted-on-corruption-charges-in-california.html",
    "word-count": 412,
    "date": "2018-08-21",
    "article-level-annotations": {
        "author-sentiment": {
            "main-event": "Neutral",
            "Duncan and Margaret Hunter": "Negative"
        },
        "stance": "Right"
    },
    "annotators": [
        "A",
        "C"
    ],
    "body": [
        {
            "sentence": "Rep. Duncan Hunter, R-Calif., and his wife, Margaret, were indicted on charges of illegally converting $250,000 in campaign funds for personal expenses and filing false records, prosecutors announced Tuesday.",
            "sentence-index": 0,
            "annotations": []
        },
        {
            "sentence": "In response, House Speaker Paul Ryan said Tuesday evening that he would remove the congressman from all committee assignments for the time being, calling the charges against Hunter \u201cdeeply serious.\u201d",
            "sentence-index": 1,
            "annotations": []
        },
        {
            "sentence": "Among the allegations named in the 48-page indictment included instances between 2009 and 2016 when Hunter and his wife used campaign funds to pay for family vacations to Italy and Hawaii, school tuition, dental work, and even domestic and international travel for almost a dozen relatives, according to a press release from the Southern District of California\u2019s U.S. Attorney\u2019s Office.",
            "sentence-index": 2,
            "annotations": []
        },
        {
            "sentence": "The indictment also alleged that the pair spent \u201ctens of thousands of dollars\u201d on items ranging from movie tickets, fast food, golf outings, groceries and home utilities.",
            "sentence-index": 3,
            "annotations": []
        },
        {
            "sentence": "Fox News obtained a letter sent from Hunter's attorney, Gregory A. Vega, to U.S. Deputy Attorney General Rod J. Rosenstein on Aug. 6 asking him to postpone the indictment.",
            "sentence-index": 4,
            "annotations": []
        },
        {
            "sentence": "Vega contended that there was a \"rush to indict\" after a two-year grand jury investigation.",
            "sentence-index": 5,
            "annotations": []
        },
        {
            "sentence": "Vega asserted the prosecution was \"politically motivated\" because of Hunter's early support of Donald Trump for president.",
            "sentence-index": 6,
            "annotations": []
        },
        {
            "sentence": "He also claimed bias from prosecutors in the Southern District of California who supported Hillary Clinton's candidacy.",
            "sentence-index": 7,
            "annotations": []
        },
        {
            "sentence": "The congressman's lawyers said in 2017 that Hunter and his wife repaid the campaign about $60,000.",
            "sentence-index": 8,
            "annotations": []
        },
        {
            "sentence": "Prosecutors said Hunter and his wife \u201cmischaracterized\u201d the purchases in Federal Election Commission (FEC) filings to hide the illicit spending.",
            "sentence-index": 9,
            "annotations": []
        },
        {
            "sentence": "\u201cFamily dental bills paid with campaign funds were characterized as a charitable contribution to \u2018Smiles for Life,\u2019\u201d the press release from the U.S. Attorney\u2019s Office said as an example.",
            "sentence-index": 10,
            "annotations": []
        },
        {
            "sentence": "Charges included conspiracy to commit offenses against the United States, wire fraud and falsifying records.",
            "sentence-index": 11,
            "annotations": []
        },
        {
            "sentence": "Hunter, one of Trump\u2019s earliest supporters in the presidential race, allegedly was aware of what he and his wife were doing and continued to spend campaign funds on personal expenses despite multiple warnings from his campaign treasurer about \u201cquestionable purchases.\u201d",
            "sentence-index": 12,
            "annotations": [
                {
                    "start": 69,
                    "end": 268,
                    "target": "Duncan and Margaret Hunter",
                    "polarity": "Negative",
                    "aim": "Direct",
                    "indirect-target-name": "",
                    "indirect-ally-opponent-sentiment": "",
                    "bias": "Informational",
                    "quote": "No",
                    "speaker": "",
                    "text": "allegedly was aware of what he and his wife were doing and continued to spend campaign funds on personal expenses despite multiple warnings from his campaign treasurer about \u201cquestionable purchases.\u201d"
                }
            ]
        },
        {
            "sentence": "\u201cAccording to the indictment, the Hunters knew that many of their desired purchases could be made only by using campaign funds, since they did not otherwise have sufficient personal funds to pay for their purchases,\u201d according to the U.S. Attorney\u2019s Office.",
            "sentence-index": 13,
            "annotations": []
        },
        {
            "sentence": "U.S. Attorney Adam Braverman said Tuesday\u2019s indictment proved that \u201cno one is above the law.\u201d",
            "sentence-index": 14,
            "annotations": [
                {
                    "start": 0,
                    "end": 93,
                    "target": "Duncan and Margaret Hunter",
                    "polarity": "Negative",
                    "aim": "Direct",
                    "indirect-target-name": "",
                    "indirect-ally-opponent-sentiment": "",
                    "bias": "Informational",
                    "quote": "No",
                    "speaker": "",
                    "text": "U.S. Attorney Adam Braverman said Tuesday\u2019s indictment proved that \u201cno one is above the law.\u201d"
                }
            ]
        },
        {
            "sentence": "The pair is due to be arraigned in court on Thursday morning.",
            "sentence-index": 15,
            "annotations": []
        }
    ]
}