{
    "source": "hpo",
    "main-entities": [
        "Donald Trump"
    ],
    "main-event": "Democrats Say Trump Should Cancel Putin Meeting After Indictments",
    "title": "John McCain, Top Democrats Call On Trump To Cancel Putin Meeting",
    "url": "https://www.huffingtonpost.com/entry/mccain-democrats-trump-cancel-putin-summit_us_5b4951b0e4b022fdcc597d9b",
    "word-count": 635,
    "date": "2018-07-13",
    "article-level-annotations": {
        "author-sentiment": {
            "main-event": "Positive",
            "Donald Trump": "Negative"
        },
        "stance": "Left"
    },
    "annotators": [
        "A",
        "B"
    ],
    "body": [
        {
            "sentence": "Sen. John McCain (R-Ariz.), Senate Minority Leader Chuck Schumer (D-N.Y.) and 18 members of the House Foreign Affairs Committee called on President Donald Trump to cancel his meeting with Russian President Vladimir Putin after indictments were announced Friday accusing a dozen Kremlin intelligence officers of hacking Democratic Party emails during the 2016 presidential campaign.",
            "sentence-index": 0,
            "annotations": []
        },
        {
            "sentence": "But a senior administration source told NBC on Friday that there was \u201czero\u201d chance the controversial private meeting between the two men would be canceled.",
            "sentence-index": 1,
            "annotations": []
        },
        {
            "sentence": "McCain tweeted that if Trump \u201cis not prepared to hold Putin accountable,\u201d the talks in Helsinki on Monday \u201cshould not move forward.\u201d",
            "sentence-index": 2,
            "annotations": []
        },
        {
            "sentence": "He said the indictments are evidence of an \u201cextensive plot\u201d by Putin\u2019s government to \u201cattack the 2016 election, sow chaos and dissension among the American electorate, and undermine faith in our democracy.\u201d",
            "sentence-index": 3,
            "annotations": []
        },
        {
            "sentence": "Schumer said in a statement that \u201cglad-handing with Vladimir Putin on the heels of these indictments would be an insult to our democracy.\u201d",
            "sentence-index": 4,
            "annotations": []
        },
        {
            "sentence": "He said the one-on-one meeting should not take place until \u201cRussia takes demonstrable and transparent steps to prove that they won\u2019t interfere in future elections.\u201d",
            "sentence-index": 5,
            "annotations": []
        },
        {
            "sentence": "Sen. Elizabeth Warren (D-Mass.) tweeted tersely to Trump to \u201ccancel your ridiculous Putin summit and get your butt on a plane back to the United States.\u201d",
            "sentence-index": 6,
            "annotations": [
                {
                    "start": 61,
                    "end": 151,
                    "target": "Donald Trump",
                    "polarity": "Negative",
                    "aim": "Direct",
                    "indirect-target-name": "",
                    "indirect-ally-opponent-sentiment": "",
                    "bias": "Informational",
                    "quote": "Yes",
                    "speaker": "Other (Anti-target)",
                    "text": "cancel your ridiculous Putin summit and get your butt on a plane back to the United States"
                }
            ]
        },
        {
            "sentence": "Sen. Mark Warner, the top Democrat on the Senate Intelligence Committee, also said he is concerned that Putin will take \u201cfull advantage of an ill-prepared\u201d Trump.",
            "sentence-index": 7,
            "annotations": [
                {
                    "start": 142,
                    "end": 154,
                    "target": "Donald Trump",
                    "polarity": "Negative",
                    "aim": "Direct",
                    "indirect-target-name": "",
                    "indirect-ally-opponent-sentiment": "",
                    "bias": "Lexical",
                    "quote": "Yes",
                    "speaker": "Other (Anti-target)",
                    "text": "ill-prepared"
                }
            ]
        },
        {
            "sentence": "The president has said he plans to meet with the Russian leader alone.",
            "sentence-index": 8,
            "annotations": []
        },
        {
            "sentence": "\u201cThere should be no one-on-one meeting between President Trump and Vladimir Putin,\u201d Warner told reporters Friday.",
            "sentence-index": 9,
            "annotations": []
        },
        {
            "sentence": "Rep. Ted Lieu (D-Calif.) also called for the cancellation of the meeting, saying that Trump \u201ccannot claim to love the U.S. while meeting with ... a man who is overseeing an all-out attack on America\u2019s democracy.\u201d",
            "sentence-index": 10,
            "annotations": [
                {
                    "start": 93,
                    "end": 122,
                    "target": "Donald Trump",
                    "polarity": "Negative",
                    "aim": "Direct",
                    "indirect-target-name": "",
                    "indirect-ally-opponent-sentiment": "",
                    "bias": "Informational",
                    "quote": "Yes",
                    "speaker": "Other (Anti-target)",
                    "text": "cannot claim to love the U.S."
                }
            ]
        },
        {
            "sentence": "He was one of several members of the House Foreign Affairs Committee who signed a letter calling on Trump to cancel.",
            "sentence-index": 11,
            "annotations": []
        },
        {
            "sentence": "Rep. David Cicilline (D-R.I.) tweeted to Trump: \u201cDon\u2019t hand another dictator a propaganda victory.\u201d",
            "sentence-index": 12,
            "annotations": []
        },
        {
            "sentence": "Most Republicans were keeping mum.",
            "sentence-index": 13,
            "annotations": []
        },
        {
            "sentence": "A terse response from the GOP only said: \u201cNo collusion.\u201d",
            "sentence-index": 14,
            "annotations": []
        },
        {
            "sentence": "But the investigation is ongoing, and there hasn\u2019t yet been a determination on possible collusion with the Trump campaign.",
            "sentence-index": 15,
            "annotations": []
        },
        {
            "sentence": "The indictments did reveal that attempts to hack into Democratic Party emails occurred later the same day that Trump called on Russians in a speech to uncover emails that his rival Hillary Clinton had held on a private server.",
            "sentence-index": 16,
            "annotations": [
                {
                    "start": 0,
                    "end": 226,
                    "target": "Donald Trump",
                    "polarity": "Negative",
                    "aim": "Direct",
                    "indirect-target-name": "",
                    "indirect-ally-opponent-sentiment": "",
                    "bias": "Informational",
                    "quote": "No",
                    "speaker": "",
                    "text": "The indictments did reveal that attempts to hack into Democratic Party emails occurred later the same day that Trump called on Russians in a speech to uncover emails that his rival Hillary Clinton had held on a private server."
                }
            ]
        },
        {
            "sentence": "\u201cI will tell you this, Russia: If you\u2019re listening, I hope you\u2019re able to find the 30,000 emails that are missing,\u201d Trump said at a Florida news conference on July 27, 2016.",
            "sentence-index": 17,
            "annotations": []
        },
        {
            "sentence": "\u201cI think you will probably be rewarded mightily by our press.\u201d",
            "sentence-index": 18,
            "annotations": []
        },
        {
            "sentence": "White House officials were reportedly furious that the indictments were announced by U.S. Deputy Attorney General Rod Rosenstein on Friday morning, just days before the planned summit with Putin.",
            "sentence-index": 19,
            "annotations": []
        },
        {
            "sentence": "\u201cIt\u2019s a big F-U from [special prosecutor Robert] Mueller,\u201d a White House official told Politico, adding that it \u201cwasn\u2019t an accident\u201d that the indictments were announced before the Helsinki summit.",
            "sentence-index": 20,
            "annotations": [
                {
                    "start": 0,
                    "end": 196,
                    "target": "Donald Trump",
                    "polarity": "Positive",
                    "aim": "Indirect (Opponent)",
                    "indirect-target-name": "Robert Mueller",
                    "indirect-ally-opponent-sentiment": "Negative",
                    "bias": "Informational",
                    "quote": "Yes",
                    "speaker": "Other (Neutral)",
                    "text": "\u201cIt\u2019s a big F-U from [special prosecutor Robert] Mueller,\u201d a White House official told Politico, adding that it \u201cwasn\u2019t an accident\u201d that the indictments were announced before the Helsinki summit."
                }
            ]
        }
    ]
}